LOCID,ECOORD,NCOORD,ELEV
1MW12,392493.157222222,1428463.95833333,1068.46
3LTP,388117.097222222,1424573.45833333,1070
6MW8,389122.287222222,1427865.86833333,1109.5
8GSE01,390184.097222222,1431281.45833333,1035
8GSE02,390290.097222222,1431266.45833333,1030
8GSW01,390524.097222222,1431277.45833333,1023
8GSW02,390290.117222222,1431266.47833333,1030.02
8HAA01,390325.097222222,1431292.45833333,1038
8HAA02,390469.097222222,1431337.45833333,1030
8HAA03,390435.097222222,1431309.45833333,1030
8HAA04,390419.097222222,1431215.45833333,1026
8HAA05,390500.097222222,1431195.45833333,1026
8HAA06,390537.097222222,1431187.45833333,1027
8HAA07,390571.097222222,1431182.45833333,1028
8HAA08,390625.097222222,1431222.45833333,1028
8HAA09,390393.097222222,1431191.45833333,1036
8HAA10,390104.097222222,1431196.45833333,1065
8HAA11,390189.097222222,1431177.45833333,1057
8HAA12,390391.097222222,1431136.45833333,1048
8HAA13,390481.097222222,1431145.45833333,1044
8HAA14,390539.097222222,1431118.45833333,1049
8HAA15,390306.097222222,1431130.45833333,1061
8HAA16,390371.097222222,1431086.45833333,1065
8HAA17,390445.097222222,1431092.45833333,1061
8HAA18,390525.097222222,1431076.45833333,1063
8HAA19,390569.097222222,1431050.45833333,1061
8HAA20,390309.097222222,1430731.45833333,1082
8MWT01,390651.417222222,1431192.20833333,1037
8MWT02,390555.927222222,1431287.45833333,1030
8MWT03,390478.827222222,1431169.04833333,1039
AFFHP001,390081.887222222,1424252.00833333,1040.59
AFFHP002,390157.987222222,1424239.71833333,1040.25
AFFHP003,390224.817222222,1424232.32833333,1040.82
AFFHP004,390291.477222222,1424231.62833333,1041.29
AFFHP005,390358.927222222,1424230.20833333,1040.98
AFFHP006,390425.687222222,1424228.80833333,1041.32
AFFHP007,390493.607222222,1424226.09833333,1040.86
AFFHP008,390488.037222222,1424247.40833333,1040.76
AFFHP009,390478.907222222,1424281.46833333,1040.23
AFFHP010,390301.347222222,1424119.74833333,1045.83
AFFHP011,390294.867222222,1424101.12833333,1046.12
AFFHP012,390270.557222222,1424116.10833333,1044.4
AFFHP013,390177.887222222,1424149.61833333,1040.83
AFFHP014,390124.367222222,1424151.18833333,1040.12
AFFHP015,390074.877222222,1424152.70833333,1038.51
AFFHP016,390290.707222222,1424189.09833333,1040.88
AFFHP017,390216.247222222,1424285.03833333,1040.08
AFFHP018,390294.167222222,1424289.99833333,1040.65
AFFHP019,390361.337222222,1424286.41833333,1040.71
AFFHP020,390428.217222222,1424284.04833333,1040.82
AFFHP021,390164.667222222,1424375.89833333,1032.22
AFFHP022,390468.417222222,1424197.39833333,1041.17
AFFHP023,390512.477222222,1424254.14833333,1040.84
AFFHP024,390330.747222222,1424331.91833333,1037.72
AFFHP025,390147.727222222,1424195.92833333,1039.77
AFFHP026,390230.077222222,1424137.40833333,1041.39
AFFMW01,390528.907222222,1424155.29833333,1045.21
AFFMW02,390472.897222222,1424262.25833333,1041.26
AFFMW03,390268.707222222,1424207.43833333,1041.23
AFFMW04,390163.117222222,1424405.86833333,1031.2
AFFSWSD01,390119.097222222,1424386.45833333,1030
AFFSWSD02,390114.097222222,1424391.45833333,1030
AFP0601-001,391480.509866832,1428478.18163511,1080.04
AFP0601-002,391552.069429461,1428451.61179927,1079.45
AFP0601-003,391516.009650185,1428438.92187682,1080.07
AFP0601-004,391495.209775751,1428571.36106267,1081
AFP0601-005,391585.989221063,1428525.06134831,1075
AFP0601-006,391516.289648149,1428464.90171716,1081
AFP0602-001,393748.176104979,1419625.18607286,1022.13
AFP0602-002,393665.376614095,1419416.56735412,1021.73
AFP0602-003,393909.225119841,1419615.28613565,1023.3
AFP0602-004,393603.676987761,1419724.46546089,1021
AFP0602-005,393625.196868481,1418721.35162681,1118
AFP0602-006,393787.295867,1419515.92674489,1025
AFP0603-001,390358.946730141,1428238.40309476,1107.11
AFP0603-002,390598.615265749,1428112.13387372,1073
AFP0604-001,390412.396386434,1429564.4149466,1108.2
AFP0604-002,390463.656073121,1429546.98505434,1108.16
AFP0604-003,390438.976223531,1429590.21478838,1107.75
AFP0604-004,390440.266215989,1429562.29495998,1110
AFP0605-001,393594.707011359,1422262.17986319,1035
AFP0606-001,394611.190782131,1423159.73435898,1018.01
AFP0606-002,394855.459290142,1422971.97551589,1013.89
AFP0606-003,394716.940138355,1422903.03593793,1014.51
AFP0606-004,395126.527631979,1422966.82555078,1000
AFP0606-005,394726.650077077,1423057.16499076,1020
AFP0607-001,390356.126710089,1431187.17497373,1038.02
AFP0607-002,390481.215945398,1431155.16517199,1039.26
AFP0607-003,390390.936499578,1430997.51613964,1073.31
AFP0607-004,390344.286783503,1431108.14545923,1056
AFP0607-005,390399.736444493,1431097.15552746,1050
AFP0608-001,389840.949902744,1427911.51509717,1103.99
AFP0608-002,389997.968943768,1427795.68581096,1097.08
AFP0608-003,389855.72981393,1427786.4058662101,1096.48
AFP0608-004,390030.748744652,1427685.97648558,1095
AFP0608-005,389919.459423256,1427853.5954541,1101
AFP0609-001,389704.810740542,1427513.64754056,1073
AFP0609-002,390243.707445036,1427448.94794491,1079
AFP0610-001,388572.567700899,1424823.13406131,1061.07
AFP0610-002,388618.437421272,1424748.48452067,1061.38
AFP0610-003,388755.43658089,1424930.44340412,1061.15
AFP0610-004,388797.266326008,1424852.99388064,1061.38
AFP0610-005,383777.927127109,1417622.7382545,1029
AFP0610-006,388685.087012376,1424840.85395383,1063
AFP0611-001,390518.275716653,1431319.57416215,1036
AFP0612-001,391066.712367498,1430898.2367581,1024
AFP0613-001,398535.026823809,1419316.31802802,951
AS-LEAK,389919.247222222,1429636.75833333,1121
B01530,388330.337222222,1428212.59833333,1109.92
B01531,389496.097222222,1428557.09833333,1110.62
B01532,389698.927222222,1429039.91833333,1110.89
B01533,388262.987222222,1430078.95833333,1107.53
B01534,387639.577222222,1429707.89833333,1110.28
B04520,389939.157222222,1430462.84833333,1050
B04539,390390.387222222,1428831.79833333,1109.09
B04540,391062.847222222,1431020.56833333,1028.89
B04541,390201.577222222,1429117.62833333,1108.84
B04542,390538.857222222,1429302.17833333,1109.1
B04543,391429.247222222,1429063.42833333,1100.62
B04544,392045.517222222,1429619.62833333,1090.69
B04545,389804.537222222,1429498.47833333,1107.23
B04546,389977.427222222,1429627.06833333,1109.28
B04547,390026.737222222,1429896.43833333,1104.54
B04548,390158.387222222,1429896.72833333,1108.31
B04549,390259.037222222,1430081.00833333,1096.75
B04550,390541.627222222,1430266.58833333,1072.34
B04551,390509.387222222,1430635.12833333,1075.83
B04552,390782.057222222,1431030.97833333,1056.57
B04553,390873.717222222,1430551.30833333,1042.37
B04557,390809.547222222,1431152.79833333,1055.78
B04558,390928.207222222,1430649.55833333,1040.46
B04559,390878.247222222,1430567.96833333,1041.76
B04560,390890.137222222,1430458.79833333,1047.04
B04561,390890.837222222,1430462.84833333,1046.82
B04562,389932.277222222,1429709.42833333,1107.82
B04563,389909.197222222,1429713.83833333,1107.39
B04564,389891.217222222,1429684.41833333,1107.23
B04565,390006.277222222,1429691.77833333,1108.82
B04570,390053.827222222,1429675.84833333,1108.95
B04571,389944.897222222,1429645.77833333,1107.73
B04572,389945.187222222,1429655.65833333,1107.73
B04573,389944.927222222,1429665.42833333,1107.73
B04574,389945.287222222,1429645.25833333,1107.73
B04575,389976.617222222,1429631.73833333,1109.24
B04576,389971.567222222,1429631.43833333,1109.24
B04577,389976.697222222,1429631.37833333,1109.24
B04578,389966.777222222,1429631.65833333,1109.24
B04579,390009.027222222,1429629.70833333,1109.24
B04580,389936.047222222,1429641.58833333,1107.41
B04581,389935.807222222,1429641.22833333,1107.41
B04582,389935.717222222,1429641.44833333,1107.41
B04583,389935.837222222,1429641.79833333,1107.41
B04584,389941.287222222,1429641.78833333,1107.49
B04585,389937.687222222,1429624.65833333,1107.61
B04586,390000.967222222,1429643.99833333,1109.03
B04589,390037.777222222,1429687.58833333,1108.84
B04590,389930.787222222,1429625.62833333,1107.55
B04591,389930.667222222,1429626.09833333,1107.55
B04592,389930.377222222,1429625.70833333,1107.55
B04600,390150.917222222,1430328.96833333,1096.56
B04600A,390150.927222222,1430328.96833333,1096.56
B04600B,390150.937222222,1430328.96833333,1096.56
B04600C,390150.947222222,1430328.96833333,1096.56
B04600D,390150.957222222,1430328.96833333,1096.56
B04600E,390150.967222222,1430328.96833333,1096.56
B04600F,390150.977222222,1430328.96833333,1096.56
B04601,390331.237222222,1430299.21833333,1093.08
B04601A,390331.247222222,1430299.21833333,1093.08
B04601B,390331.257222222,1430299.21833333,1093.08
B04601C,390331.267222222,1430299.21833333,1093.08
B04601D,390331.277222222,1430299.21833333,1093.08
B04601E,390331.287222222,1430299.21833333,1093.08
B04601F,390331.297222222,1430299.21833333,1093.08
B04601G,390331.307222222,1430299.21833333,1093.08
B04602,390462.017222222,1430242.21833333,1075.74
B04603,390614.097222222,1430298.43833333,1070.79
B04604,389906.687222222,1429548.49833333,1108.66
B04605,389980.397222222,1429757.32833333,1104.82
B04606,390129.747222222,1429915.25833333,1107.65
B04607,390223.607222222,1430066.73833333,1098.01
B04608,389886.537222222,1429676.09833333,1107.09
B04639,389909.257222222,1429576.11833333,1107.75
B04640,390319.437222222,1429937.18833333,1106.07
B04641,390080.727222222,1430086.95833333,1099.83
B04642,390315.657222222,1430396.13833333,1094.09
B04643,389810.797222222,1429486.08833333,1107.31
B04649,390002.687222222,1429811.62833333,1105.45
B04654,390239.597222222,1429854.54833333,1108.01
B04658,390340.767222222,1429919.01833333,1106.55
B04662,390375.997222222,1430017.81833333,1094.23
B04665,390250.817222222,1430149.19833333,1100.86
B04667,390524.607222222,1430033.58833333,1086.93
B04669,390549.307222222,1430258.60833333,1072.61
B04670,390582.017222222,1430272.44833333,1070.43
B04681,391074.847222222,1430948.75833333,1026.81
B04682,391074.847222222,1430948.81833333,1026.81
B04683,391074.797222222,1430948.76833333,1026.81
B04684,391143.047222222,1430875.15833333,1029.29
B04685,391143.057222222,1430875.18833333,1029.29
B04686,391143.007222222,1430875.23833333,1029.29
B04687,391203.747222222,1430807.35833333,1034.66
B04688,391203.767222222,1430807.43833333,1034.66
B04689,391203.717222222,1430807.38833333,1034.67
B04690,391147.357222222,1430905.19833333,1027.26
B04691,391196.787222222,1430856.88833333,1031.78
B04692,391250.327222222,1430807.39833333,1039.87
B04693,391137.947222222,1430937.45833333,1024.68
B04694,391137.927222222,1430937.53833333,1024.68
B04695,391137.977222222,1430937.48833333,1024.68
B04696,391173.647222222,1430903.95833333,1028.48
B04697,391173.667222222,1430904.00833333,1028.48
B04698,391173.617222222,1430903.95833333,1028.48
B04699,391242.247222222,1430840.75833333,1036.08
B04700,391242.227222222,1430840.83833333,1036.08
B04701,391242.277222222,1430840.78833333,1036.08
B04707,391133.737222222,1430914.35833333,1025.8
B04715,391221.777222222,1430829.52833333,1034.85
B04729,390137.437222222,1430332.33833333,1096.76
B04730,390143.587222222,1430330.14833333,1096.76
B04734,391050.217222222,1431001.81833333,1031.91
B04735,391056.417222222,1431005.84833333,1031.92
B04736,391056.177222222,1430999.23833333,1031.32
B04737,391312.527222222,1430738.03833333,1053.68
B04MIP01,389887.197222222,1429574.51833333,1107.57
B04MIP03,389893.037222222,1429590.04833333,1107.51
B04MIP04,389964.817222222,1429737.21833333,1105.61
B04MIP08,389926.087222222,1429580.82833333,1108.01
B04MIP10,389951.837222222,1429739.06833333,1105.65
B04MIP11,389946.157222222,1429683.46833333,1108.53
B04MIP12,390011.897222222,1429682.35833333,1108.76
B04MIP15,389933.797222222,1429604.81833333,1108.08
B102MW-1,389671.947222222,1428071.58833333,1103.1
B102MW-2,390038.087222222,1427785.87833333,1083.06
B102MWB,389805.677222222,1427805.41833333,1083.06
B10518,389407.087222222,1427281.42833333,1091.9
B10520,389567.227222222,1427518.58833333,1078.76
B10522,389889.047222222,1427695.99833333,1093.65
B10524,390245.487222222,1427538.91833333,1058.74
B10525,390244.597222222,1427289.34833333,1054.2
B10526,389963.247222222,1427223.07833333,1084.96
B10527,389857.187222222,1428170.24833333,1105.09
B10528,390621.937222222,1426781.44833333,1077.37
B10587,390936.017222222,1427332.87833333,1046
B1091HP001,389502.677222222,1427876.69833333,1097.13
B1091HP002,389599.467222222,1427845.29833333,1096.72
B1091HP003,389719.987222222,1427777.54833333,1095.57
B1091HP004,389683.297222222,1427703.93833333,1090.73
B1091HP005,389640.547222222,1427672.89833333,1086.19
B1091HP006,389569.487222222,1427679.00833333,1080.76
B1091HP007,389558.877222222,1427643.55833333,1080.86
B10A1,389512.067222222,1427160.65833333,1086.9
B10A2,389788.807222222,1427069.20833333,1083
B10ABHP001,389822.387222222,1427748.63833333,1093.97
B10ABHP002,389889.777222222,1427751.92833333,1095.02
B10ABHP004,389849.537222222,1427657.96833333,1090.01
B10ABHP005,389816.697222222,1427610.17833333,1086.17
B10ABHP007,389909.617222222,1427602.32833333,1091.85
B10ABHP008,389917.997222222,1427552.81833333,1090.96
B10ABHP009,389783.467222222,1427506.57833333,1075.18
B10ABHP010,389929.887222222,1427492.04833333,1089.79
B10ABSD001,389725.837222222,1427533.08833333,1067.98
B10ABSD002,389725.837222222,1427531.08833333,1067.98
B10ABSD003,389725.837222222,1427529.08833333,1067.98
B10B1,389694.517222222,1427187.19833333,1080.32
B10B10,390147.967222222,1427006.83833333,1077.6
B10B11,390238.357222222,1427324.19833333,1054.5
B10B2,389333.027222222,1427120.35833333,1091.08
B10B4,389556.517222222,1427263.28833333,1079.18
B10B5,389498.087222222,1427138.26833333,1087
B10B8,389508.627222222,1427187.75833333,1084.58
B10B9,389493.047222222,1427166.98833333,1088
B10BGHP002,389211.327222222,1427633.05833333,1098.38
B10BGHP003,389277.087222222,1427481.63833333,1095.09
B10BGHP004,389216.427222222,1427497.94833333,1097.77
B10BGHP005,389322.657222222,1427556.74833333,1095.44
B10BPHP001,389567.107222222,1427558.96833333,1079.67
B10BPHP002,389584.937222222,1427562.75833333,1079.05
B10FD,390360.097222222,1427322.45833333,1050
B10MPA,389499.857222222,1427168.30833333,1087.39
B10MPB,389495.647222222,1427176.67833333,1087.01
B10MPC,389491.587222222,1427185.38833333,1086.16
B10MW1,389274.307222222,1428325.74833333,1103.56
B10MW2,389300.647222222,1428194.70833333,1103.7
B10MW3,389367.887222222,1428205.22833333,1104.32
B10MWA,389784.317222222,1427835.20833333,1103.1
B10MWC,389277.747222222,1428326.83833333,1103.6
B10MWD,389944.297222222,1428105.27833333,1103
B10MWL,391012.047222222,1427069.93833333,1040.87
B10MWM,391017.257222222,1427059.84833333,1040.36
B10PIIBH001,389530.927222222,1427557.19833333,1080
B10PIIBH002,389528.827222222,1427543.88833333,1080
B10PIIBH003,389510.707222222,1427552.00833333,1090
B10PIIBH004,389573.207222222,1427532.63833333,1090
B10PIIBH005,389564.857222222,1427519.78833333,1078.77
B10PIIBH006,389527.377222222,1427539.88833333,1082.15
B10PIIBH007,389505.017222222,1427546.71833333,1082.47
B10PIIBH008,389475.827222222,1427566.95833333,1085.29
B10PIIBH009,389493.887222222,1427567.74833333,1083.91
B10PIIBH010,389505.737222222,1427557.72833333,1083.14
B10PIIBH011,389531.687222222,1427560.84833333,1082
B10PIIBH013,389538.097222222,1427589.95833333,1080
B10PIIBH014,389500.597222222,1427614.95833333,1080
B10PIIBH015,389551.097222222,1427544.80833333,1080.18
B10PIIBH016,389547.947222222,1427560.55833333,1080.21
B10PIIBH017,389546.957222222,1427575.72833333,1080.6
B10PIIBH018,389469.627222222,1427466.50833333,1081.09
B10PIIBH019,389531.707222222,1427453.51833333,1079.04
B10PIIBH020,389445.417222222,1427524.30833333,1086.22
B10PIIHP001,389528.287222222,1428001.97833333,1103.36
B10PIIHP002,389444.377222222,1428160.52833333,1104.74
B10PIIHP003,389716.367222222,1428212.53833333,1105.4
B10PIIHP004,389745.277222222,1428287.94833333,1106.81
B10PIIHP005,389851.677222222,1428184.91833333,1105.33
B10PIIHP006,389537.187222222,1427412.69833333,1078.84
B10PIIHP006A,389535.187222222,1427410.69833333,1079
B10PIIHP007,389721.977222222,1427595.62833333,1078.7
B10PIIHP008,390055.207222222,1427612.92833333,1092.13
B10PIIHP009,390080.077222222,1427467.96833333,1088.79
B10PIIHP010,390110.617222222,1427256.92833333,1084.11
B10PIIHP011,390162.917222222,1427539.22833333,1067.1
B10PIIHP012,390188.687222222,1427369.49833333,1063.51
B10PIIHP013,389904.667222222,1427576.90833333,1090
B10PIIHP013A,389898.417222222,1427564.40833333,1090
B10PIIHP014,389878.667222222,1427297.42833333,1087.25
B10PIIHP016,390196.327222222,1427451.90833333,1060
B10PIIHP017,390067.167222222,1427427.94833333,1090
B10PIIHP018,390146.327222222,1427432.11833333,1070
B10PIIHP019,390072.377222222,1427386.27833333,1080
B10PIIHP020,390149.457222222,1427393.56833333,1090
B10PLTDP001,389530.607222222,1427542.43833333,1082.15
B10PLTDP002,389538.587222222,1427542.12833333,1081.57
B10PLTDP007,389520.997222222,1427552.50833333,1082.59
B10PLTDP008,389534.227222222,1427553.60833333,1081.97
B10PLTDP009,389527.517222222,1427539.38833333,1082.24
B10PLTDP011,389537.137222222,1427543.12833333,1081.76
B10PLTDP012,389533.407222222,1427537.66833333,1081.89
B10PLTDP013,389518.567222222,1427543.50833333,1082.4
B10PLTDP014,389542.267222222,1427549.23833333,1081.08
B10PLTDP015,389539.147222222,1427535.03833333,1081.59
B10PLTDP016,389527.757222222,1427557.35833333,1082.34
B10PLTDP017,389547.347222222,1427539.83833333,1080.81
B10PSHP001,389757.477222222,1427705.55833333,1082.72
B10PSHP002,389788.427222222,1427655.32833333,1083.28
B10PSHP003,389738.347222222,1427652.37833333,1080.86
B10SOHP001,389387.207222222,1427916.05833333,1096.86
B10SOHP002,389580.517222222,1427955.50833333,1103.82
B10SOHP003,389908.817222222,1428004.49833333,1102.41
B10SOHP004,390040.137222222,1427868.41833333,1097.99
B10SOHP005,390255.797222222,1427653.52833333,1066.14
B10SOHP006,390613.347222222,1427377.34833333,1049.08
B10SOHP007,390023.027222222,1427505.83833333,1090.08
B10SOHP008,390055.327222222,1427300.11833333,1086.71
B10SOHP009,389749.037222222,1427095.52833333,1083.21
B10SOHP010,389581.687222222,1428061.59833333,1103.72
B10SOHP011,389750.057222222,1428175.02833333,1105.18
B10SOHP012,389996.147222222,1427741.18833333,1094.92
B10SOHP013,389151.457222222,1427553.87833333,1098.96
B10SOHP014,389383.467222222,1428147.09833333,1104.94
B10SOHP015,390192.417222222,1427720.29833333,1069.13
B10SOHP016,390474.947222222,1427622.08833333,1058.17
B10SOHP017,390723.487222222,1426841.43833333,1066.57
B10SOHP019,390773.117222222,1427394.17833333,1049.12
B10SOHP020,391013.867222222,1427025.63833333,1039.82
B10SOHP022,389898.947222222,1427723.33833333,1094.61
B10SPHP001,389572.097222222,1427557.22833333,1079.5
B10SPHP002,389552.077222222,1427536.04833333,1080.23
B10SPHP003,389574.687222222,1427541.97833333,1079.23
B10SPHP004,389583.067222222,1427563.17833333,1079.11
B10SPHP005,389567.197222222,1427586.86833333,1079.81
B10SPHP006,389532.417222222,1427545.96833333,1082.05
B10SPHP007,389499.207222222,1427546.39833333,1083.52
B10SPHP008,389540.027222222,1427519.24833333,1080.9
B10SPHP009,389598.767222222,1427527.80833333,1077.81
B10SPHP010,389560.777222222,1427496.36833333,1078.53
B10SUMP,389406.097222222,1427578.45833333,1090
B10TMW-B1,389510.477222222,1427562.02833333,1083.3
B10TMW-B2,389530.447222222,1427549.43833333,1082.41
B10TMW-B3,389557.857222222,1427519.63833333,1079.85
B10TMW-I1,389523.007222222,1427542.17833333,1082.33
B10TMW-I2,389525.637222222,1427547.35833333,1082.61
B10TMW-I3,389527.507222222,1427553.04833333,1082.51
B10TMW-I4,389533.487222222,1427551.40833333,1082.04
B10TMW-I5,389535.237222222,1427544.14833333,1082.04
B10TMW-I6,389531.937222222,1427538.98833333,1082.03
B10TMW-P1,389532.977222222,1427555.43833333,1082.16
B10TMW-P2,389536.567222222,1427540.87833333,1081.93
B10TMW-P3,389526.317222222,1427541.11833333,1082.25
B10TMW-P4,389522.937222222,1427552.69833333,1082.69
B10TMW-P5,389530.837222222,1427545.39833333,1082.27
B10TMW-P6,389550.507222222,1427548.89833333,1080.36
B10TMW-P7,389545.297222222,1427525.49833333,1081
B10TMW-P8,389514.517222222,1427563.75833333,1083.06
B10TMW-W1,389531.727222222,1427555.01833333,1082.17
B10TMW-W2,389544.777222222,1427561.78833333,1080.76
B10TMW-W3,389553.847222222,1427536.22833333,1080.26
B10TMW-W4,389538.537222222,1427522.83833333,1081.19
B10TMW-W5,389495.997222222,1427546.44833333,1082.87
B10TMW-W6,389509.277222222,1427562.96833333,1083.35
B10VW1,389503.887222222,1427157.82833333,1086.82
B10WS001,390247.667222222,1427464.91833333,1047.44
B10WS002,390413.127222222,1427278.16833333,1045.32
B10WS003,390430.267222222,1427299.15833333,1042.33
B10WS004,392028.847222222,1426894.46833333,1009.67
B10WTHP001,389789.787222222,1427927.72833333,1105.4
B10WTHP002,389843.657222222,1427915.50833333,1103.61
B10WTHP003,389873.347222222,1427861.14833333,1100.92
B10WTHP004,389803.717222222,1427867.61833333,1104.07
B10WTHP005,389777.707222222,1427851.26833333,1104.09
B10WTHP006,389734.727222222,1427863.14833333,1105.01
B10WTHP007,389428.237222222,1427653.57833333,1090.31
B10WTHP008,389489.727222222,1427633.26833333,1083.54
B10WTHP009,389557.817222222,1427615.51833333,1080.65
B10WTHP010,389611.967222222,1427614.82833333,1079.26
B10WTHP011,389679.387222222,1427606.33833333,1079.62
B10WTHP012,389336.877222222,1427506.55833333,1094.04
B10WTHP013,389312.927222222,1427432.31833333,1092.62
B10WTHP014,389237.647222222,1427317.65833333,1095.46
B10WTHP015,389288.507222222,1427304.05833333,1094.27
B10WTHP016,389321.547222222,1427355.43833333,1086.02
B10WTHP017,389340.097222222,1427282.76833333,1093.3
B10WTHP018,389400.767222222,1427290.25833333,1092.13
B10WTHP019,389475.477222222,1427270.62833333,1089.87
B10WTHP020,389545.017222222,1427326.15833333,1079.57
B10WTHP021,389534.637222222,1427368.29833333,1079.91
B10WTHP023,389564.307222222,1427302.59833333,1079.06
B10WTHP024,389359.427222222,1427583.97833333,1094.01
B10WTHP025,389722.167222222,1427821.00833333,1093.99
B10WTHP026,389829.217222222,1427824.13833333,1100.34
B10WTHP027,389928.787222222,1427896.65833333,1098.97
B10WTHP028,389875.747222222,1427941.89833333,1102.55
B10WTHP029,389686.677222222,1428066.16833333,1106.15
B10WTHP030,389916.027222222,1427828.43833333,1097.14
B10WTHP031,389420.527222222,1427533.92833333,1087.89
B10WTHP032,389373.077222222,1427449.78833333,1089.28
B30HP001,390033.337222222,1430126.27833333,1102.95
B30HP003,390095.997222222,1430119.00833333,1098.86
B30HP005,390031.327222222,1430109.17833333,1103.08
B30HP006,390057.447222222,1430106.43833333,1098.89
B30HP007,390090.587222222,1430101.84833333,1099.26
B30HP008,390102.577222222,1430099.67833333,1099.19
B30HP009,390029.767222222,1430093.13833333,1102.8
B30HP013,390033.347222222,1430076.93833333,1102.24
B30HP014,390051.817222222,1430073.42833333,1099.53
B30HP016,390090.597222222,1430069.78833333,1099.86
B30HP017,390039.507222222,1430145.73833333,1102.99
B30HP018,390071.407222222,1430142.51833333,1098.7
B30HP020,390117.697222222,1430132.43833333,1098.3
B30HP021,389981.427222222,1430174.99833333,1103.32
B30HP022,390039.397222222,1430168.54833333,1103.07
B30HP023,390073.637222222,1430168.46833333,1098.16
B30HP024,390107.727222222,1430164.56833333,1097.86
B30HP025,390128.997222222,1430159.50833333,1097.69
B30HP026,390023.327222222,1430043.36833333,1102.45
B30HP027,390063.797222222,1430039.35833333,1100.45
B30HP028,390087.277222222,1430034.92833333,1100.77
B30HP029,390116.997222222,1430048.02833333,1100.06
B30HP030,390070.437222222,1430199.60833333,1098.44
B30HP031,390103.167222222,1430193.02833333,1097.62
B30HP032,390138.677222222,1430188.97833333,1097.35
B30HP033,390172.277222222,1430184.75833333,1097.37
B30HP034,390078.987222222,1430315.09833333,1096.08
B30HP035,389998.507222222,1430233.55833333,1101.97
B30HP036,389998.467222222,1430100.00833333,1103.76
B31HP001,390314.557222222,1430855.12833333,1080.28
B31HP002,390338.117222222,1430865.27833333,1079.53
B31HP003,390272.607222222,1430897.31833333,1080.53
B3AREA1,389799.097222222,1429062.45833333,1110
B3AREA2,389884.097222222,1429036.45833333,1110
B3AREA3,389889.097222222,1429136.45833333,1110
B3AREA4,389919.097222222,1429236.45833333,1110
B3FLOOR,389939.097222222,1429336.45833333,1110
B3SUMP,389919.097222222,1429416.45833333,1110
B44ASSVE-EFF,390252.587222222,1430315.00833333,1094
B44ASSVE-INF,390166.717222222,1428706.40833333,1094
B44ASSVE-MID,390221.237222222,1428683.04833333,1094
B4MWA,391077.197222222,1429165.20833333,1103.8
B4MWAA,390220.737222222,1431458.04833333,1071.48
B4MWBB,389954.407222222,1430410.82833333,1093.7
B4MWD,390219.097222222,1430556.45833333,1080
B4MWDD,391973.227222222,1429387.30833333,1095.67
B4MWE,389668.767222222,1430780.96833333,1095.34
B4MWF,389670.117222222,1430787.68833333,1092.07
B4MWFF,391768.327222222,1429858.36833333,1099.26
B4MWH,390525.467222222,1430409.03833333,1074.9
B4MWHH,391055.587222222,1429861.53833333,1103.13
B4MWHH-A,391055.687222222,1429861.37833333,1103.13
B4MWHH-B,391055.697222222,1429861.37833333,1103.13
B4MWI,390536.577222222,1430398.66833333,1074.6
B4MWIA,390536.427222222,1430399.88833333,1076.69
B4MWIB,390536.437222222,1430399.88833333,1076.69
B4MWIC,390536.447222222,1430399.88833333,1076.69
B4MWQ,390661.327222222,1430827.91833333,1062.3
B4MWT,390011.467222222,1429647.70833333,1109.1
B4MWU,390283.797222222,1430167.61833333,1095.5
B4MWV,390730.547222222,1429427.00833333,1107.4
B4MWZ,390194.097222222,1431036.45833333,1080
B4PIIHP001,390624.357222222,1429570.75833333,1107.3
B4PIIHP002,390620.337222222,1429311.62833333,1108.18
B4PIIHP003,390897.877222222,1429512.36833333,1106.34
B4PIIHP004,390953.337222222,1429128.42833333,1104.64
B4PIIHP005,391112.207222222,1429079.07833333,1102.68
B4PIIHP006,391176.487222222,1429125.29833333,1102.66
B4PIIHP007,390993.117222222,1429301.64833333,1104.64
B4PIIHP008,390915.817222222,1429688.02833333,1104.77
B4PIIHP009,390833.447222222,1429714.05833333,1104.68
B4PIIHP010,390856.037222222,1429792.21833333,1104.15
B4PIIHP011,390924.437222222,1429781.40833333,1104.02
B4PIIHP012,391043.067222222,1429740.11833333,1103.67
B4PIIHP013,390980.547222222,1429854.33833333,1103.35
B4PIIHP014,391065.917222222,1429851.39833333,1102.75
B4PIIHP015,390197.797222222,1430396.84833333,1092.66
B4PIIHP016,390139.057222222,1430744.53833333,1088.06
B4PIIHP017,390074.827222222,1430796.53833333,1088.68
B4PIIHP018,390049.937222222,1430961.27833333,1087.35
B4PIIHP018A,390053.937222222,1430961.27833333,1087.35
B4PIIHP019,390276.227222222,1430963.96833333,1077.22
B4PIIHP020,391049.067222222,1429885.73833333,1102.89
B4PIIHP021,391094.177222222,1429815.01833333,1102.67
B4PIIHP022,390931.337222222,1429942.48833333,1080.25
B4PIIHP023,391049.977222222,1429963.53833333,1082.81
B4PIIHP024,391140.887222222,1429800.83833333,1102.72
B4PIIHP025,389041.967222222,1430559.95833333,1100.83
B4PIIHP026,389085.607222222,1430490.21833333,1101
B4PIIHP027,389155.947222222,1430525.22833333,1100.18
B4PIIHP028,389118.827222222,1430604.25833333,1099.88
B4PIIHP032,389098.017222222,1430544.55833333,1100.54
B4PIIHP033,391246.997222222,1430772.36833333,1030
B4PIIHP034,391146.387222222,1430907.90833333,1030
B4PIIHP035,390253.487222222,1431040.64833333,1030
B4PIIHP036,390179.427222222,1431053.22833333,1030
B4SO001,390279.097222222,1430546.45833333,1050
B4SO002,390299.097222222,1430556.45833333,1050
B4SPILL,390309.097222222,1430566.45833333,1050
B4WS001,390527.577222222,1431312.36833333,1028.48
B4WS002,391119.277222222,1430942.74833333,1023.51
B4WS003,391860.097222222,1430017.30833333,1088.79
B4WS004,389929.787222222,1429950.51833333,1101.9
B4WS005,389652.557222222,1429732.63833333,1105.47
B4WS006,389709.217222222,1429678.64833333,1105.88
B4WS007,389922.987222222,1429836.66833333,1103.66
B4WS008,389808.507222222,1429727.80833333,1105.11
B4WS009,390269.097222222,1430536.45833333,1090
B4WS010,391596.167222222,1429991.80833333,1100
B4WS011,391543.057222222,1430090.51833333,1099.01
B4WS012,391452.127222222,1430289.06833333,1080.27
B58HP001,391745.657222222,1430163.49833333,1099.38
B58HP002,391731.497222222,1430156.22833333,1099.94
B58HP003,391716.617222222,1430148.65833333,1100.44
B58HP004,391693.057222222,1430168.79833333,1100.38
B58HP005,391675.057222222,1430178.12833333,1100.35
B58HP006,391646.257222222,1430185.29833333,1100.05
B58HP007,391654.387222222,1430167.14833333,1100.57
B58HP008,391623.767222222,1430174.71833333,1100.11
B58HP012,391570.567222222,1430148.35833333,1100.07
B58HP013,391579.437222222,1430133.92833333,1100.43
B58HP014,391549.587222222,1430126.98833333,1099.88
B58HP015,391563.037222222,1430105.61833333,1100.22
B58HP016,391573.307222222,1430093.13833333,1100.61
B58HP017,391524.887222222,1430067.23833333,1099.43
B58HP018,391644.067222222,1429895.68833333,1100.53
B58HP019,391659.267222222,1429866.74833333,1100.32
B58HP020,391708.817222222,1429770.90833333,1099.53
B58HP021,391746.747222222,1429734.24833333,1099.14
B58HP022,391777.397222222,1429804.33833333,1099.52
B58HP023,391662.237222222,1429751.08833333,1099.4
B58HP024,391692.567222222,1429810.90833333,1099.89
B58HP025,391723.167222222,1429898.05833333,1100.37
B58HP026,391618.917222222,1429845.02833333,1100.53
B58HP027,391557.147222222,1430058.16833333,1099.31
B58HP028,391475.407222222,1430119.71833333,1099.63
B58HP029,391476.157222222,1430168.74833333,1090.45
B58HP030,391531.357222222,1430175.17833333,1091.31
B58HP031,391599.757222222,1430211.86833333,1092.62
B58HP032,391647.107222222,1430229.48833333,1094.5
B58HP033,391701.087222222,1430207.81833333,1097.61
B58HP034,391759.577222222,1430123.14833333,1099.45
B58HP035,391718.327222222,1430236.30833333,1097.01
B58HP036,391586.657222222,1430243.04833333,1091.03
B58HP037,391516.977222222,1430210.93833333,1089.39
B58HP038,391419.137222222,1430132.39833333,1092.5
B58HP039,391427.727222222,1430079.96833333,1100.58
B58HP041,391538.727222222,1430305.00833333,1081.3
B58HP042,391650.597222222,1430336.04833333,1083.4
B58SLHP001,391283.337222222,1430568.46833333,1060.91
B58SLHP002,391269.507222222,1430598.57833333,1054.82
B58SLHP003,391310.847222222,1430578.72833333,1058.42
B58SLHP004,391296.147222222,1430599.67833333,1053.76
B58SLHP005,391275.157222222,1430558.02833333,1062.37
B58SLHP006,391266.107222222,1430579.27833333,1059.23
B6,390656.057222222,1427062.07833333,1064.63
B7699HP001,390210.537222222,1429882.62833333,1108.22
B7699HP002,390225.827222222,1430029.37833333,1097.58
B7699HP005,390281.227222222,1430069.64833333,1095.86
B7699HP006,390281.757222222,1430027.82833333,1096.18
B7699HP009,390351.767222222,1430078.04833333,1088.92
B7699HP010,390355.327222222,1430021.53833333,1094.56
B7699HP011,390168.507222222,1429979.85833333,1105.55
B7699HP012,390211.847222222,1429933.07833333,1106.5
B7699HP015,390261.367222222,1429969.30833333,1105.36
B7699HP019,390370.187222222,1429932.46833333,1105.94
B7699HP020,390395.317222222,1429866.20833333,1106.85
B7699HP021,390412.237222222,1429907.39833333,1105.6
B7699HP022,390431.117222222,1429854.60833333,1106.76
B7699HP023,390444.927222222,1429908.43833333,1105.43
B7699HP024,390231.957222222,1429869.23833333,1108.21
B7699HP025,390284.387222222,1429844.62833333,1107.43
B7699HP027,390375.067222222,1429819.67833333,1106.99
B7699HP028,390218.547222222,1429812.68833333,1108.35
B7699HP030,390306.737222222,1429784.59833333,1106.33
B7699HP031,390311.507222222,1429755.28833333,1106.95
B7699HP032,390449.317222222,1429784.12833333,1106.8
B7699HP033,390482.047222222,1429895.69833333,1105.39
B7699HP034,390494.977222222,1429997.67833333,1090.79
B7699HP035,390450.847222222,1430079.44833333,1079.57
B7699HP036,390237.947222222,1430116.76833333,1097.64
B7699HP037,390315.477222222,1430145.49833333,1093.68
B7699HP038,390388.187222222,1430193.74833333,1079.68
B7699HP039,390518.237222222,1429874.74833333,1105.41
B7699HP040,390543.417222222,1430266.80833333,1072.74
B76DWHP007,389959.647222222,1429828.18833333,1103.71
B76DWHP010,390069.257222222,1429940.85833333,1105.9
B76HP004,390064.377222222,1429654.57833333,1109.04
B76HP012,390049.337222222,1429606.80833333,1109.42
B76HP024,390027.277222222,1429535.12833333,1109.64
B76HP031,389752.387222222,1429514.76833333,1107.48
B76HP032,389774.897222222,1429673.17833333,1105.9
B76HP034,389763.177222222,1429759.71833333,1105.16
B76HP035,389874.027222222,1429793.60833333,1104.21
B76HP036,389903.727222222,1429919.31833333,1103.94
B76HP037,389956.107222222,1429956.22833333,1103.29
B76HP038,390106.647222222,1429471.54833333,1109.39
B76HP039,390136.497222222,1429589.29833333,1109.15
B76HP040,390152.687222222,1429641.19833333,1108.41
B76HP041,390259.807222222,1429572.11833333,1107.88
B76HP042,390163.687222222,1429685.08833333,1107.87
B76HP043,390195.307222222,1429714.41833333,1108.13
B76HP044,390088.807222222,1429352.60833333,1109.58
B76HP045,390230.687222222,1429400.72833333,1108.26
B76HP046,389598.577222222,1429707.29833333,1107.79
B76HP047,389697.507222222,1428983.16833333,1110.08
B76HP048,389985.967222222,1429019.34833333,1109.35
B76HP049,389668.087222222,1430782.56833333,1095.99
B76HP050,389360.787222222,1429802.65833333,1106.84
B76HP051,390222.947222222,1429268.59833333,1108.5
B76HP052,389570.987222222,1430113.24833333,1102.1
B76HP053,389774.887222222,1430291.28833333,1101.4
B76SLHP001,390158.497222222,1430155.48833333,1097.88
B76SLHP002,390146.287222222,1430124.28833333,1098.44
B76SLHP003,390137.027222222,1430102.15833333,1098.88
B76SLHP004,390126.897222222,1430075.52833333,1099.37
B76SO01,389879.097222222,1429436.45833333,1107
B76SO02,389899.097222222,1429456.45833333,1107
B76SVE-EFF,389941.227222222,1429570.21833333,1108.5
B76SVE-INF,389937.807222222,1429292.26833333,1109.85
B76SVE-MID,389934.337222222,1429572.25833333,1108.2
B76SVE02,389819.097222222,1429536.45833333,1107
B76SVE03,389829.097222222,1429536.45833333,1107
B76SVE04,389839.097222222,1429536.45833333,1107
B80HP001,392034.127222222,1429439.33833333,1092.46
B80HP002,392043.647222222,1429408.59833333,1090.77
B80HP003,391985.547222222,1429393.29833333,1095.32
B80HP004,391999.317222222,1429404.75833333,1094.37
B80HP005,392001.637222222,1429432.98833333,1093.27
B80HP006,391912.067222222,1429307.37833333,1093.54
B80HP007,392005.217222222,1429353.79833333,1091.61
B80HP008,391819.167222222,1429319.97833333,1097.05
B80HP009,391905.287222222,1429448.16833333,1097.2
B80HP010,391900.777222222,1429533.75833333,1097.54
B80HP011,391738.727222222,1429397.03833333,1097.82
B80HP012,391987.807222222,1429499.53833333,1093.06
B80HP013,391953.367222222,1429570.72833333,1093.79
B80HP014,391856.997222222,1429273.40833333,1092.55
B90529,392334.097222222,1426637.28833333,1049.23
B90554,392144.047222222,1428766.66833333,1064.52
B90A,392456.127222222,1428536.86833333,1069.2
B90B,392533.857222222,1428465.29833333,1068.03
B90B08,392575.877222222,1427464.75833333,NA
B90B1,392593.577222222,1428317.15833333,1065.04
B90B10,392493.907222222,1427349.22833333,1027
B90B2,392258.277222222,1428013.10833333,1052.53
B90B3,392414.587222222,1427965.05833333,1051.15
B90B4,392582.107222222,1427966.70833333,1050.38
B90B5,392527.817222222,1428569.80833333,1071.62
B90B6,392797.847222222,1428097.15833333,1055.62
B90B7,392372.227222222,1428606.33833333,1065.5
B90B8,392573.577222222,1427462.93833333,1020.4
B90B9,392799.137222222,1427664.08833333,1045.21
B90BR1,392370.347222222,1428427.63833333,1066.21
B90BR2,392365.067222222,1427802.70833333,1029.4
B90BR3,392388.067222222,1427800.19833333,1030.3
B90C,392554.487222222,1428450.59833333,1066.04
B90D,392562.947222222,1428422.13833333,1066.17
B90D1,392333.137222222,1427827.77833333,1029.48
B90D2,392685.487222222,1427913.68833333,1040.25
B90D3,392168.307222222,1427851.59833333,1035.63
B90D4,392553.147222222,1427728.66833333,1032.6
B90D5,392775.967222222,1427922.23833333,1052.58
B90D5R,392775.897222222,1427922.15833333,1044.6
B90D6,393011.127222222,1428077.01833333,1042.51
B90D7,392882.407222222,1427448.56833333,1035.7
B90E1,392847.987222222,1428512.60833333,1052.6
B90E2,393276.997222222,1428095.30833333,1031.7
B90E3,393711.847222222,1427430.25833333,997.6
B90E4,392193.017222222,1427587.80833333,1057.3
B90E5,391885.447222222,1427902.30833333,1074.5
B90E6,391910.067222222,1428283.58833333,1066.38
B90E7,392383.687222222,1427664.19833333,1020.5
B90E8,392249.107222222,1427846.16833333,1029.28
B90E9,392362.097222222,1427650.46833333,1021.7
B90E9A,392363.997222222,1427650.72833333,1023.7
B90FD,392534.097222222,1427419.45833333,1020
B90GAHP001,391987.327222222,1427928.37833333,1068.43
B90GAHP002,391954.377222222,1427945.59833333,1072.77
B90GAHP003,391929.407222222,1428023.35833333,1074.18
B90GAHP004,392115.367222222,1428213.39833333,1050.91
B90GAHP005,392084.597222222,1428287.23833333,1049.43
B90GAHP006,391939.487222222,1428190.79833333,1068.65
B90GAHP007,392857.277222222,1428274.71833333,1053.26
B90GAHP008,392774.597222222,1428200.60833333,1059.83
B90GAHP009,392727.207222222,1428276.92833333,1060.3
B90GAHP010,392700.967222222,1428330.20833333,1062.28
B90GAHP011,392685.597222222,1428377.09833333,1063.84
B90GAHP012,392607.577222222,1428530.10833333,1064.62
B90MWA,392101.977222222,1428023.01833333,1064.4
B90MWB,392553.057222222,1427734.26833333,1033.6
B90MWD,392748.977222222,1427397.94833333,1021
B90MWE,391965.917222222,1428618.23833333,1069.1
B90MWG,392785.417222222,1427381.33833333,1020.8
B90MWGA,392675.577222222,1427463.89833333,1021.7
B90MWH,392782.137222222,1427821.67833333,1048.1
B90MWI,392145.327222222,1428831.73833333,1066.47
B90MWJ,393116.737222222,1427799.12833333,1046.8
B90MWK,393006.837222222,1427048.80833333,1004.92
B90MWL,393006.047222222,1427057.45833333,1004.72
B90N2,392112.027222222,1428022.20833333,1064.19
B90PIIBH001,392448.767222222,1427294.22833333,1034.1
B90PIIBH002,392521.387222222,1427236.70833333,1028.91
B90PIIBH003,392678.327222222,1427177.89833333,1017.99
B90PIIBH004,392750.917222222,1427407.45833333,1021.36
B90PIIBH005,392848.877222222,1427702.18833333,1049.41
B90PIIBH006,392849.097222222,1427704.45833333,1060
B90PIIHP001,391893.367222222,1428480.40833333,1060.92
B90PIIHP002,391847.957222222,1428405.04833333,1061.37
B90PIIHP003,391819.977222222,1428190.71833333,1077.97
B90PIIHP004,391800.997222222,1428027.73833333,1075.2
B90PIIHP005,391938.997222222,1427868.79833333,1065.97
B90PIIHP006,392122.707222222,1427840.33833333,1040.05
B90PIIHP007,392211.747222222,1427826.61833333,1032
B90PIIHP008,392351.907222222,1427767.65833333,1026.34
B90PIIHP009,392291.697222222,1427836.93833333,1028.66
B90PIIHP010,392265.797222222,1428002.18833333,1051.64
B90PIIHP011,392208.997222222,1428266.96833333,1055.71
B90PIIHP012,391990.027222222,1428405.08833333,1054.22
B90PIIHP013,392216.247222222,1427848.46833333,1031.63
B90PIIHP014,392365.837222222,1427824.73833333,1029.18
B90PIIHP015,392355.757222222,1427720.20833333,1022.57
B90PIIHP016,392635.727222222,1428692.97833333,1074.17
B90PIIHP017,392711.557222222,1428680.29833333,1068.91
B90PIIHP018,392677.147222222,1428648.26833333,1068.8
B90PIIHP019,392614.637222222,1428779.58833333,1075.32
B90PIIHP020,392311.767222222,1427782.05833333,1060
B90PSHP001,392478.597222222,1428451.19833333,1068.66
B90PSHP002,392507.687222222,1428457.78833333,1067.5
B90PSHP003,392533.407222222,1428479.20833333,1068.76
B90PSHP004,392531.857222222,1428491.77833333,1069.35
B90PSHP005,392517.977222222,1428514.14833333,1069.53
B90PSHP006,392515.537222222,1428546.09833333,1069.03
B90PSHP007,392485.897222222,1428541.50833333,1068.89
B90PSHP008,392495.927222222,1428510.70833333,1069.5
B90PSHP009,392459.637222222,1428506.07833333,1069.62
B90PSHP010,392463.207222222,1428464.07833333,1069.31
B90PZ1,392686.277222222,1427802.85833333,1037.53
B90RW1,392593.857222222,1427809.92833333,1037.15
B90RW2,392688.827222222,1427875.09833333,1040.45
B90RW3A,392761.817222222,1427913.58833333,1043.73
B90SIHP001,392296.687222222,1428237.26833333,1059.25
B90SIHP004,392265.057222222,1428091.36833333,1055.87
B90SIHP006,392295.807222222,1427972.65833333,1052.18
B90SIHP007,392328.067222222,1427960.82833333,1052.46
B90SIHP008,392385.187222222,1427981.82833333,1052.07
B90SIHP009,392463.197222222,1427959.24833333,1050.93
B90SIHP011,392553.337222222,1427967.76833333,1050.21
B90SIHP013,392700.497222222,1427981.02833333,1044.14
B90SIHP015,392710.877222222,1428052.90833333,1051.65
B90SIHP017,392710.387222222,1428118.60833333,1057.75
B90SIHP019,392714.107222222,1428209.53833333,1060.72
B90SIHP021,392627.077222222,1428250.22833333,1061.55
B90SIHP022,392821.947222222,1428096.23833333,1054.02
B90SIHP023,392330.357222222,1427805.76833333,1028.5
B90SLHP003,391829.247222222,1428064.39833333,1075.23
B90SLHP004,391882.897222222,1428411.50833333,1059.96
B90SO001,392335.847222222,1427792.55833333,1027.6
B90SO002,392216.477222222,1427845.82833333,1032
B90SOHP001,392671.187222222,1428724.55833333,1072.21
B90SOHP002,393012.787222222,1428379.93833333,1043.33
B90SOHP003,392975.167222222,1427401.52833333,1028.91
B90SOHP004,392657.167222222,1427139.37833333,1019.21
B90SOHP005,392023.327222222,1427723.09833333,1063.92
B90SOHP006,391714.647222222,1427825.34833333,1061.09
B90SOHP007,391763.527222222,1428161.61833333,1080.06
B90SOHP008,392275.927222222,1428733.95833333,1062.98
B90SOHP009,391517.747222222,1427967.35833333,1053.91
B90SOHP012,391452.057222222,1427695.10833333,1061.62
B90SOHP013,391815.047222222,1427509.07833333,1047.26
B90SOHP014,392105.217222222,1427367.12833333,1049.38
B90STHP001,392674.397222222,1428718.92833333,1072.43
B90STHP002,392613.587222222,1428466.19833333,1065.6
B90STHP003,392560.657222222,1428357.73833333,1065.94
B90STHP004,392651.697222222,1428387.13833333,1064.45
B90STHP005,392661.957222222,1428469.69833333,1063.99
B90STHP006,392660.417222222,1428553.31833333,1060.84
B90STHP007,392615.347222222,1428570.70833333,1065.84
B90STHP008,392440.117222222,1428392.85833333,1066.54
B90WS001,392278.357222222,1427804.34833333,1022.15
B90WS002,392306.257222222,1427764.53833333,1019.77
B90WS003,393292.797222222,1427925.88833333,1017.6
B90WS004,393771.487222222,1427184.44833333,974.45
B96HWHP001,390388.617222222,1430616.00833333,1080.62
B96HWHP002,390408.907222222,1430603.45833333,1080.77
B96HWHP003,390403.477222222,1430647.04833333,1078.58
B96HWHP004,390448.917222222,1430623.10833333,1076.93
B96HWHP005,390495.757222222,1430602.14833333,1076.69
B96HWHP006,390463.867222222,1430640.35833333,1075.91
B96HWHP007,390442.257222222,1430665.38833333,1075.72
B96HWHP008,390456.907222222,1430685.73833333,1074.5
B96HWHP009,390517.137222222,1430690.42833333,1073.23
B96HWHP010,390553.717222222,1430693.71833333,1068.53
B96HWHP011,390578.407222222,1430692.38833333,1065.35
B96HWHP012,390470.757222222,1430663.39833333,1074.85
B96SRHP005,390633.397222222,1430978.48833333,1061.34
B96SRHP015,390602.297222222,1430894.08833333,1064.05
B96SRHP017,390493.397222222,1430885.24833333,1073.41
B96SRHP020,390587.647222222,1430854.10833333,1065.46
B96SRHP021,390644.757222222,1430870.76833333,1062.67
B96SRHP022,390641.247222222,1430842.09833333,1062.84
B96SRHP023,390607.777222222,1430825.53833333,1064.7
B96SRHP024,390641.837222222,1430797.96833333,1062.61
B96SRHP025,390655.367222222,1430823.17833333,1062.55
B96SRHP026,390673.977222222,1430844.50833333,1062.37
B96SRHP027,390499.667222222,1430818.85833333,1073.71
B96SRHP028,390441.927222222,1430760.44833333,1076.12
B96SRHP029,390374.377222222,1430664.36833333,1079.08
B96SRHP030,390324.077222222,1430740.77833333,1080.88
B96SRHP031,390371.247222222,1430555.52833333,1082.69
B96SRHP034,389954.747222222,1430410.75833333,1093.72
B96SRHP035,390693.577222222,1430810.73833333,1056.89
B96SRHP038,390715.397222222,1430852.99833333,1059.63
B96SRHP039,390693.387222222,1430878.03833333,1062.65
B96SRHP040,390725.377222222,1430917.60833333,1059.35
B96SRHP042,390783.197222222,1430868.55833333,1051.83
B96SRHP043,390747.097222222,1430836.45833333,1050
B96SRHP045,390425.307222222,1430352.54833333,1076.12
B96SRHP048,390225.857222222,1430367.51833333,1093.57
B96SRHP049,390301.957222222,1430585.15833333,1089.31
B96SRHP050,390214.677222222,1430753.68833333,1086.57
B96SRHP051,390109.507222222,1430899.84833333,1087.16
B96SRHP052,390853.207222222,1431005.01833333,1056.57
B96SRHP053,389982.197222222,1431513.66833333,1083.3
BGHP001,388205.927222222,1431939.06833333,1097.14
BGHP002,387387.937222222,1431466.91833333,1080.37
BGHP003,387055.067222222,1430236.50833333,1122.97
BGHP004,387031.347222222,1428656.75833333,1137.94
BGHP005,387276.117222222,1427132.14833333,1102.11
BGHP006,392836.037222222,1427867.38833333,1052.59
BR01,390320.01272516,1429889.99961132,1191.921
BR02,390496.248646058,1429981.18405315,1085.607
BR03,390467.783817441,1430196.49672966,1072.186
BR04,390975.770701171,1430925.50425609,1030.102
BR05,391044.150283221,1430902.5313981,1033.401
BR06,391034.660340534,1430960.91303922,1033.728
BR07,391127.027777102,1430839.39078714,1034.435
BR08,391154.635608117,1430849.36472618,1032.618
BR09,390168.185654288,1429852.86083765,1102.423
BR10,390785.152872149,1430522.18573218,1045.029
BSSD01,387506.837222222,1433578.12833333,1051.47
BSSD02,387690.957222222,1433278.64833333,1048.91
BSSD03,387937.427222222,1433036.55833333,1046.77
BSSD04,389472.987222222,1432743.85833333,1029.39
BSSD05,390919.717222222,1433283.20833333,1017.96
BSSD06,392086.477222222,1422201.17833333,1000.09
BSSD07,392229.127222222,1422038.67833333,998.18
BSSD08,392618.567222222,1422019.93833333,999.28
BSSD09,393973.257222222,1418540.82833333,986.28
BSSD10,394207.237222222,1418289.71833333,978.57
BSSO01,386773.737222222,1431643.37833333,1073.25
BSSO02,387569.397222222,1432083.35833333,1060.2
BSSO03,387912.637222222,1431037.96833333,1108.12
BSSO04,387256.747222222,1429209.82833333,1107.55
BSSO05,386872.677222222,1428961.50833333,1139.96
BSSO06,386200.087222222,1427353.05833333,1088.77
BSSO07,395830.317222222,1425876.91833333,989.36
BSSO08,394025.427222222,1418320.83833333,999.39
BSSO10,396950.867222222,1419360.14833333,984.85
BSSO11,394051.187222222,1428698.29833333,1030.26
BSSO12,395712.387222222,1428761.20833333,953.18
BSSO13,395304.907222222,1428969.42833333,968.32
BSSO14,394487.727222222,1428311.70833333,1015.61
BSSO15,393794.307222222,1427875.79833333,1023.41
BSSO16,394484.877222222,1427700.39833333,1018.57
BSSO17,394858.717222222,1427119.11833333,974.73
BSSO18,394362.127222222,1426282.78833333,969.38
BSSO19,395547.957222222,1426475.30833333,973.46
BSSO20,395773.757222222,1426190.23833333,986.6
BSSO21,397446.067222222,1426324.49833333,987.43
BSSO22,396749.827222222,1425722.80833333,976.91
BSSO23,399089.657222222,1424302.86833333,1010.65
BSSO24,394038.537222222,1419186.34833333,1020.12
BSSO25,395009.137222222,1418687.10833333,991.69
BSSO26,398332.687222222,1421865.77833333,967.29
BSSO27,394925.017222222,1420134.42833333,1024.05
BSSO28,397402.347222222,1418626.54833333,963.5
C130HP001,390686.877222222,1429408.82833333,1107.96
C130HP002,390676.837222222,1429364.81833333,1107.94
C130HP003,390670.257222222,1429341.12833333,1108
C130HP004,390660.957222222,1429313.09833333,1108.07
C130HP005,390654.747222222,1429293.02833333,1108.07
C130HP006,390691.137222222,1429281.56833333,1107.75
C130HP007,390724.817222222,1429422.87833333,1107.54
C130HP008,390705.727222222,1429431.02833333,1107.68
C130HP009,390723.997222222,1429436.39833333,1107.49
C130HP010,390746.307222222,1429429.07833333,1107.37
C130HP011,390696.037222222,1429393.77833333,1107.81
C130HP012,390725.907222222,1429398.15833333,1107.57
C130HP013,390757.507222222,1429418.01833333,1107.26
C130HP014,390702.267222222,1429367.83833333,1107.73
C130HP015,390736.377222222,1429371.87833333,1107.45
C130HP016,390774.667222222,1429375.08833333,1107.2
C130HP017,390699.547222222,1429344.87833333,1107.74
C130HP018,390761.497222222,1429343.85833333,1107.17
C130HP019,390695.847222222,1429321.08833333,1107.76
C130HP020,390748.647222222,1429322.86833333,1106.97
C130HP021,390732.217222222,1429460.42833333,1107.31
C130HP022,390678.457222222,1429427.91833333,1107.91
C130HP023,390651.987222222,1429353.61833333,1108.24
C130HP024,390591.357222222,1429371.05833333,1108.87
C130HP025,390621.397222222,1429457.99833333,1108.23
C130HP026,390768.757222222,1429502.14833333,1106.98
C130HP027,390836.377222222,1429377.67833333,1107.11
C130HP028,390820.527222222,1429339.29833333,1106.98
C130HP029,390797.447222222,1429312.24833333,1107.07
C130HP030,390838.237222222,1429186.34833333,1107.51
C5-STREAM01,394763.827222222,1421331.50833333,965.65
C5-STREAM02,394685.657222222,1421323.57833333,971.22
C5HP002,394499.817222222,1421068.50833333,992.96
C5HP002A,394500.507222222,1421069.44833333,995
C5HP008,394539.277222222,1421087.68833333,995
C5HP009,394504.897222222,1421037.16833333,995
C5HP010,394541.357222222,1420995.50833333,995
C5HP011,394429.667222222,1421112.30833333,996.55
C5HP012,394421.407222222,1421200.53833333,1003.49
C5HP013,394493.167222222,1421131.70833333,993.67
C5HP015,394823.717222222,1420972.01833333,1002.03
C5HP017,394940.007222222,1421206.65833333,976.41
C5HP018,394819.247222222,1421258.02833333,979.02
C5HP019,394704.897222222,1421368.00833333,977.15
C5HP020,394486.777222222,1421006.77833333,993.77
C5HP021,394531.187222222,1421133.80833333,992.23
C5HP028,394443.917222222,1420953.70833333,995.05
C5MW01,394003.887222222,1419980.40833333,1020.25
C5MW02,394503.127222222,1421107.14833333,992.49
C5MW03,394577.957222222,1421229.88833333,990.14
C5MW04,394693.767222222,1421274.38833333,975.55
C5MW05,394714.007222222,1421276.34833333,976.43
C5MW06,394496.217222222,1421101.50833333,992.52
C5MW07,394718.417222222,1420227.07833333,1026.31
C5MW08,394013.957222222,1419979.88833333,1019.95
C5MW09,394561.227222222,1420955.05833333,993.28
C5MW10,394641.177222222,1421021.24833333,993.39
C5MW11,394603.157222222,1421114.24833333,992.69
C5MW12,394370.237222222,1421148.07833333,1006.89
C5MW13,394495.637222222,1421286.87833333,1001.62
C5MW14,394628.877222222,1421359.65833333,978.19
C5MW15,394710.947222222,1421194.75833333,981.76
C5MW16,393930.647222222,1421050.87833333,1008.87
C5MW17,394558.537222222,1421051.46833333,993.05
C5MW18,394551.757222222,1421093.77833333,992.83
C5MW19,394539.247222222,1421168.13833333,992.18
C5OWS,394569.097222222,1420991.45833333,995
C5RW-1,394325.717222222,1420895.66833333,1015.53
C5SB001,394412.097222222,1420759.45833333,1010
C5SB002,394411.097222222,1420710.45833333,1010
C5SB003,394349.097222222,1420810.45833333,1010
C5SB004,394349.097222222,1420723.45833333,1010
C5SB005,394286.097222222,1420839.45833333,1080
C5SW02,394761.247222222,1421343.49833333,976
C5SWSD001,394595.457222222,1421321.49833333,966.79
C5SWSD002,394735.577222222,1421331.28833333,965.87
C5SWSD003,394898.157222222,1421407.00833333,961.78
D10-MW-51,394074.187222222,1420741.16833333,1012.7
D10-MW-52,394085.457222222,1420878.02833333,1011.37
D10-MW-53,394526.967222222,1420670.45833333,1039.72
D10-MW-54,394701.297222222,1420516.15833333,1050.54
D10-MW-56,394353.967222222,1420846.24833333,1017.59
D10-MW-58,394363.387222222,1420941.89833333,1007.04
D10-MW-59,394147.577222222,1421003.87833333,1009.77
D10-RW-1,394325.567222222,1420895.69833333,1017.78
D10-SB-10,394393.427222222,1420762.76833333,1022.06
D10-SB-12,394200.267222222,1420733.10833333,1012.31
D10-SB-13,394158.697222222,1420830.59833333,1011.76
D10-SB-14,394220.617222222,1420823.61833333,1010.46
D10-SB-15,394165.167222222,1420906.20833333,1010.83
D10-SB-17,394401.037222222,1421147.94833333,998.28
D10-SB-18,394640.297222222,1421020.10833333,992.9
D10-SB-1A,394121.417222222,1420978.34833333,1009.67
D10-SB-2,394113.927222222,1420945.81833333,1009.98
D10-SB-3,394154.827222222,1420943.44833333,1009.37
D10-SB-5,394140.177222222,1420982.97833333,1009.72
D10-SB-6,394130.257222222,1421016.99833333,1010.06
D10-SB-7,394221.287222222,1421043.94833333,1007.53
D10-SB-9,394478.187222222,1420707.85833333,1030.02
D10-SB-LP1,394350.377222222,1420796.22833333,1009.34
D10-SB-LP2,394343.937222222,1420734.26833333,1009.38
D10-SB-UP1,394411.567222222,1420730.25833333,1018.04
D10-SS-1,394707.177222222,1420435.01833333,1046.94
D10-SS-2,394468.037222222,1420910.72833333,995.18
D10-SS-3,394541.697222222,1420443.56833333,1040.23
D10-SS-4,394738.147222222,1420705.85833333,1034.91
D10-SS-LP1,394346.497222222,1420740.19833333,1009.59
D10-SW-LP1,394349.667222222,1420778.40833333,1008.98
D3-24,392598.357222222,1425932.34833333,982.85
D3-25,392496.517222222,1425642.09833333,987.61
D4-1,391995.277222222,1426194.16833333,1026.1
D4-2,392438.997222222,1425993.45833333,997.3
D5-10,390407.617222222,1427113.02833333,1059.15
D5-11,390595.717222222,1427112.07833333,1063.3
D5-26,390514.427222222,1427221.64833333,1052.68
D5-34,390433.467222222,1427216.43833333,1053.68
D5-35,390716.017222222,1427143.48833333,1059.15
D5-36,390795.347222222,1427052.48833333,1058.98
D5-37,390909.577222222,1426955.50833333,1053.49
D5-48,390229.497222222,1426807.45833333,1072.48
D5-49,390934.797222222,1427130.45833333,1041.2
D5-50,390776.097222222,1427406.45833333,1049.8
D5-9,390467.827222222,1426763.77833333,1078.83
D6-16,391479.977222222,1426810.76833333,1044.1
D6-27,391595.797222222,1426799.45833333,1025.64
D6-28,391579.997222222,1426675.45833333,1033.82
D6-29,391387.277222222,1426252.78833333,1015
D6-30,391163.837222222,1426519.10833333,1050.21
D6-38,391604.387222222,1426893.23833333,1014.1
D6-39,391601.577222222,1426898.08833333,1014.2
D6-40,391672.307222222,1426525.77833333,1018.79
D9-MW-G10,390377.997222222,1430322.70833333,1082.94
DAHP001,390496.727222222,1430470.29833333,1078
DAHP002,390538.057222222,1430435.57833333,1075.41
DAHP003,390582.457222222,1430413.70833333,1073.97
DAHP004,390595.617222222,1430358.09833333,1073.03
DPT02A,389992.131729107,1430012.15385656,1103.837
DPT02M,389996.306703612,1430009.00387597,1103.376
DPT03A,390012.258606167,1429999.29893581,1099.578
DPT03M,390007.577634774,1430001.02092517,1106.776
DPT04A,390034.966467543,1429977.88606768,1099.79
DPT04M,390033.062479252,1429972.79009898,1098.536
DPT05A,390055.635341284,1429964.8091483,1102.194
DPT05M,390051.13036881,1429967.36013257,1100.998
DPT08A,390172.312628833,1429869.77773374,1102.728
DPT08M,390167.38065906,1429865.08076255,1107.829
DPT09A,390170.426640571,1429853.91183122,1106.057
DPT09M,390184.71755316,1429853.53883369,1105.003
DPT10A,390198.486468997,1429849.17786066,1102.509
DPT10M,390195.271488697,1429846.43487748,1099.827
DPT11A,390213.554377097,1429828.47298808,1105.935
DPT11M,390209.710400652,1429825.39100697,1103.781
DPT14A,390269.025038416,1429780.35428448,1099.983
DPT14M,390271.911020736,1429782.65627037,1103.627
DPT15A,390105.849031243,1430194.56573702,1095.807
DPT15M,390101.710056526,1430197.04172175,1095.561
DPT17A,390197.255473011,1430127.06515296,1094.904
DPT17M,390187.65253176,1430125.93515979,1094.658
DPT20A,390246.402172987,1430080.74043825,1093.976
DPT20M,390239.624214528,1430074.52647636,1094.452
DPT21A,390265.133058578,1430068.39551435,1093.711
DPT21M,390262.564074327,1430065.62653133,1094.537
DPT22A,390279.402971341,1430064.82153649,1093.452
DPT22M,390277.79198127,1430058.98157235,1093.037
DPT23A,390292.916888826,1430053.31260738,1093.853
DPT23M,390293.058887897,1430058.18757743,1092.731
DPT24A,390348.594549327,1429970.03411984,1092.866
DPT24M,390344.326575424,1429970.7971151,1092.673
DPT25A,390364.246453813,1429952.50122777,1091.873
DPT25M,390364.660451105,1429966.43114218,1092.853
DPT26A,390402.357220656,1429956.48220379,1091.875
DPT26M,390406.250196868,1429954.80821412,1091.088
DPT27A,390426.623072338,1429948.41625366,1092.313
DPT27M,390421.106106058,1429950.40324138,1091.383
DPT28A,390448.943935866,1429944.03228087,1090.65
DPT28M,390452.753912582,1429942.31629146,1091.915
DPT29A,390466.580828078,1429936.94432465,1091.781
DPT29M,390471.001801045,1429936.53732721,1091.472
DPT30A,390503.650601483,1429925.98639245,1091.389
DPT30M,390499.554626517,1429927.4013837,1091.357
DPT31A,391016.084454593,1430925.55625626,1035.261
DPT31M,391011.212484349,1430929.32123307,1033.964
DPT32A,391024.62540243,1430919.37329436,1035.15
DPT32M,391028.853376611,1430916.19631394,1035.299
DPT33A,391048.129258918,1430900.00941365,1033.683
DPT33M,391046.753267354,1430898.24742446,1030.71
DPT34A,391062.31317236,1430884.05551186,1033.739
DPT34M,391062.338172178,1430886.66049585,1034.288
DPT36A,391056.636206678,1430916.36631324,1033.955
DPT36M,391054.01822265,1430919.87129166,1033.845
DPT37A,391088.925009108,1430922.3452769,1037.257
DPT37M,391091.707992135,1430918.69529936,1037.229
DPT38A,391073.29710441,1430945.03913725,1031.268
DPT38M,391076.046087645,1430941.37315981,1032.067
DPT39A,391061.121179338,1430908.89135923,1034.446
DPT39M,391064.410159274,1430905.00438315,1034.185
DPT40A,391111.646870316,1430907.99436537,1028.96
DPT40M,391107.156897735,1430911.35634465,1028.874
DPT41A,390979.465678495,1430931.38921997,1031.498
DPT41M,390982.864657746,1430928.2662392,1028.987
DPT42A,391026.740388997,1430959.12005014,1032.354
DPT42M,391031.540359674,1430956.19806816,1032.215
DPT43A,390990.836608833,1430940.45816437,1033.207
DPT43M,390998.966559172,1430935.18419689,1036.836
DPT44A,391034.513341602,1430947.46012189,1038.875
DPT44M,391038.236318777,1430951.73709565,1038.698
DPT45A,391041.090301563,1430932.51121383,1036.343
DPT45M,391044.678279663,1430928.62423776,1036.223
DPT46A,390312.038771921,1430049.21963277,1091.028
DPT46M,390313.724761655,1430045.38265637,1090.65
DPT47A,390326.618683093,1430021.42280377,1090.435
DPT47M,390330.543659021,1430026.65977163,1089.099
DPT500,388788.917222222,1430903.72833333,1100.89
DPT501,388320.667222222,1431934.30833333,1094
DPT502,389152.317222222,1427886.78833333,1109.5
DPT503,388062.937222222,1431165.64833333,1094
DPT504,386949.437222222,1431828.53833333,1079.79
DPT505,386613.647222222,1431060.42833333,1100.51
DPT506,386668.607222222,1430372.75833333,1100.51
DPT507,388472.247222222,1427461.48833333,1105.15
DPT508,387426.827222222,1430182.99833333,1111.02
DPT509,387871.217222222,1430416.14833333,1108.21
DPT510,389437.107222222,1428460.90833333,1103.56
DPT511,389124.397222222,1428516.18833333,1103.56
DPT512,388127.977222222,1427178.30833333,1077.49
DPT513,388266.517222222,1430080.21833333,1108.21
DPT514,389000.207222222,1429850.09833333,1108.21
DPT515,389454.807222222,1429660.09833333,1108.21
DPT516,389703.387222222,1429740.65833333,1108.21
DPT517,389659.547222222,1429321.02833333,1110.39
DPW-1,389939.727222222,1429675.42833333,1108.53
DPW-2,389899.227222222,1429735.87833333,1106.4
DPW-3,389997.757222222,1429707.18833333,1108.74
DPW1,389940.317222222,1429674.90833333,1108.53
DPW2,389899.697222222,1429736.65833333,1106.4
DPW3,389998.307222222,1429708.28833333,1108.74
DW1,394741.427222222,1421285.48833333,978.51
EFF,391076.097222222,1430906.45833333,1020
EQ_TANK,389933.367222222,1429661.45833333,1100
G10A-1,389519.097222222,1427166.45833333,1086.9
G10B-9,389469.097222222,1427166.45833333,1088
G12-1,394661.097222222,1421330.45833333,991.45
G12-2,393808.097222222,1422053.45833333,992.97
G12-3,393758.097222222,1421796.45833333,1061.82
G12-4,393789.097222222,1421909.45833333,1038.54
G1B-1,392569.097222222,1428356.45833333,1064.6
G1D-5,392849.097222222,1427936.45833333,NA
G1E-2,393289.097222222,1428126.45833333,1031.2
G1E-6,391949.097222222,1428406.45833333,1065.28
G1E-8,392269.097222222,1427826.45833333,1029.28
GP1,394743.797222222,1421285.95833333,976.65
GP10,394037.097222222,1420274.55833333,1016.47
GP11,394622.097222222,1421003.15833333,993.39
GP12,394693.397222222,1421184.25833333,983.04
GP13,394635.297222222,1421122.85833333,994.29
GP14,394548.397222222,1421046.45833333,993.9
GP15,394559.397222222,1420950.15833333,994.3
GP16,394597.297222222,1421107.65833333,993.75
GP17,394559.797222222,1421221.65833333,990.65
GP18,394404.197222222,1421129.35833333,996.64
GP19,394479.797222222,1421118.35833333,994.72
GP2,394768.597222222,1421201.15833333,980.43
GP20,394490.297222222,1420991.15833333,994.82
GP21,394618.897222222,1420693.65833333,1037.93
GP22,394647.197222222,1421338.15833333,972.64
GP23,394817.197222222,1421067.25833333,996.57
GP24,394488.597222222,1421312.85833333,1001.88
GP25,393976.097222222,1420496.25833333,1015.54
GP26,394299.397222222,1420321.35833333,1018.36
GP27,394168.397222222,1420687.15833333,1018.88
GP28,394816.297222222,1421412.35833333,975.55
GP29,394417.897222222,1420690.15833333,1024.41
GP3,394649.097222222,1421269.85833333,975.99
GP4,394483.097222222,1421201.25833333,1001.28
GP5,394423.397222222,1421259.55833333,1003.27
GP7,393981.897222222,1421054.95833333,1009.62
GP8,393911.397222222,1420806.85833333,1014.93
GP9,394532.297222222,1420247.15833333,1023.14
GWD001,389408.887222222,1428471.33833333,1099.29
GWD002,390437.407222222,1428271.63833333,1106.97
GWD003,390538.847222222,1428604.42833333,1106.87
GWD004,390647.247222222,1428942.05833333,1106.75
GWD005,391139.617222222,1428992.75833333,1102.37
GWD006,391254.367222222,1428769.32833333,1088.27
GWD007,391333.427222222,1428626.86833333,1087.63
GWD008,388478.547222222,1431987.45833333,1100.94
GWD009,388891.087222222,1431853.35833333,1102.55
GWD010,389109.067222222,1431801.06833333,1098.95
GWD011,389252.247222222,1431760.79833333,1098.42
GWD012,389515.407222222,1431679.03833333,1095.51
GWD013,389851.127222222,1431655.41833333,1085.43
GWD014,389240.617222222,1429856.69833333,1106.66
GWD015,389103.797222222,1429852.58833333,1108.41
GWD016,388852.597222222,1429944.00833333,1108.1
GWD017,388706.387222222,1429989.45833333,1108.05
GWD018,388396.917222222,1430085.41833333,1108.19
GWD019,388121.367222222,1430171.06833333,1108.22
GWD020,389021.577222222,1428597.79833333,1102.54
GWD021,388666.437222222,1428733.49833333,1110.14
GWD022,388434.837222222,1428808.57833333,1110.87
GWD023,387985.067222222,1428946.49833333,1110.8
GWD024,387550.027222222,1429082.64833333,1109.9
GWD026,389357.067222222,1431345.08833333,1097.58
GWD027,387981.347222222,1430793.08833333,1108.1
GWD028,388780.307222222,1430590.36833333,1102.67
GWD029,388304.647222222,1431165.90833333,1105.8
GWD030,388903.427222222,1431191.00833333,1099.88
GWD035,389357.897222222,1431346.64833333,1097.48
GWD036,390422.787222222,1428230.97833333,1106.52
GWD10,388414.757222222,1432616.04833333,3451.44
GWD11,388504.547222222,1432619.36833333,3415.35
GWD12,388591.587222222,1432618.68833333,3441.6
GWD13,388682.527222222,1432604.53833333,3582.68
GWD14,388847.727222222,1432661.07833333,3713.91
GWD15,388989.207222222,1432614.72833333,3435.04
GWD16,389096.617222222,1432711.85833333,3287.4
GWD17,389173.647222222,1432710.49833333,3290.68
GWD18,389242.177222222,1432705.51833333,3259.19
GWD19,389329.847222222,1432796.53833333,3246.72
GWD2,387123.977222222,1434393.86833333,3503.94
GWD20,389464.817222222,1432796.42833333,3389.11
GWD21,389551.327222222,1432814.67833333,3431.76
GWD22,389663.217222222,1432893.59833333,3356.3
GWD23,389829.377222222,1432966.14833333,3385.83
GWD25,390256.677222222,1433209.52833333,3362.86
GWD26,390364.997222222,1433307.02833333,3202.76
GWD27,390484.387222222,1433363.00833333,3389.11
GWD28,390481.657222222,1433361.56833333,3402.23
GWD29,390729.317222222,1433239.52833333,3448.16
GWD3,387211.497222222,1434273.83833333,3536.75
GWD30,390856.727222222,1433158.29833333,3389.11
GWD34,391257.687222222,1432639.82833333,3553.15
GWD35,391312.637222222,1432479.16833333,3835.3
GWD36,390952.107222222,1433201.98833333,3346.46
GWD37,391589.137222222,1432098.67833333,3641.73
GWD39,391683.167222222,1431666.79833333,3366.14
GWD4,387495.887222222,1433662.94833333,3510.5
GWD40,391741.927222222,1431553.79833333,3533.46
GWD41,391909.897222222,1431447.68833333,3339.9
GWD42,391874.507222222,1431389.95833333,3257.22
GWD43,392089.467222222,1431275.31833333,3349.74
GWD44,392205.367222222,1431110.43833333,3343.18
GWD46,392605.407222222,1430923.84833333,3150.59
GWD47,392748.987222222,1430955.37833333,3307.09
GWD48,392879.777222222,1431060.80833333,3297.24
GWD49,393091.057222222,1431112.11833333,3173.88
GWD6,387603.857222222,1433410.75833333,3458.01
GWD7,387719.287222222,1433290.62833333,3474.41
GWD9,387891.167222222,1433180.84833333,3540.03
INF,390829.097222222,1430699.45833333,1020
ITD1,389256.217222222,1427557.98833333,1098.71
ITD2,390072.107222222,1427307.85833333,1086.8
ITD3,389874.687222222,1426906.88833333,1075.6
ITD4,389437.677222222,1427283.92833333,1091.63
ITD5,389813.497222222,1427284.84833333,1079.99
ITD6,389899.267222222,1427423.19833333,1088.99
ITD7,389884.617222222,1427520.27833333,1089.9
ITD8,389123.897222222,1427572.80833333,1100.1
ITS1,389793.757222222,1427608.93833333,1083.43
ITS10,389789.757222222,1427836.67833333,1102.9
ITS11,389280.087222222,1427302.47833333,1094.45
ITS2,390130.417222222,1427616.23833333,1074.76
ITS3,390068.147222222,1427329.70833333,1087.23
ITS4,389518.287222222,1427417.97833333,1079.35
ITS5,389487.027222222,1426752.39833333,1074.18
ITS6,389988.867222222,1426763.04833333,1076.2
ITS7,390219.017222222,1426983.69833333,1066.97
ITS8,390355.497222222,1427059.45833333,1060.72
ITS9,390480.337222222,1427345.03833333,1056.67
LD-SB-1,390914.097222222,1429793.73833333,1107.4
LD-SB-10,390366.447222222,1429841.01833333,1108.5
LD-SB-11,390312.447222222,1429782.70833333,1109.1
LD-SB-12,390424.737222222,1429761.10833333,1109.3
LD-SB-13,390894.177222222,1429722.63833333,1107.6
LD-SB-14,390621.397222222,1429749.22833333,1108.9
LD-SB-15,390614.907222222,1429886.36833333,1108.6
LD-SB-16,390244.397222222,1429831.29833333,1108.8
LD-SB-17,390654.247222222,1430851.24833333,1058.6
LD-SB-18,390197.947222222,1429909.04833333,1108.4
LD-SB-19,390364.297222222,1429742.74833333,1109.3
LD-SB-2,390846.757222222,1429757.71833333,1107.3
LD-SB-3,390623.547222222,1429831.29833333,1108.8
LD-SB-4,390584.667222222,1429793.50833333,1108.7
LD-SB-5,390787.747222222,1429874.48833333,1106.3
LD-SB-6,390598.147222222,1430919.78833333,1057.4
LD-SB-7,390483.597222222,1430922.89833333,1056.2
LD-SB-8,390526.457222222,1430999.22833333,1056.1
LD-SB-9,390420.477222222,1429826.97833333,1108.5
LD-TW-01,390584.657222222,1429793.50833333,1108.7
LD-TW-02,390598.137222222,1430919.78833333,1057.4
LD-TW-03,390420.467222222,1429826.97833333,1108.5
LD-TW-04,390312.437222222,1429782.70833333,1109.1
LD-TW-05,390621.387222222,1429749.22833333,1108.9
LD-TW-06,390244.387222222,1429831.29833333,1108.8
LD-TW-07,390654.237222222,1430851.24833333,1058.6
LD-TW-08,390197.937222222,1429909.04833333,1108.4
LD-TW-09,390364.287222222,1429742.74833333,1109.3
LMASHP001,389909.097222222,1431546.45833333,1090
LMASHP002,389864.097222222,1431309.45833333,1088
LMASHP003,389787.097222222,1431073.45833333,1091
LMASHP004,389844.097222222,1430880.45833333,1090
LMASHP005,389774.097222222,1430670.45833333,1090
LMASHP006,390074.097222222,1430974.45833333,1090
LMASHP007,389631.097222222,1430736.45833333,1090
LMASHP008,389744.097222222,1430824.45833333,1090
LMASHP009,390044.097222222,1431513.45833333,1082
LMASHP010,389907.097222222,1431049.45833333,1090
MW-03-202A,390381.897222222,1432237.05833333,1064
MW-03-202B,390382.727222222,1432222.30833333,1064.05
MW-03-203B,392101.087222222,1432509.69833333,1059
MW-03-204B,394326.037222222,1432304.57833333,1041.49
MW-03-205A,393157.177222222,1431180.45833333,1004.86
MW-03-205B,393145.577222222,1431171.40833333,1003.94
MW-03-206B,394849.767222222,1430776.78833333,1047.41
MW-03-208A,393942.657222222,1429202.96833333,1041.46
MW-03-208B,393942.787222222,1429203.04833333,1041.46
MW-03-208C,393950.127222222,1429187.84833333,1042.51
MW-03-209B,394808.887222222,1429675.08833333,961
MW-03-209C,394855.597222222,1429604.43833333,958.82
MW-03-212A,390370.747222222,1433314.74833333,1027.27
MW-03-212B,390380.607222222,1433305.20833333,1027.75
MW-13,394599.107222222,1421936.45833333,986.4
MW-16,392659.097222222,1423606.45833333,1025
MW-17,392059.097222222,1423526.45833333,1057
MW-18,392219.097222222,1423526.45833333,1030.5
MW-2,389689.097222222,1429116.45833333,1111
MW-35,392229.097222222,1423616.45833333,1030.78
MW-36,392309.097222222,1423616.45833333,1029.91
MW-37,392249.097222222,1423566.45833333,1030.76
MW-38,392219.097222222,1423476.45833333,1030.51
MW-39,392209.097222222,1423456.45833333,1030.82
MW-41,392179.097222222,1423456.45833333,1015.13
MW-42,392319.097222222,1423506.45833333,1031.05
MW-48,394489.097222222,1421916.45833333,991.99
MW-49,394589.097222222,1421846.45833333,986.91
MW-51,394739.097222222,1421926.45833333,978.25
MW-8,389129.097222222,1427856.45833333,1109.38
MW-B1,392593.447222222,1428317.37833333,1065.29
MW-W1,389807.007222222,1429501.70833333,1107.2
MW-W1R,389800.337222222,1429504.82833333,1107.26
MW-W2,390427.767222222,1430015.11833333,1092.73
MW-W3,391808.637222222,1430391.08833333,1078.6
MW-W4,391700.537222222,1430541.04833333,1064.1
MW-W5,391895.377222222,1430432.86833333,1073.2
MW-W6,392064.267222222,1430489.94833333,1052.18
MW-W7,391908.647222222,1430585.42833333,1039.15
MW/W1,389998.047222222,1429502.99833333,1106.12
MW00-101,392105.057222222,1431766.15833333,1024.11
MW00-102A,392016.127222222,1431256.77833333,1006.33
MW00-102B,391984.717222222,1431255.88833333,1006.09
MW00-103A,392455.907222222,1431546.87833333,1051.1
MW00-103B,392447.307222222,1431541.88833333,1050.98
MW00-104,392231.437222222,1430953.54833333,1002.83
MW00-105A,392981.407222222,1430173.19833333,1023.93
MW00-105B,392971.047222222,1430173.70833333,1024.02
MW00-106A,393817.687222222,1430569.80833333,998.8
MW00-106B,393817.357222222,1430569.82833333,998.8
MW00-107A,392375.137222222,1429345.81833333,1071.3
MW00-107B,392375.177222222,1429346.07833333,1071.3
MW00-107C,392379.137222222,1429335.78833333,1071.28
MW03,387708.067222222,1429081.52833333,1110.53
MW04,388545.057222222,1429944.67833333,1107.54
MW1,390117.577222222,1430138.94833333,1097.05
MW10,391463.837222222,1428259.24833333,1079.1
MW11,391361.747222222,1428190.62833333,1066.36
MW11A,391363.747222222,1428190.62833333,1066.36
MW12,392493.157222222,1428463.98833333,1068.48
MW13,394599.097222222,1421936.45833333,984.4
MW14,394424.517222222,1420806.16833333,1022.05
MW15,394169.557222222,1420950.85833333,1008.85
MW19,391149.097222222,1422566.45833333,NA
MW20,392049.097222222,1421216.45833333,NA
MW21,392039.097222222,1420726.45833333,NA
MW22,389265.077222222,1427537.73833333,1097.9
MW23,389726.987222222,1427290.58833333,1080.35
MW24,389909.087222222,1427339.97833333,1088.76
MW25,389859.957222222,1427506.71833333,1086.06
MW26,389958.657222222,1429633.25833333,1109.53
MW27,390374.417222222,1430024.82833333,1094.06
MW28,390764.197222222,1429954.72833333,1074.17
MW29,390867.697222222,1430594.64833333,1040.1
MW30,391119.817222222,1430908.54833333,1028.18
MW30A,391119.687222222,1430908.66833333,1027
MW30AR,391120.607222222,1430913.35833333,1027
MW30B,391115.877222222,1430912.83833333,1027.3
MW30BR,391120.607222222,1430913.36833333,1027
MW31,391006.777222222,1430228.85833333,1063.12
MW32,394333.707222222,1420894.40833333,1015.65
MW33,394355.497222222,1420659.02833333,1015.47
MW34,394286.177222222,1420771.15833333,1014.04
MW34B,394286.747222222,1420765.08833333,1014.1
MW40,392199.097222222,1423546.45833333,NA
MW41,392179.107222222,1423456.45833333,1015.13
MW43,394465.687222222,1420915.99833333,995.62
MW43B,394471.617222222,1420913.25833333,995.3
MW44,394157.877222222,1421061.57833333,1009.19
MW45,394223.857222222,1420883.55833333,1011.09
MW46,394275.937222222,1421007.70833333,1005.07
MW47,394431.227222222,1421069.23833333,993.52
MW48,394531.907222222,1421995.60833333,996.25
MW49,394602.357222222,1421878.28833333,992.49
MW5,390557.357222222,1430056.59833333,1086.96
MW50,394729.097222222,1421716.45833333,979.61
MW50A,394409.467222222,1420989.46833333,995.7
MW50B,394415.697222222,1420987.20833333,995.7
MW51,394074.097222222,1420740.45833333,978.25
MW51-COE,394074.237222222,1420741.25833333,1012.99
MW52,391811.897222222,1430086.30833333,1088.68
MW52-COE,394085.497222222,1420878.16833333,1011.7
MW53,391534.747222222,1430150.34833333,1099.78
MW53-COE,394527.337222222,1420670.32833333,1037.42
MW54,391488.847222222,1430229.67833333,1082.64
MW54-COE,394701.487222222,1420516.54833333,1047.91
MW55,394087.697222222,1420987.36833333,1010.1
MW55-COE,394087.747222222,1420987.51833333,1010.19
MW56,391383.047222222,1430474.78833333,1068.1
MW56-COE,394354.047222222,1420846.24833333,1017.93
MW57,394213.737222222,1420983.07833333,1007.82
MW58-COE,394363.277222222,1420941.74833333,1004.1
MW59-COE,394147.577222222,1421004.08833333,1009.94
MW6,390394.517222222,1429803.64833333,1106.97
MW60,394275.867222222,1420958.31833333,1008.26
MW60-COE,394275.867222222,1420958.32833333,1005.72
MW7,391656.387222222,1430212.06833333,1098.9
MW9,389732.627222222,1427598.84833333,1079.1
MW99-01A,391881.867222222,1430319.16833333,1084.88
MW99-01B,391867.827222222,1430329.77833333,1084.92
MW99-02A,391985.147222222,1430090.45833333,1083.04
MW99-02B,391972.087222222,1430077.74833333,1083.22
MW99-03A,392190.457222222,1429896.08833333,1065.46
MW99-03B,392190.457222222,1429896.18833333,1065.46
MWG1,389970.537222222,1429666.68833333,1109.2
MWG10,390377.997222222,1430324.70833333,1080.28
MWG11,390860.587222222,1430652.52833333,1034.88
MWG12,391652.417222222,1429923.11833333,1100.41
MWG14,391388.257222222,1430040.37833333,1100.66
MWG15,391354.897222222,1430138.23833333,1091.02
MWG16,391664.997222222,1430172.53833333,1100.44
MWG17,391738.107222222,1430173.79833333,1099.09
MWG19,391665.487222222,1430169.19833333,1100.38
MWG1A,389969.407222222,1429663.24833333,1109.15
MWG2,390181.677222222,1429726.11833333,1108.87
MWG20,391655.367222222,1430336.25833333,1083.38
MWG21,391375.107222222,1430472.92833333,1068.52
MWG22,391518.717222222,1430527.17833333,1069.1
MWG24,394298.147222222,1420871.48833333,1015.13
MWG3,389854.357222222,1429757.49833333,1105.06
MWG3R,389855.057222222,1429759.06833333,1105.26
MWG4,390581.187222222,1429857.22833333,1105.3
MWG5,390451.197222222,1430011.02833333,1091.16
MWG5-5,390658.127222222,1430824.11833333,1056.69
MWG5-5R,390658.157222222,1430826.33833333,1062.45
MWG5-6,390748.967222222,1430754.90833333,1038.8
MWG6,390504.617222222,1430583.62833333,1074.42
MWG7,390867.367222222,1429796.58833333,1104.56
MWOS-01,390659.557222222,1431686.94833333,1040.65
MWOS-01R,390659.557222222,1431686.95833333,1040.65
MWOS-02,391444.537222222,1431164.54833333,1012.64
MWOS-02R,391444.537222222,1431164.55833333,1012.73
MWOS-03,391449.937222222,1431161.54833333,1012.94
MWOS-04,391816.617222222,1430425.96833333,1075.16
MWOS-05,393345.077222222,1430651.41833333,1007.13
MWOS-06,393340.037222222,1430649.46833333,1007.94
MWOS-07,393825.387222222,1430585.62833333,998.48
MWOS-08,393830.547222222,1430580.47833333,998.23
MWOS-09,392269.597222222,1430951.37833333,1003.06
MWOS-10,392258.237222222,1430956.81833333,1003.14
MWOS-10R,392258.237222222,1430956.82833333,1002.99
MWOS-11,392372.497222222,1431017.05833333,1010.65
MWOS-12,392371.377222222,1431026.16833333,1012.97
MWOS-12R,392371.377222222,1431026.17833333,1012.21
OB,391122.097222222,1430945.25833333,1068.66
OB01,390373.331395601,1430161.75794196,1076.767
OB03,390277.515982755,1430074.74647547,1093.188
OB04,390987.161631409,1430932.66221223,1030.471
OB08,391141.0096913,1430861.87364915,1032.046
OB09,390177.517597107,1429861.06078738,1103.412
OB10,390798.767788944,1430516.56376689,1045.14
OB101A,390084.077222222,1427246.32833333,1085.04
OB103A,389724.937222222,1427076.64833333,1083.64
OB11,390325.873689431,1429880.65466881,1104.516
OB201A,390502.307222222,1431301.16833333,1029.5
OB201B,390503.457222222,1431295.88833333,1029.5
OB202A,390889.457222222,1431094.42833333,1053.5
OB202B,390808.587222222,1431133.00833333,1058.1
OB202C,390886.867222222,1431091.09833333,1053.75
OB203A,390974.737222222,1430921.35833333,1035.41
OB203B,391064.237222222,1430957.76833333,1027.23
OB203C,391067.917222222,1430954.48833333,1026.96
OB203CR,391066.617222222,1430960.94833333,1026.96
OB204A,391419.417222222,1430669.69833333,1072.6
OB204B,391378.007222222,1430701.40833333,1066.76
OB204C,391452.007222222,1430617.40833333,1071.88
OB205A,391511.497222222,1430526.33833333,1068.74
OB205B,391460.907222222,1430513.73833333,1067.77
OB206A,391687.407222222,1430281.21833333,1093.92
OB208A,390713.377222222,1431244.28833333,1037.82
OB208B,390640.617222222,1431203.79833333,1036.4
OB208C,390638.647222222,1431289.54833333,1031.9
OB209A,391330.417222222,1430769.05833333,1053.33
OB302A,392833.307222222,1427951.97833333,1049.25
OB302B,392851.707222222,1427926.68833333,1052.61
OB302C,392775.737222222,1427922.30833333,1044.57
OB303A,392436.977222222,1427813.42833333,1032.4
OBPS,391088.327222222,1430877.50833333,1020
OT013-MW01,392656.172735859,1423624.51147877,1026.49
OT013-MW02,392912.571168624,1423525.81208851,1025.15
OT013-MW03,393110.939955881,1423465.94245889,1025
OT013-MW04,392816.85175224,1423680.97113373,1022.65
OT013-MW05,393196.069433749,1423577.0417771,1021.86
OW-C533-SB01,391869.187478792,1429328.86641212,1080
OW-C536-SB01,394085.174035948,1420224.92239069,1020
OW-C536-SB02,394095.173974897,1420214.92245228,1020
OW-C538-SB01,394607.170828058,1421410.91510747,980
OW-C539-SB01,394520.171363251,1421167.91659995,1000
OW-C540-SB01,394522.17136391,1420112.92308435,1020
OW-C540-SB02,394550.171192514,1420120.92303552,1020
OW1A,391130.467222222,1430812.46833333,1031.12
OW1B,394958.137222222,1421403.20833333,971.41
OW2,391143.817222222,1430833.52833333,1031.57
OW2A,395099.417222222,1421489.91833333,970.93
OW2B,395100.177222222,1421486.33833333,969.93
OW3,391165.717222222,1430802.96833333,1033.4
OW4,391175.297222222,1430762.75833333,1035.8
OW5A,389912.837222222,1427468.17833333,1088.53
OW6,390028.027222222,1427588.93833333,1092.23
OW7,390039.557222222,1427523.98833333,1090.73
OW8,389920.297222222,1427433.38833333,1088.48
PER536,386698.917222222,1428488.10833333,1109.56
PER537,386690.707222222,1430319.92833333,1110
PER538,389116.977222222,1431755.66833333,1098.85
PER556,386958.907222222,1431813.04833333,1070.07
PER566,390166.187222222,1424101.04833333,1043.06
PER567,387379.187222222,1424606.23833333,1095.09
PER568,392373.587222222,1425807.62833333,1007.05
PER569,386901.577222222,1429270.28833333,1134.76
PER727,387270.567222222,1424735.20833333,1094.19
PER728,390834.997222222,1421146.25833333,1048.67
PMW1,388248.297222222,1432006.35833333,1094
PMW10,390437.347222222,1428272.00833333,1107.08
PMW10D,390435.237222222,1428260.71833333,1107.05
PMW11,388366.547222222,1426906.07833333,1077.74
PMW11D,388363.777222222,1426897.42833333,1077.49
PMW12D,386259.317222222,1427049.34833333,1090.18
PMW12R,386264.707222222,1427056.90833333,1090.02
PMW13,386746.227222222,1430714.88833333,1099.56
PMW13D,386736.877222222,1430710.53833333,1100.51
PMW14,386719.067222222,1431484.76833333,1079.36
PMW14DR,386726.277222222,1431489.64833333,1079.79
PMW1D,388248.467222222,1432001.60833333,1094
PMW2,387418.197222222,1431508.75833333,1075.8
PMW2HP001,387039.647222222,1431575.36833333,1072.88
PMW2HP002,387134.657222222,1431439.57833333,1077.48
PMW3,387046.797222222,1430489.75833333,1111.4
PMW3HP001,386833.747222222,1430309.70833333,1114.81
PMW3HP002,386745.137222222,1430716.94833333,1099.51
PMW3HP003,386905.837222222,1430961.59833333,1087.4
PMW3HP004,386634.627222222,1431069.09833333,1087.09
PMW4,387385.797222222,1428948.85833333,1109.4
PMW5,386587.037222222,1427660.85833333,1094.37
PMW5HP001,387338.407222222,1427422.86833333,1101.07
PMW5HP002,386261.757222222,1427203.52833333,1089.36
PMW5HP003,386592.267222222,1428045.05833333,1104.34
PMW5HP005,386704.297222222,1429087.46833333,1127.37
PMW6,388388.967222222,1427306.15833333,1105.15
PMW6HP002,388372.077222222,1426913.55833333,1077.39
PMW6HP003,387971.617222222,1427121.88833333,1093.78
PMW6HP004,389061.107222222,1426887.41833333,1085.61
PMW7,390044.027222222,1431475.26833333,1081.96
PMW7D,390057.487222222,1431470.43833333,1082.83
PMW8,389106.997222222,1431791.95833333,1098.8
PMW8D,389114.817222222,1431788.68833333,1098.35
PMW9,389095.667222222,1430546.70833333,1100.92
PMW9D,389101.897222222,1430533.75833333,1101.03
PS,391475.427222222,1430548.13833333,1068.66
PUMPSTATION,391471.657222222,1430515.00833333,1069
PZ-1A,390226.977222222,1427430.10833333,1056.77
PZ-1B,390228.687222222,1427431.15833333,1057
PZ-1C,390232.397222222,1427432.97833333,1056.9
PZ-2A,390305.437222222,1427436.94833333,1056.8
PZ-2B,390302.807222222,1427440.43833333,1056.6
PZ-2C,390300.457222222,1427444.09833333,1056.5
PZ-3A,390386.077222222,1427292.73833333,1050.22
PZ-3B,390387.067222222,1427294.09833333,1050
PZ-3C,390389.977222222,1427297.47833333,1049
PZ-4A,390471.967222222,1427324.51833333,1056.3
PZ-4B,390472.857222222,1427328.28833333,1056.5
PZ-4C,390474.077222222,1427332.12833333,1057
PZ03,392419.177222222,1430943.73833333,1002.58
PZ05,395058.887222222,1429681.84833333,957.39
RW-02,390878.227222222,1431100.38833333,1052.31
RW-1,392696.617222222,1428558.60833333,1058.96
RW-10,392764.927222222,1428191.09833333,1060.01
RW-11,392457.337222222,1428324.73833333,1063.6
RW-2,392570.587222222,1428549.45833333,1067.48
RW-3,392743.017222222,1428486.41833333,1057.13
RW-4,392396.537222222,1428412.08833333,1066.95
RW-5,392635.417222222,1428414.09833333,1064.51
RW-6,392744.927222222,1428355.96833333,1061.82
RW-7,392548.217222222,1428366.57833333,1066.89
RW-8,392678.727222222,1428288.70833333,1061.74
RW-9,392524.097222222,1428421.68833333,1066.39
RW101,390084.667222222,1427236.71833333,1084.95
RW102C,389873.987222222,1427559.54833333,1088.44
RW103,389720.487222222,1427087.39833333,1083.6
RW201,390544.917222222,1431324.60833333,1028.74
RW202,390879.427222222,1431100.57833333,1053.56
RW203,391056.077222222,1430969.72833333,1027.3
RW204,391408.377222222,1430671.75833333,1071.88
RW205,391515.267222222,1430538.13833333,1069.06
RW206,391632.607222222,1430301.74833333,1084.09
RW207,391173.017222222,1430874.38833333,1031.95
RW208,390714.237222222,1431243.51833333,1036.7
RW209,391325.617222222,1430775.06833333,1054.54
RW301,392585.837222222,1427786.55833333,1035.91
RW302,392840.607222222,1427958.02833333,1050.8
RW303,392436.047222222,1427794.96833333,1032
SB01,391062.640169969,1430915.21932036,1028.873
SB02,391083.606041623,1430923.71826839,1035.836
SCT1,391613.057222222,1431527.39833333,1010.01
SCT2,391223.397222222,1431245.94833333,1026.45
SCT2A,391222.777222222,1431216.93833333,1026
SCT2B,391222.787222222,1431216.93833333,1026
SCT2C,391222.797222222,1431216.93833333,1026
SCT3,391239.347222222,1431223.39833333,1026.49
SCT4,392176.337222222,1431484.96833333,1014.76
SCT5,392177.337222222,1431485.96833333,1014.76
SCT6,391277.687222222,1432286.79833333,1027.36
SCT7,391318.837222222,1432259.36833333,1027.37
SRB1HP001,390476.787222222,1431043.88833333,1068.87
SRB1HP002,390455.417222222,1431081.98833333,1066.71
SRB1HP003,390422.087222222,1431083.33833333,1065.54
SRB1HP004,390401.737222222,1431082.64833333,1065.33
SRB1HP005,390384.117222222,1431083.46833333,1066.2
SRB1HP006,390442.267222222,1431000.36833333,1072.53
SRB1HP007,390114.507222222,1431148.97833333,1077.48
SRB1HP008,390234.007222222,1431110.82833333,1070.62
SRB1HP009,390174.207222222,1431100.77833333,1079.24
SRB1HP010,390617.467222222,1431146.07833333,1039.38
SRB1HP011,390598.317222222,1431132.67833333,1041.74
SRB1HP012,390577.117222222,1431140.65833333,1040.72
SRB1HP013,390555.407222222,1431147.56833333,1039.97
SRB1HP014,390533.407222222,1431153.82833333,1039.72
SRB1HP015,390510.697222222,1431159.23833333,1039.34
SRB1HP016,390488.327222222,1431163.62833333,1039.14
SRB1HP017,390465.867222222,1431168.12833333,1038.83
SRB1HP018,390442.677222222,1431172.02833333,1038.35
SRB1HP019,390419.897222222,1431173.49833333,1038.21
SRB1HP020,390360.877222222,1431216.61833333,1036.12
SRB1HP021,390396.167222222,1431202.32833333,1034.33
SRB1HP022,390389.667222222,1431240.63833333,1031.78
SRB1HP023,390425.867222222,1431263.82833333,1030.13
SRB1HP024,390450.707222222,1431280.40833333,1029.28
SRB1HP025,390506.317222222,1431306.33833333,1029.22
SRB1HP026,390557.077222222,1431318.53833333,1029.96
SRB1HP027,390588.137222222,1431313.40833333,1029.54
SRB1HP028,390623.567222222,1431298.76833333,1030.27
SRB1HP029,390686.497222222,1431262.84833333,1034.62
SRB1HP030,390681.557222222,1431208.01833333,1037.28
SRB1HP031,390654.337222222,1431197.36833333,1036.48
SRB1HP032,390719.867222222,1431218.97833333,1038.78
SRB1HP033,390667.967222222,1431136.97833333,1042.95
SRB1HP034,390637.147222222,1431172.64833333,1037.36
SRB1HP035,390699.367222222,1431139.96833333,1045.03
SRB1HP039,390558.337222222,1431223.20833333,1030
SRB1HP040,390211.097222222,1431334.45833333,1030
SRB1HP042,390540.877222222,1431249.65833333,1030
SRB1HP043,390536.647222222,1431278.75833333,1030
SRB1HP045,390432.427222222,1431232.19833333,1030
SRB1PIIHP001,390617.497222222,1431137.96833333,1040.62
SRB1PIIHP002,390367.487222222,1431202.29833333,1036.5
SRB1PIIHP003,390345.447222222,1431215.09833333,1037.74
SRB1PIIHP004,390361.367222222,1431232.02833333,1035.59
SRB1PIIHP005,390394.417222222,1431232.39833333,1030.69
SRB1PIIHP006,390427.637222222,1431259.03833333,0
SRB1PIISW001,390183.097222222,1431283.45833333,1030
SRB1PIISW002,390247.097222222,1431206.45833333,1030
SRB1PIISW004,390331.097222222,1431255.45833333,1030
SS009-CDL-MW01,390368.91664331,1430281.4505397,1081.41
SS009-CDL-MW02,390235.757457942,1430268.59061707,1095.63
SS009-CDL-MW03,390275.327215504,1430300.94041877,1094.89
SS009-CDL-MW06,390287.767139495,1430294.72045715,1095.02
SS009-CDL-SB04,390330.006881316,1430280.26054653,1095.02
SS009-CDL-SB05,390306.76702334,1430290.12048565,1095.02
SS013-MW01,394562.411095408,1421941.05184858,990.74
SS013-MW02,394555.301138465,1421976.8616284,988.6
SS013-MW03,394594.870896702,1421951.90178228,988.53
SS013-SD01,394586.300947806,1422060.30111593,988.53
SS013-SDSW02,394709.88019327,1421940.92185115,988.53
STW_TANK,389905.167222222,1429615.70833333,1100
SW1,391514.307222222,1432231.41833333,NA
SW2,392340.427222222,1430948.02833333,NA
SW3,393749.867222222,1430406.65833333,NA
SW4,391096.267222222,1431434.75833333,NA
SW5,391440.947222222,1431193.47833333,NA
SW6,390587.207222222,1427265.41833333,NA
SW7,391008.597222222,1427005.61833333,1041
SW8,392641.697222222,1427361.21833333,1021
SW9,393763.857222222,1427210.95833333,NA
SWMU10-MW01,394148.913642297,1420527.79052991,1014.58
SWMU10-MW02,394162.0935599,1420671.67964567,1014.21
SWMU10-MW03,394287.042794744,1420733.9092647,1014.45
SWMU10-MW04,394335.572498885,1420649.84978195,1015.33
SWMU10-MW05,394248.333034532,1420491.19075607,1014.58
SWMU10-SD01,394341.362465223,1420506.20066493,1014.09
SWMU10-SD02,394336.422496557,1420415.66122136,1014.09
SWMU102-MW02,392148.345848151,1423161.44431857,1030.63
SWMU102-MW03,392164.075751985,1423156.81434722,1030.71
SWMU102-SB101,392172.355700993,1423184.13417942,1030.71
SWMU102-SD02,392107.386098899,1423146.88440755,1030.71
SWMU102-SD03,392090.296204488,1423063.45492011,1030.71
SWMU102-SDSW01,392125.90598482,1423210.05401954,1030.71
SWMU14/89-MW01,391880.697408371,1429330.36640304,1096.18
SWMU14/89-MW03,392013.916593994,1429292.35663826,1088.95
SWMU14/89-MW04,391793.907938865,1429359.50622291,1096.86
SWMU14/89-SB102,392109.816005851,1429417.69586918,1088.95
SWMU14/89-SB105,391993.746716099,1429394.00601335,1096.18
SWMU14/89-SS106,391920.65716366,1429353.63626054,1096.18
SWMU15-MW01,390456.996097091,1430873.46690276,1075.47
SWMU15-MW02,390510.605768825,1430903.02672177,1072.12
SWMU15-MW03,390559.695468167,1430934.90652648,1069.87
SWMU15-SB110,390525.875674753,1430956.08639592,1069.87
SWMU15-SS104,390530.89564463,1430910.19667797,1075.47
SWMU15-SS105,390506.415793867,1430948.99643924,1072.12
SWMU15-SS106,390567.095423259,1430906.81669918,1075.47
SWMU15-SS107,390511.885759998,1430981.81623763,1069.87
SWMU15-SS108,390572.825387849,1430935.45652327,1072.12
SWMU15-SS109,390546.005551416,1430973.2162909,1069.87
SWMU16-MW01,391246.111282524,1429917.37278791,1101.32
SWMU16-MW02,391233.811357531,1429935.38267709,1101.86
SWMU16-MW03,391223.371421014,1429964.61249733,1101.81
SWMU16-SB104,391216.651462575,1429928.31272032,1101.32
SWMU16-SB105,391257.391213141,1429948.20259859,1101.32
SWMU17-B04679,389978.619037511,1429734.08389853,1104.8
SWMU17-MW01,390066.648498427,1429784.9735869,1108.72
SWMU17-MW02,390222.207546344,1429832.30329798,1108.75
SWMU17-MW03,390272.627238374,1429798.82350436,1106.88
SWMU17-SB104,390131.648099822,1429866.38308743,1108.72
SWMU17-SB105,390184.167779834,1429767.85369357,1108.72
SWMU17-SB106,390274.007230982,1429715.77401473,1106.88
SWMU18-MW01,390638.415007641,1429273.75673559,1108.28
SWMU18-MW02,390745.484352219,1429315.07648299,1107.37
SWMU18-MW03,390690.62468704197,1429372.95612663,1107.91
SWMU18-SB104,390792.704063365,1429317.45646896,1107.37
SWMU18-SB105,390817.703910042,1429349.74627084,1107.37
SWMU18-SB106,390718.224518288,1429367.97615758,1107.91
SWMU19-MW01,389906.689479409,1429581.3548362,1107.72
SWMU19-SB102,389904.589492195,1429586.29480581,1107.72
SWMU19-SB103,389931.279329078,1429575.88487012,1107.72
SWMU19-SB104,389923.469376664,1429590.33478122,1107.72
SWMU19-SB105,389940.269273795,1429598.79472944,1107.72
SWMU19-SB106,389910.05945848,1429606.22468341,1107.72
SWMU19-SB107,389950.159213012,1429621.71458872,1107.72
SWMU19-SB108,389921.519388072,1429631.22452992,1107.72
SWMU19-SB109,389954.979183297,1429640.33447435,1107.72
SWMU19-SB110,389940.269273187,1429646.71443497,1107.72
SWMU19-SB111,389951.469204544,1429657.52436867,1107.72
SWMU19-SB112,389963.059133453,1429673.53427043,1107.72
SWMU19MW-1A,390912.907222222,1431055.83833333,1051.26
SWMU19MW-1B,390912.407222222,1431055.83833333,1051.26
SWMU19MW-1C,390912.907222222,1431056.33833333,1051.26
SWMU19MW-2A,390957.017222222,1431049.75833333,1046.42
SWMU19MW-2B,390956.517222222,1431049.75833333,1046.42
SWMU19MW-3A,390994.487222222,1431059.18833333,1042.6
SWMU19MW-3B,390994.987222222,1431059.18833333,1042.6
SWMU19MW-3C,390994.487222222,1431058.68833333,1042.6
SWMU19MW-4A,391004.987222222,1431010.17833333,1035.43
SWMU19MW-4B,391004.487222222,1431010.17833333,1035.43
SWMU19MW-4C,391004.987222222,1431009.67833333,1035.43
SWMU21-MW01,389575.79152921,1427554.58728734,1079.42
SWMU21-MW02,389546.701707129,1427555.66728034,1080.42
SWMU21-MW03,389568.741572623,1427531.64742823,1079.47
SWMU21-SB104,389584.681474278,1427597.67702264,1079.42
SWMU21-SB105,389583.131484011,1427578.22714215,1079.47
SWMU25-MW01,394584.140980489,1420465.70091678,1046.44
SWMU25-MW02,394713.360189855,1420475.26085957,1047.45
SWMU25-MW03,394710.480206692,1420539.14046691,1046.35
SWMU25-PZ01,394632.690683259,1420483.69080679,1047.59
SWMU25-SB104,394672.760437655,1420522.01057174,1046.44
SWMU25-SB105,394682.000380599,1420565.48030467,1046.44
SWMU25-SB106,394640.160635899,1420619.81997018,1046.44
SWMU25-SD01,394623.860737696,1420449.20101867,1046.44
SWMU25-SD02,394741.770016396,1420447.02103349,1046.44
SWMU28-MW01,391665.988710878,1430193.07109886,1099.37
SWMU28-MW02,391563.399339031,1430139.81142488,1099.83
SWMU28-MW03,391639.828873969,1429946.45261406,1100.78
SWMU28-SB104,391639.63887228,1430174.25121418,1099.83
SWMU28-SB105,391581.909225921,1430131.71147489,1099.83
SWMU28-SB106,391692.588548072,1430201.59104683,1099.37
SWMU35-MW01,390966.903001616,1429018.73830684,1104.62
SWMU35-MW02,391027.502630671,1429040.67817275,1104.1
SWMU35-MW03,391118.172075664,1429073.71797084,1102.88
SWMU35-SB104,391032.292601949,1428995.05845317,1104.62
SWMU35-SB105,391038.542562147,1429120.05768508,1104.1
SWMU35-SB106,391091.662238796,1428995.57845071,1104.1
SWMU37-MW01,393767.305971098,1420993.83766082,1009.93
SWMU37-MW02,393854.425439902,1420850.41854338,1009.48
SWMU37-MW03,393874.725312966,1421074.28716765,1007.11
SWMU37-MW04,393906.935116331,1421040.23737732,1008.84
SWMU37-MW05,393768.595963556,1420965.67783391,1010.27
SWMU38-MW01,389886.459604207,1429498.12534741,1108.37
SWMU38-MW02,389913.329439665,1429513.06525594,1108.51
SWMU38-SB103,389924.249372502,1429542.41507571,1108.51
SWMU38-SB104,389891.179574564,1429558.95497366,1108.51
SWMU38-SB105,389895.869545679,1429574.44487852,1108.51
SWMU38-SB106,389916.569419152,1429568.06491799,1108.51
SWMU41-SB101,387818.602258374,1429037.54815171,1110.53
SWMU41-SB102,389012.344961253,1428681.99035187,1110.53
SWMU41-SB103,389404.002567011,1428572.21103143,1110.53
SWMU42-MW01,390549.84555368,1428933.78882372,1108.06
SWMU42-MW02,390729.564452688,1429069.69799073,1107.43
SWMU42-MW03,390905.933375757,1428922.22889917,1106.69
SWMU42-SB104,390663.024861003,1428965.36863104,1108.06
SWMU42-SB105,390630.735057665,1429032.03822094,1108.06
SWMU42-SB106,390921.87327643,1429067.97800369,1107.43
SWMU43-MW01,390099.818308094,1428795.35966881,1108.97
SWMU43-MW02,390250.787379027,1429240.64693424,1109.06
SWMU43-MW03,390576.695384266,1429344.26630152,1108.99
SWMU50-MW01,390320.586931719,1430850.59704161,1079.81
SWMU50-MW02,390354.086726964,1430839.4371106,1079.56
SWMU50-MW03,390415.676349974,1430861.40697635,1078.25
SWMU50-SS104,390368.686636748,1430911.95666513,1079.81
SWMU50-SS105,390376.54658887,1430896.19676208,1079.81
SWMU50-SS106,390357.156707517,1430892.25678606,1079.81
SWMU51-MW01,390204.317641569,1430953.83640574,1078.44
SWMU51-MW02,390257.167318116,1430969.47631029,1077.84
SWMU51-MW03,390278.29718917003,1430946.23645336,1077.79
SWMU52-MW01,390381.866555082,1430995.08615446,1073.54
SWMU52-MW02,390396.286464366,1431194.33493023,1038.78
SWMU52-SB103,390375.616591438,1431143.05524509,1050
SWMU52-SB104,390326.736890943,1431100.6955048,1076
SWMU52-SB105,390366.746646234,1431100.16550855,1070
SWMU52-SB106,390351.906736811,1431115.01541711,1050
SWMU52-SB107,390384.426538607,1431059.72575728,1072
SWMU52-SB109,390391.646494472,1431057.72576966,1072
SWMU52-SS108,390388.436514064,1431060.93574989,1072
SWMU60-MW01,390139.92803546,1430949.25643308,1084.95
SWMU60-MW02,390171.987836046,1431211.38482268,1043.32
SWMU60-SB103,390051.938570315,1431211.55482013,1050
SWMU60-SB104,390068.25847104,1431168.49508494,1080
SWMU60-SB105,390045.858607794,1431188.28496305,1065
SWMU65_96-MW01,393686.616444643,1422625.17763327,1023.28
SWMU65_96-MW02,393967.584726053,1422608.3977398,1016.09
SWMU65_96-MW03,393436.047971183,1423134.50449986,1024.82
SWMU65_96-MW04,393951.794818883,1422915.00585516,1019.81
SWMU65_96-MW05,393544.267311793,1422921.51581022,1024.71
SWMU65_96-MW06,393590.307029604,1422966.10553673,1024.89
SWMU65_96-SB107,393592.677013991,1423056.61498048,1024.89
SWMU65_96-SB108,393517.017476897,1423051.00501404,1024.89
SWMU65_96-SB109,393490.387640942,1422958.5255821,1024.71
SWMU65_96-SB110,393524.017435716,1422917.89583222,1024.71
SWMU67-MW01,390644.494959952,1430106.09162074,1079.95
SWMU67-MW02,390675.374770765,1430130.61147045,1080.26
SWMU67-MW03,390680.844737641,1430103.9916341,1079.96
SWMU67-SB104,390707.794572595,1430120.52153285,1079.96
SWMU67-SB105,390681.054735534,1430169.4812316601,1080.26
SWMU72-MW02,389429.212424605,1427648.19671022,1090.38
SWMU72-MW03,389534.121783374,1427611.01694003,1081.25
SWMU72-MW04,389617.58127215,1427667.21659571,1086.9
SWMU72-SB106,389667.780962757,1427850.52546981,1096.07
SWMU73-MW01,390582.025354438,1429124.57765165,1108.34
SWMU73-MW02,390693.514671052,1429239.39694743,1107.7
SWMU73-MW03,390835.14380589,1429149.57750116,1107.62
SWMU73-SB104,390688.544701067,1429269.53676215,1107.7
SWMU73-SB105,390644.794969483,1429204.95715847,1108.34
SWMU73-SB106,390664.064852501,1429135.16758759,1108.34
SWMU77-MW01,389217.353721916,1427537.79738602,1098.48
SWMU77-MW02,389252.973504423,1427507.39757329,1096.94
SWMU77-MW03,389271.513390777,1427526.43745652,1097.66
SWMU78-MW01,391856.267574123,1428022.4344405,1074.91
SWMU78-MW02,391899.177311465,1428037.68434731,1074.91
SWMU78-MW03,391946.337022765,1428056.83423021,1074.91
SWMU78-SB104,391909.107251144,1428004.35455226,1074.91
SWMU78-SB105,391915.137213298,1428081.30407944,1074.91
SWMU78-SB106,391864.077525821,1428065.3441769,1074.91
SWMU78-SB109,391899.097310925,1428120.45383866,1074.91
SWMU78-SB110,391973.206858062,1428084.60405987,1074.91
SWMU78-SB111,391922.607169193,1427954.11486117,1074.91
SWMU78-SB112,391879.717431345,1427969.79476429,1074.91
SWMU78-SB113,391797.887932245,1427940.224945,1074.91
SWMU78-SB114,391887.047383268,1428229.34316933,1066.38
SWMU78-SB115,391876.377452768,1427890.12525386,1074.91
SWMU78-SED07,392315.004769947,1427876.92534035,1064.16
SWMU78-SED08,392354.104531259,1427838.60557632,1064.16
SWMU78-SS107,391886.767386738,1428088.74403337,1074.91
SWMU78-SS108,391880.387426878,1427999.39458239,1074.91
SWMU90-MW01,390078.448422424,1430086.85173194,1099.65
SWMU90-MW03,390049.628599184,1430048.72196589,1100.24
SWMU90-SB102,390117.83818089,1430134.51143955,1099.65
SWMU90-SB104,390093.0583333,1430068.24184648,1099.65
SWMU90-SB105,390066.11849746,1430116.73154816,1099.65
SWMU90-SB106,390045.648622843,1430102.72163401,1099.65
SWMU90-SB107,390033.78869577,1430072.55181925,1100.24
SWMU91-MW01,389846.619867873,1427926.36500598,1104.1
SWMU91-MW02,389894.829574475,1427809.21572652,1096.94
SWMU91-MW03,389712.970687291,1427775.84592931,1096.07
SWMU91-SB104,389777.840288925,1427899.28517154,1102.44
SWMU91-SB105,389808.480101877,1427870.37534958,1102.44
SWMU91-SB106,389786.9302344,1427814.97568977,1102.44
SWMU92-MW01,389737.820538442,1427528.37745045,1066.67
SWMU92-MW02,389646.611096994,1427478.0977583,1076.02
SWMU92-MW03,389820.590031758,1427559.5672598,1084.8
SWMU92-SB104,389697.120786812,1427574.33716749,1066.67
SWMU92-SB105,389716.960664857,1427621.01688087,1079.26
SWMU92-SB106,389774.150314914,1427631.13681939,1079.26
SWMU92-SB107,389830.559969967,1427622.96687031,1084.8
SWMU92-SB108,389834.839944723,1427549.43732224,1084.8
SWMU92-SB109,389795.150187761,1427528.81744846,1084.8
SWMU92-SB110,389704.120744615,1427525.31746883,1076.02
SWMU93-MW01,390460.586119838,1427337.39863314,1056.5
SWMU93-MW02,390483.015982635,1427337.72863139,1056.19
SWMU93-SB103,390496.075902555,1427353.01853758,1056.19
SWMU98-MW01,394838.22940895,1421870.56228513,987.09
SWMU98-MW02,394893.329072738,1421799.84272045,982.6
SWMU98-MW04,394848.829345036,1421794.28275409,984.28
SWMU98-MW05,394996.598441106,1421790.29278038,982.77
SWMU98-SB103,394874.659187158,1421782.86282459,982.6
SWMU98-SDSW01,394876.339177054,1421768.57291244,982.6
SWMU98-SDSW02,394926.778868688,1421752.6030112,982.6
SWMU98-SDSW03,395021.77828789,1421722.33319838,982.6
SWMU98-SW04,395044.058152354,1421659.8635826,982.6
SWMU98-SW05,395127.647641714,1421600.94394574,982.6
SWMU98-SW06,395295.916611978,1421629.07377485,982.6
SWP1,390740.097222222,1430624.45833333,1068.66
SWP2,390749.097222222,1430654.45833333,1068.66
SWP5,390740.097222222,1430678.45833333,1068.66
T559HP001,391207.777222222,1429992.96833333,1099.13
T559HP002,391196.937222222,1430000.66833333,1096.38
T559HP003,391194.597222222,1430013.50833333,1093.94
T559HP004,391253.877222222,1429914.38833333,1101.48
T559HP005,391213.187222222,1430009.62833333,1096.88
T559HP006,391296.267222222,1429937.41833333,1101.11
T559HP007,391276.137222222,1429871.17833333,1101.88
T559HP008,391208.767222222,1429891.26833333,1102.01
T559HP009,391247.687222222,1429995.93833333,1100.82
T559HP010,391181.137222222,1429951.86833333,1102.17
T559HP011,391174.957222222,1430027.88833333,1089.36
T559HP012,391175.297222222,1430055.06833333,1090.24
T559HP013,391204.787222222,1430040.80833333,1091.47
T559HP014,391339.397222222,1429976.19833333,1101.08
T559HP015,391350.857222222,1429892.78833333,1101.21
T559HP016,391247.347222222,1429829.71833333,1102.47
T559HP017,391173.957222222,1429856.87833333,1102.54
T559HP018,391133.967222222,1429925.57833333,1102.7
T559HP019,391132.197222222,1430012.47833333,1085.93
T559HP020,391394.987222222,1429944.48833333,1101.12
T559HP021,391410.787222222,1430007.51833333,1100.52
T559HP022,391342.827222222,1430054.20833333,1100.18
T559HP023,391130.967222222,1429851.97833333,1102.95
T559HP024,391013.247222222,1429786.33833333,1103.53
T559HP025,390890.767222222,1429721.54833333,1105.1
T559HP026,391605.927222222,1429424.79833333,1099.01
T706HP001,390480.047222222,1430497.72833333,1078.78
T706HP002,390504.897222222,1430533.00833333,1077.06
U-133,392676.107222222,1427177.12833333,1017.82
U-134,392332.067222222,1427404.49833333,1049.14
VE1,389905.847222222,1429684.53833333,1107.49
VE2,389991.677222222,1429769.88833333,1105.57
VE3,389942.117222222,1429753.38833333,1105.46
VE4,389947.717222222,1429555.37833333,1109.88
VE5,389964.757222222,1429612.31833333,1109.45
VE6,389874.507222222,1429544.86833333,1107.69
VE7,389895.597222222,1429607.58833333,1107.24
VE8,389864.197222222,1429681.00833333,1106.88
VE9,389892.357222222,1429659.61833333,1107.42
VEP-1,394476.987222222,1421012.87833333,993.89
VM-1C,394484.967222222,1420992.49833333,994.92
VM-2C,394472.277222222,1421019.74833333,993.78
VM-3C,394492.867222222,1421049.06833333,993.44
WT018-MW01,389524.711841936,1427532.34742338,1082.32
WT018-MW02,389508.231942681,1427536.80739576,1082.69
WT018-MW03,389546.431709479,1427501.04761601,1080.08
