LOCID,ECOORD,NCOORD,ELEV,MPELEV,IBDEPTH,IEDEPTH,maxdepth,zero,ECOORD.1,NCOORD.1
8GSE01,390184.097222222,1431281.45833333,1035,NA,NA,NA,NA,0,390184.097222222,1431281.45833333
8GSE02,390294.097222222,1431269.95833333,1030,NA,NA,NA,NA,0,390294.097222222,1431269.95833333
8GSW01,390524.097222222,1431277.45833333,1023,NA,NA,NA,NA,0,390524.097222222,1431277.45833333
8GSW02,390296.617222222,1431270.47833333,1030.02,NA,NA,NA,NA,0,390296.617222222,1431270.47833333
8HAA01,390325.097222222,1431292.45833333,1038,NA,NA,NA,NA,0,390325.097222222,1431292.45833333
8HAA02,390469.097222222,1431337.45833333,1030,NA,NA,NA,NA,0,390469.097222222,1431337.45833333
8HAA03,390435.097222222,1431309.45833333,1030,NA,NA,NA,NA,0,390435.097222222,1431309.45833333
8HAA04,390419.097222222,1431215.45833333,1026,NA,NA,NA,NA,0,390419.097222222,1431215.45833333
8HAA05,390500.097222222,1431195.45833333,1026,NA,NA,NA,NA,0,390500.097222222,1431195.45833333
8HAA06,390537.097222222,1431187.45833333,1027,NA,NA,NA,NA,0,390537.097222222,1431187.45833333
8HAA07,390571.097222222,1431182.45833333,1028,NA,NA,NA,NA,0,390571.097222222,1431182.45833333
8HAA08,390625.097222222,1431222.45833333,1028,NA,NA,NA,NA,0,390625.097222222,1431222.45833333
8HAA09,390393.097222222,1431191.45833333,1036,NA,NA,NA,NA,0,390393.097222222,1431191.45833333
8HAA10,390104.097222222,1431196.45833333,1065,NA,NA,NA,NA,0,390104.097222222,1431196.45833333
8HAA11,390189.097222222,1431177.45833333,1057,NA,NA,NA,NA,0,390189.097222222,1431177.45833333
8HAA12,390391.097222222,1431136.45833333,1048,NA,NA,NA,NA,0,390391.097222222,1431136.45833333
8HAA13,390481.097222222,1431145.45833333,1044,NA,NA,NA,NA,0,390481.097222222,1431145.45833333
8HAA14,390539.097222222,1431118.45833333,1049,NA,NA,NA,NA,0,390539.097222222,1431118.45833333
8HAA15,390306.097222222,1431130.45833333,1061,NA,NA,NA,NA,0,390306.097222222,1431130.45833333
8HAA16,390371.097222222,1431086.45833333,1065,NA,NA,NA,NA,0,390371.097222222,1431086.45833333
8HAA17,390445.097222222,1431092.45833333,1061,NA,NA,NA,NA,0,390445.097222222,1431092.45833333
8HAA18,390525.097222222,1431076.45833333,1063,NA,NA,NA,NA,0,390525.097222222,1431076.45833333
8HAA19,390569.097222222,1431050.45833333,1061,NA,NA,NA,NA,0,390569.097222222,1431050.45833333
8HAA20,390309.097222222,1430731.45833333,1082,NA,NA,NA,NA,0,390309.097222222,1430731.45833333
8MWT01,390651.417222222,1431192.20833333,1037,1036.67,10,15,15,0,390651.417222222,1431192.20833333
8MWT02,390555.927222222,1431287.45833333,1030,1030.15,5,10,10,0,390555.927222222,1431287.45833333
8MWT03,390478.827222222,1431169.04833333,1039,1038.76,11,16,16,0,390478.827222222,1431169.04833333
AFP0604-001,390412.396386434,1429564.4149466,1108.2,1108.21,28.91,38.91,38.91,0,390412.396386434,1429564.4149466
AFP0604-002,390463.656073121,1429546.98505434,1108.16,1108.14,25.08,35.08,35.08,0,390463.656073121,1429546.98505434
AFP0604-003,390438.976223531,1429590.21478838,1107.75,1107.71,29.7,39.7,39.7,0,390438.976223531,1429590.21478838
AFP0604-004,390440.266215989,1429562.29495998,1110,NA,NA,NA,NA,0,390440.266215989,1429562.29495998
AFP0607-001,390356.126710089,1431187.17497373,1038.02,1039.4,5.14,15.14,15.14,0,390356.126710089,1431187.17497373
AFP0607-002,390481.215945398,1431155.16517199,1039.26,1039.7,13.9,23.9,23.9,0,390481.215945398,1431155.16517199
AFP0607-003,390390.936499578,1430997.51613964,1073.31,1074.45,40.03,50.03,50.03,0,390390.936499578,1430997.51613964
AFP0607-004,390344.286783503,1431108.14545923,1056,NA,NA,NA,NA,0,390344.286783503,1431108.14545923
AFP0607-005,390399.736444493,1431097.15552746,1050,NA,NA,NA,NA,0,390399.736444493,1431097.15552746
AFP0611-001,390518.275716653,1431319.57416215,1036,NA,NA,NA,NA,0,390518.275716653,1431319.57416215
AFP0612-001,391066.712367498,1430898.2367581,1024,NA,NA,NA,NA,0,391066.712367498,1430898.2367581
AS-LEAK,389919.247222222,1429636.75833333,1121,NA,NA,NA,NA,0,389919.247222222,1429636.75833333
B04520,389939.157222222,1430462.84833333,1050,1102.2,5,15,15,0,389939.157222222,1430462.84833333
B04540,391062.847222222,1431020.56833333,1028.89,1031.88,90,100,100,0,391062.847222222,1431020.56833333
B04542,390538.857222222,1429302.17833333,1109.1,1108.36,40,50,50,0,390538.857222222,1429302.17833333
B04544,392045.517222222,1429619.62833333,1090.69,NA,NA,NA,NA,0,392045.517222222,1429619.62833333
B04545,389804.537222222,1429498.47833333,1107.23,1106.79,150,160,160,0,389804.537222222,1429498.47833333
B04546,389977.427222222,1429627.06833333,1109.28,1109.09,114,124,124,0,389977.427222222,1429627.06833333
B04547,390026.737222222,1429896.43833333,1104.54,1104.21,153,163,163,0,390026.737222222,1429896.43833333
B04548,390158.387222222,1429896.72833333,1108.31,1107.92,127,137,137,0,390158.387222222,1429896.72833333
B04549,390259.037222222,1430081.00833333,1096.75,1096.49,118,128,128,0,390259.037222222,1430081.00833333
B04550,390541.627222222,1430266.58833333,1072.34,NA,NA,NA,NA,0,390541.627222222,1430266.58833333
B04551,390509.387222222,1430635.12833333,1075.83,NA,NA,NA,NA,0,390509.387222222,1430635.12833333
B04552,390782.057222222,1431030.97833333,1056.57,NA,NA,NA,NA,0,390782.057222222,1431030.97833333
B04553,390873.717222222,1430551.30833333,1042.37,NA,NA,NA,NA,0,390873.717222222,1430551.30833333
B04557,390809.547222222,1431152.79833333,1055.78,1058.55,43,113,113,0,390809.547222222,1431152.79833333
B04558,390928.207222222,1430649.55833333,1040.46,1043.16,114,124,124,0,390928.207222222,1430649.55833333
B04559,390878.247222222,1430567.96833333,1041.76,1044.45,84,94,94,0,390878.247222222,1430567.96833333
B04560,390890.137222222,1430458.79833333,1047.04,1049.35,87,97,97,0,390890.137222222,1430458.79833333
B04561,390890.837222222,1430462.84833333,1046.82,1049.56,55,65,65,0,390890.837222222,1430462.84833333
B04562,389932.277222222,1429709.42833333,1107.82,1107.63,134,184,184,0,389932.277222222,1429709.42833333
B04563,389909.197222222,1429713.83833333,1107.39,1107.17,124,184,184,0,389909.197222222,1429713.83833333
B04564,389891.217222222,1429684.41833333,1107.23,1107.03,110,180,180,0,389891.217222222,1429684.41833333
B04565,390006.277222222,1429691.77833333,1108.82,1108.59,118,218,218,0,390006.277222222,1429691.77833333
B04570,390053.827222222,1429675.84833333,1108.95,1108.62,109.5,119.5,119.5,0,390053.827222222,1429675.84833333
B04571,389944.897222222,1429645.77833333,1107.73,1107.63,84,94,94,0,389944.897222222,1429645.77833333
B04572,389945.187222222,1429655.65833333,1107.73,1107.63,68,78,78,0,389945.187222222,1429655.65833333
B04573,389944.927222222,1429665.42833333,1107.73,1107.63,50.5,60.5,60.5,0,389944.927222222,1429665.42833333
B04574,389945.287222222,1429645.25833333,1107.73,1107.64,34,44,44,0,389945.287222222,1429645.25833333
B04575,389981.617222222,1429637.23833333,1109.24,1108.88,79,89,89,0,389981.617222222,1429637.23833333
B04576,389971.567222222,1429631.43833333,1109.24,1109,60,70,70,0,389971.567222222,1429631.43833333
B04577,389980.697222222,1429634.87833333,1109.24,1109.09,45,55,55,0,389980.697222222,1429634.87833333
B04578,389966.777222222,1429631.65833333,1109.24,1109.07,29,39,39,0,389966.777222222,1429631.65833333
B04579,390009.027222222,1429629.70833333,1109.24,1109,175,195,195,0,390009.027222222,1429629.70833333
B04580,389940.547222222,1429644.08833333,1107.41,1107.18,85.5,95.5,95.5,0,389940.547222222,1429644.08833333
B04581,389938.807222222,1429648.22833333,1107.41,1107.11,63,73,73,0,389938.807222222,1429648.22833333
B04582,389938.717222222,1429646.44833333,1107.41,1107.17,50,60,60,0,389938.717222222,1429646.44833333
B04583,389942.837222222,1429645.79833333,1107.41,1107.16,31,41,41,0,389942.837222222,1429645.79833333
B04584,389941.287222222,1429641.78833333,1107.49,1106.49,50,60,60,0,389941.287222222,1429641.78833333
B04585,389937.687222222,1429624.65833333,1107.61,1106.61,50,60,60,0,389937.687222222,1429624.65833333
B04586,390000.967222222,1429643.99833333,1109.03,1108.55,218,228,228,0,390000.967222222,1429643.99833333
B04589,390037.777222222,1429687.58833333,1108.84,1108.19,5,15,15,0,390037.777222222,1429687.58833333
B04590,389938.287222222,1429633.12833333,1107.55,1107.3,5,15,15,0,389938.287222222,1429633.12833333
B04591,389932.667222222,1429628.59833333,1107.55,1107.23,67,77,77,0,389932.667222222,1429628.59833333
B04592,389933.877222222,1429629.70833333,1107.55,1107.19,49,59,59,0,389933.877222222,1429629.70833333
B04600,390154.917222222,1430330.96833333,1096.56,1096.01,74,84,84,0,390154.917222222,1430330.96833333
B04600A,390158.927222222,1430337.96833333,1096.56,1096.01,41,41.1,41.1,0,390158.927222222,1430337.96833333
B04600B,390155.937222222,1430331.46833333,1096.56,1096.01,48,48.1,48.1,0,390155.937222222,1430331.46833333
B04600C,390154.947222222,1430333.46833333,1096.56,1096.01,55,55.1,55.1,0,390154.947222222,1430333.46833333
B04600D,390156.457222222,1430332.46833333,1096.56,1096.01,62,62.1,62.1,0,390156.457222222,1430332.46833333
B04600E,390157.967222222,1430332.46833333,1096.56,1096.01,69,69.1,69.1,0,390157.967222222,1430332.46833333
B04600F,390152.977222222,1430331.46833333,1096.56,1096.01,76,76.1,76.1,0,390152.977222222,1430331.46833333
B04601,390335.737222222,1430305.21833333,1093.08,1092.83,100,110,110,0,390335.737222222,1430305.21833333
B04601A,390336.747222222,1430306.21833333,1093.08,1092.83,45,45.1,45.1,0,390336.747222222,1430306.21833333
B04601B,390334.257222222,1430302.71833333,1093.08,1092.83,54,54.1,54.1,0,390334.257222222,1430302.71833333
B04601C,390336.767222222,1430305.21833333,1093.08,1092.83,63,63.1,63.1,0,390336.767222222,1430305.21833333
B04601D,390337.277222222,1430302.21833333,1093.08,1092.83,72,72.1,72.1,0,390337.277222222,1430302.21833333
B04601E,390333.787222222,1430300.71833333,1093.08,1092.83,81,81.1,81.1,0,390333.787222222,1430300.71833333
B04601F,390334.297222222,1430305.21833333,1093.08,1092.83,90,90.1,90.1,0,390334.297222222,1430305.21833333
B04601G,390337.807222222,1430301.71833333,1093.08,1092.83,99,99.1,99.1,0,390337.807222222,1430301.71833333
B04602,390462.017222222,1430242.21833333,1075.74,1075.39,45,55,55,0,390462.017222222,1430242.21833333
B04603,390614.097222222,1430298.43833333,1070.79,1070.63,55,65,65,0,390614.097222222,1430298.43833333
B04604,389906.687222222,1429548.49833333,1108.66,1108.16,85,95,95,0,389906.687222222,1429548.49833333
B04605,389980.397222222,1429757.32833333,1104.82,1104.5,70,80,80,0,389980.397222222,1429757.32833333
B04606,390129.747222222,1429915.25833333,1107.65,1107.4,71,81,81,0,390129.747222222,1429915.25833333
B04607,390223.607222222,1430066.73833333,1098.01,1097.62,95,105,105,0,390223.607222222,1430066.73833333
B04608,389886.537222222,1429676.09833333,1107.09,1106.72,88,98,98,0,389886.537222222,1429676.09833333
B04639,389909.257222222,1429576.11833333,1107.75,1107.37,140,160,160,0,389909.257222222,1429576.11833333
B04640,390319.437222222,1429937.18833333,1106.07,1105.8,147,167,167,0,390319.437222222,1429937.18833333
B04641,390080.727222222,1430086.95833333,1099.83,1099.21,156,176,176,0,390080.727222222,1430086.95833333
B04642,390315.657222222,1430396.13833333,1094.09,1093.65,115,135,135,0,390315.657222222,1430396.13833333
B04643,389810.797222222,1429486.08833333,1107.31,1107.08,94,164,164,0,389810.797222222,1429486.08833333
B04649,390002.687222222,1429811.62833333,1105.45,1104.58,192,247,247,0,390002.687222222,1429811.62833333
B04654,390239.597222222,1429854.54833333,1108.01,1107.53,147,157,157,0,390239.597222222,1429854.54833333
B04658,390340.767222222,1429919.01833333,1106.55,1106.61,125,135,135,0,390340.767222222,1429919.01833333
B04662,390375.997222222,1430017.81833333,1094.23,1094.1,80,120,120,0,390375.997222222,1430017.81833333
B04665,390250.817222222,1430149.19833333,1100.86,1100.3,112,142,142,0,390250.817222222,1430149.19833333
B04667,390524.607222222,1430033.58833333,1086.93,1086.44,53,68,68,0,390524.607222222,1430033.58833333
B04669,390549.307222222,1430258.60833333,1072.61,1072.01,50,60,60,0,390549.307222222,1430258.60833333
B04670,390582.017222222,1430272.44833333,1070.43,1070.77,50,105,105,0,390582.017222222,1430272.44833333
B04681,391081.347222222,1430953.75833333,1026.81,1026.57,NA,NA,NA,0,391081.347222222,1430953.75833333
B04682,391076.847222222,1430951.81833333,1026.81,1026.57,60,70,70,0,391076.847222222,1430951.81833333
B04683,391078.297222222,1430955.76833333,1026.81,1026.57,85,100,100,0,391078.297222222,1430955.76833333
B04684,391147.047222222,1430882.15833333,1029.29,1029.03,NA,NA,NA,0,391147.047222222,1430882.15833333
B04685,391146.557222222,1430881.68833333,1029.29,1029.03,50,60,60,0,391146.557222222,1430881.68833333
B04686,391145.507222222,1430878.73833333,1029.29,1029.03,75,100,100,0,391145.507222222,1430878.73833333
B04687,391210.247222222,1430810.35833333,1034.66,1034.52,NA,NA,NA,0,391210.247222222,1430810.35833333
B04688,391207.267222222,1430809.93833333,1034.66,1034.52,NA,NA,NA,0,391207.267222222,1430809.93833333
B04689,391209.717222222,1430812.88833333,1034.67,1034.52,87.4,97.4,97.4,0,391209.717222222,1430812.88833333
B04690,391147.357222222,1430905.19833333,1027.26,1027.22,35.5,55.5,55.5,0,391147.357222222,1430905.19833333
B04691,391196.787222222,1430856.88833333,1031.78,1031.6,45,55,55,0,391196.787222222,1430856.88833333
B04692,391250.327222222,1430807.39833333,1039.87,1039.79,70,80,80,0,391250.327222222,1430807.39833333
B04693,391140.947222222,1430942.95833333,1024.68,1024.11,NA,NA,NA,0,391140.947222222,1430942.95833333
B04694,391138.427222222,1430941.03833333,1024.68,1024.11,NA,NA,NA,0,391138.427222222,1430941.03833333
B04695,391144.977222222,1430944.98833333,1024.68,1024.11,75,95,95,0,391144.977222222,1430944.98833333
B04696,391179.647222222,1430912.45833333,1028.48,1028.44,NA,NA,NA,0,391179.647222222,1430912.45833333
B04697,391175.167222222,1430906.00833333,1028.48,1028.44,NA,NA,NA,0,391175.167222222,1430906.00833333
B04698,391178.617222222,1430907.95833333,1028.48,1028.44,83,93,93,0,391178.617222222,1430907.95833333
B04699,391248.247222222,1430843.75833333,1036.08,1035.67,48,58,58,0,391248.247222222,1430843.75833333
B04700,391244.727222222,1430843.83833333,1036.08,1035.67,NA,NA,NA,0,391244.727222222,1430843.83833333
B04701,391248.777222222,1430846.78833333,1036.08,1035.67,90,110,110,0,391248.777222222,1430846.78833333
B04707,391133.737222222,1430914.35833333,1025.8,1025.94,53,68,68,0,391133.737222222,1430914.35833333
B04715,391221.777222222,1430829.52833333,1034.85,1034.71,68,88,88,0,391221.777222222,1430829.52833333
B04729,390137.437222222,1430332.33833333,1096.76,1096.24,80,90,90,0,390137.437222222,1430332.33833333
B04730,390143.587222222,1430330.14833333,1096.76,1096.5,125,135,135,0,390143.587222222,1430330.14833333
B04734,391050.217222222,1431001.81833333,1031.91,1031.75,48,58,58,0,391050.217222222,1431001.81833333
B04735,391056.417222222,1431005.84833333,1031.92,1031.52,65,75,75,0,391056.417222222,1431005.84833333
B04736,391056.177222222,1430999.23833333,1031.32,1030.94,88,98,98,0,391056.177222222,1430999.23833333
B04737,391312.527222222,1430738.03833333,1053.68,1053.2,42,52,52,0,391312.527222222,1430738.03833333
B04MIP01,389887.197222222,1429574.51833333,1107.57,NA,NA,NA,NA,0,389887.197222222,1429574.51833333
B04MIP03,389893.037222222,1429590.04833333,1107.51,NA,NA,NA,NA,0,389893.037222222,1429590.04833333
B04MIP04,389964.817222222,1429737.21833333,1105.61,NA,NA,NA,NA,0,389964.817222222,1429737.21833333
B04MIP08,389926.087222222,1429580.82833333,1108.01,NA,NA,NA,NA,0,389926.087222222,1429580.82833333
B04MIP10,389951.837222222,1429739.06833333,1105.65,NA,NA,NA,NA,0,389951.837222222,1429739.06833333
B04MIP11,389946.157222222,1429683.46833333,1108.53,NA,NA,NA,NA,0,389946.157222222,1429683.46833333
B04MIP12,390011.897222222,1429682.35833333,1108.76,NA,NA,NA,NA,0,390011.897222222,1429682.35833333
B04MIP15,389933.797222222,1429604.81833333,1108.08,NA,NA,NA,NA,0,389933.797222222,1429604.81833333
B30HP001,390033.337222222,1430126.27833333,1102.95,NA,NA,NA,NA,0,390033.337222222,1430126.27833333
B30HP003,390095.997222222,1430119.00833333,1098.86,NA,NA,NA,NA,0,390095.997222222,1430119.00833333
B30HP005,390031.327222222,1430109.17833333,1103.08,NA,NA,NA,NA,0,390031.327222222,1430109.17833333
B30HP006,390057.447222222,1430106.43833333,1098.89,NA,NA,NA,NA,0,390057.447222222,1430106.43833333
B30HP007,390090.587222222,1430101.84833333,1099.26,NA,NA,NA,NA,0,390090.587222222,1430101.84833333
B30HP008,390102.577222222,1430099.67833333,1099.19,NA,NA,NA,NA,0,390102.577222222,1430099.67833333
B30HP009,390029.767222222,1430093.13833333,1102.8,NA,NA,NA,NA,0,390029.767222222,1430093.13833333
B30HP013,390033.347222222,1430076.93833333,1102.24,NA,NA,NA,NA,0,390033.347222222,1430076.93833333
B30HP014,390051.817222222,1430073.42833333,1099.53,NA,NA,NA,NA,0,390051.817222222,1430073.42833333
B30HP016,390090.597222222,1430069.78833333,1099.86,NA,NA,NA,NA,0,390090.597222222,1430069.78833333
B30HP017,390039.507222222,1430145.73833333,1102.99,NA,NA,NA,NA,0,390039.507222222,1430145.73833333
B30HP018,390071.407222222,1430142.51833333,1098.7,NA,NA,NA,NA,0,390071.407222222,1430142.51833333
B30HP020,390117.697222222,1430132.43833333,1098.3,NA,NA,NA,NA,0,390117.697222222,1430132.43833333
B30HP021,389981.427222222,1430174.99833333,1103.32,NA,NA,NA,NA,0,389981.427222222,1430174.99833333
B30HP022,390039.397222222,1430168.54833333,1103.07,NA,NA,NA,NA,0,390039.397222222,1430168.54833333
B30HP023,390073.637222222,1430168.46833333,1098.16,NA,NA,NA,NA,0,390073.637222222,1430168.46833333
B30HP024,390107.727222222,1430164.56833333,1097.86,NA,NA,NA,NA,0,390107.727222222,1430164.56833333
B30HP025,390128.997222222,1430159.50833333,1097.69,NA,NA,NA,NA,0,390128.997222222,1430159.50833333
B30HP026,390023.327222222,1430043.36833333,1102.45,NA,NA,NA,NA,0,390023.327222222,1430043.36833333
B30HP027,390063.797222222,1430039.35833333,1100.45,NA,NA,NA,NA,0,390063.797222222,1430039.35833333
B30HP028,390087.277222222,1430034.92833333,1100.77,NA,NA,NA,NA,0,390087.277222222,1430034.92833333
B30HP029,390116.997222222,1430048.02833333,1100.06,NA,NA,NA,NA,0,390116.997222222,1430048.02833333
B30HP030,390070.437222222,1430199.60833333,1098.44,NA,NA,NA,NA,0,390070.437222222,1430199.60833333
B30HP031,390103.167222222,1430193.02833333,1097.62,NA,NA,NA,NA,0,390103.167222222,1430193.02833333
B30HP032,390138.677222222,1430188.97833333,1097.35,NA,NA,NA,NA,0,390138.677222222,1430188.97833333
B30HP033,390172.277222222,1430184.75833333,1097.37,NA,NA,NA,NA,0,390172.277222222,1430184.75833333
B30HP034,390078.987222222,1430315.09833333,1096.08,NA,NA,NA,NA,0,390078.987222222,1430315.09833333
B30HP035,389998.507222222,1430233.55833333,1101.97,NA,NA,NA,NA,0,389998.507222222,1430233.55833333
B30HP036,389998.467222222,1430100.00833333,1103.76,NA,NA,NA,NA,0,389998.467222222,1430100.00833333
B31HP001,390314.557222222,1430855.12833333,1080.28,NA,NA,NA,NA,0,390314.557222222,1430855.12833333
B31HP002,390338.117222222,1430865.27833333,1079.53,NA,NA,NA,NA,0,390338.117222222,1430865.27833333
B31HP003,390272.607222222,1430897.31833333,1080.53,NA,NA,NA,NA,0,390272.607222222,1430897.31833333
B3AREA4,389919.097222222,1429236.45833333,1110,NA,NA,NA,NA,0,389919.097222222,1429236.45833333
B3FLOOR,389939.097222222,1429336.45833333,1110,NA,NA,NA,NA,0,389939.097222222,1429336.45833333
B3SUMP,389919.097222222,1429416.45833333,1110,NA,NA,NA,NA,0,389919.097222222,1429416.45833333
B44ASSVE-EFF,390252.587222222,1430315.00833333,1094,NA,NA,NA,NA,0,390252.587222222,1430315.00833333
B4MWAA,390220.737222222,1431458.04833333,1071.48,1071.47,59.35,74.51,74.51,0,390220.737222222,1431458.04833333
B4MWBB,389960.407222222,1430413.32833333,1093.7,1093.26,29,44.23,44.23,0,389960.407222222,1430413.32833333
B4MWD,390219.097222222,1430556.45833333,1080,NA,NA,NA,NA,0,390219.097222222,1430556.45833333
B4MWDD,391973.227222222,1429387.30833333,1095.67,1097.9,41,56,56,0,391973.227222222,1429387.30833333
B4MWE,389668.767222222,1430780.96833333,1095.34,NA,14.5,29.5,29.5,0,389668.767222222,1430780.96833333
B4MWF,389670.117222222,1430787.68833333,1092.07,1091.62,NA,NA,NA,0,389670.117222222,1430787.68833333
B4MWFF,391768.327222222,1429858.36833333,1099.26,1101.36,NA,NA,NA,0,391768.327222222,1429858.36833333
B4MWH,390525.467222222,1430409.03833333,1074.9,1076.87,64,79,79,0,390525.467222222,1430409.03833333
B4MWHH,391059.587222222,1429863.53833333,1103.13,1104.63,NA,NA,NA,0,391059.587222222,1429863.53833333
B4MWHH-A,391062.187222222,1429869.87833333,1103.13,1104.08,425,435,435,0,391062.187222222,1429869.87833333
B4MWHH-B,391058.697222222,1429864.37833333,1103.13,1104.08,195,245,245,0,391058.697222222,1429864.37833333
B4MWI,390536.577222222,1430398.66833333,1074.6,1076.04,NA,NA,NA,0,390536.577222222,1430398.66833333
B4MWIA,390539.927222222,1430403.38833333,1076.69,1077.62,131,143,143,0,390539.927222222,1430403.38833333
B4MWIB,390544.437222222,1430407.88833333,1076.69,1077.62,106.9,111.9,111.9,0,390544.437222222,1430407.88833333
B4MWIC,390538.447222222,1430401.88833333,1076.69,1077.62,80.3,85.3,85.3,0,390538.447222222,1430401.88833333
B4MWQ,390661.327222222,1430827.91833333,1062.3,1064.99,NA,NA,NA,0,390661.327222222,1430827.91833333
B4MWT,390011.467222222,1429647.70833333,1109.1,1108.52,NA,NA,NA,0,390011.467222222,1429647.70833333
B4MWU,390283.797222222,1430167.61833333,1095.5,1095.27,104,119,119,0,390283.797222222,1430167.61833333
B4MWV,390730.547222222,1429427.00833333,1107.4,1107.12,83.2,98.2,98.2,0,390730.547222222,1429427.00833333
B4MWZ,390194.097222222,1431036.45833333,1080,NA,NA,NA,NA,0,390194.097222222,1431036.45833333
B4PIIHP001,390624.357222222,1429570.75833333,1107.3,NA,NA,NA,NA,0,390624.357222222,1429570.75833333
B4PIIHP002,390620.337222222,1429311.62833333,1108.18,NA,NA,NA,NA,0,390620.337222222,1429311.62833333
B4PIIHP003,390897.877222222,1429512.36833333,1106.34,NA,NA,NA,NA,0,390897.877222222,1429512.36833333
B4PIIHP007,390993.117222222,1429301.64833333,1104.64,NA,NA,NA,NA,0,390993.117222222,1429301.64833333
B4PIIHP008,390915.817222222,1429688.02833333,1104.77,NA,NA,NA,NA,0,390915.817222222,1429688.02833333
B4PIIHP009,390833.447222222,1429714.05833333,1104.68,NA,NA,NA,NA,0,390833.447222222,1429714.05833333
B4PIIHP010,390856.037222222,1429792.21833333,1104.15,NA,NA,NA,NA,0,390856.037222222,1429792.21833333
B4PIIHP011,390924.437222222,1429781.40833333,1104.02,NA,NA,NA,NA,0,390924.437222222,1429781.40833333
B4PIIHP012,391043.067222222,1429740.11833333,1103.67,NA,NA,NA,NA,0,391043.067222222,1429740.11833333
B4PIIHP013,390980.547222222,1429854.33833333,1103.35,NA,NA,NA,NA,0,390980.547222222,1429854.33833333
B4PIIHP014,391065.917222222,1429851.39833333,1102.75,NA,NA,NA,NA,0,391065.917222222,1429851.39833333
B4PIIHP015,390197.797222222,1430396.84833333,1092.66,NA,NA,NA,NA,0,390197.797222222,1430396.84833333
B4PIIHP016,390139.057222222,1430744.53833333,1088.06,NA,NA,NA,NA,0,390139.057222222,1430744.53833333
B4PIIHP017,390074.827222222,1430796.53833333,1088.68,NA,NA,NA,NA,0,390074.827222222,1430796.53833333
B4PIIHP018,390049.937222222,1430961.27833333,1087.35,NA,NA,NA,NA,0,390049.937222222,1430961.27833333
B4PIIHP018A,390053.937222222,1430961.27833333,1087.35,NA,NA,NA,NA,0,390053.937222222,1430961.27833333
B4PIIHP019,390276.227222222,1430963.96833333,1077.22,NA,NA,NA,NA,0,390276.227222222,1430963.96833333
B4PIIHP020,391049.067222222,1429885.73833333,1102.89,NA,NA,NA,NA,0,391049.067222222,1429885.73833333
B4PIIHP021,391094.177222222,1429815.01833333,1102.67,NA,NA,NA,NA,0,391094.177222222,1429815.01833333
B4PIIHP022,390931.337222222,1429942.48833333,1080.25,NA,NA,NA,NA,0,390931.337222222,1429942.48833333
B4PIIHP023,391049.977222222,1429963.53833333,1082.81,NA,NA,NA,NA,0,391049.977222222,1429963.53833333
B4PIIHP024,391140.887222222,1429800.83833333,1102.72,NA,NA,NA,NA,0,391140.887222222,1429800.83833333
B4PIIHP033,391246.997222222,1430772.36833333,1030,NA,NA,NA,NA,0,391246.997222222,1430772.36833333
B4PIIHP034,391146.387222222,1430907.90833333,1030,NA,NA,NA,NA,0,391146.387222222,1430907.90833333
B4PIIHP035,390253.487222222,1431040.64833333,1030,NA,NA,NA,NA,0,390253.487222222,1431040.64833333
B4PIIHP036,390179.427222222,1431053.22833333,1030,NA,NA,NA,NA,0,390179.427222222,1431053.22833333
B4SO001,390279.097222222,1430546.45833333,1050,NA,NA,NA,NA,0,390279.097222222,1430546.45833333
B4SO002,390299.097222222,1430556.45833333,1050,NA,NA,NA,NA,0,390299.097222222,1430556.45833333
B4SPILL,390309.097222222,1430566.45833333,1050,NA,NA,NA,NA,0,390309.097222222,1430566.45833333
B4WS001,390527.577222222,1431312.36833333,1028.48,NA,NA,NA,NA,0,390527.577222222,1431312.36833333
B4WS002,391119.277222222,1430942.74833333,1023.51,NA,NA,NA,NA,0,391119.277222222,1430942.74833333
B4WS003,391860.097222222,1430017.30833333,1088.79,NA,NA,NA,NA,0,391860.097222222,1430017.30833333
B4WS004,389929.787222222,1429950.51833333,1101.9,NA,NA,NA,NA,0,389929.787222222,1429950.51833333
B4WS005,389652.557222222,1429732.63833333,1105.47,NA,NA,NA,NA,0,389652.557222222,1429732.63833333
B4WS006,389709.217222222,1429678.64833333,1105.88,NA,NA,NA,NA,0,389709.217222222,1429678.64833333
B4WS007,389922.987222222,1429836.66833333,1103.66,NA,NA,NA,NA,0,389922.987222222,1429836.66833333
B4WS008,389808.507222222,1429727.80833333,1105.11,NA,NA,NA,NA,0,389808.507222222,1429727.80833333
B4WS009,390269.097222222,1430536.45833333,1090,NA,NA,NA,NA,0,390269.097222222,1430536.45833333
B4WS010,391596.167222222,1429991.80833333,1100,NA,NA,NA,NA,0,391596.167222222,1429991.80833333
B4WS011,391543.057222222,1430090.51833333,1099.01,NA,NA,NA,NA,0,391543.057222222,1430090.51833333
B4WS012,391452.127222222,1430289.06833333,1080.27,NA,NA,NA,NA,0,391452.127222222,1430289.06833333
B58HP001,391745.657222222,1430163.49833333,1099.38,NA,NA,NA,NA,0,391745.657222222,1430163.49833333
B58HP002,391731.497222222,1430156.22833333,1099.94,NA,NA,NA,NA,0,391731.497222222,1430156.22833333
B58HP003,391716.617222222,1430148.65833333,1100.44,NA,NA,NA,NA,0,391716.617222222,1430148.65833333
B58HP004,391693.057222222,1430168.79833333,1100.38,NA,NA,NA,NA,0,391693.057222222,1430168.79833333
B58HP005,391675.057222222,1430178.12833333,1100.35,NA,NA,NA,NA,0,391675.057222222,1430178.12833333
B58HP006,391646.257222222,1430185.29833333,1100.05,NA,NA,NA,NA,0,391646.257222222,1430185.29833333
B58HP007,391654.387222222,1430167.14833333,1100.57,NA,NA,NA,NA,0,391654.387222222,1430167.14833333
B58HP008,391623.767222222,1430174.71833333,1100.11,NA,NA,NA,NA,0,391623.767222222,1430174.71833333
B58HP012,391570.567222222,1430148.35833333,1100.07,NA,NA,NA,NA,0,391570.567222222,1430148.35833333
B58HP013,391579.437222222,1430133.92833333,1100.43,NA,NA,NA,NA,0,391579.437222222,1430133.92833333
B58HP014,391549.587222222,1430126.98833333,1099.88,NA,NA,NA,NA,0,391549.587222222,1430126.98833333
B58HP015,391563.037222222,1430105.61833333,1100.22,NA,NA,NA,NA,0,391563.037222222,1430105.61833333
B58HP016,391573.307222222,1430093.13833333,1100.61,NA,NA,NA,NA,0,391573.307222222,1430093.13833333
B58HP017,391524.887222222,1430067.23833333,1099.43,NA,NA,NA,NA,0,391524.887222222,1430067.23833333
B58HP018,391644.067222222,1429895.68833333,1100.53,NA,NA,NA,NA,0,391644.067222222,1429895.68833333
B58HP019,391659.267222222,1429866.74833333,1100.32,NA,NA,NA,NA,0,391659.267222222,1429866.74833333
B58HP020,391708.817222222,1429770.90833333,1099.53,NA,NA,NA,NA,0,391708.817222222,1429770.90833333
B58HP021,391746.747222222,1429734.24833333,1099.14,NA,NA,NA,NA,0,391746.747222222,1429734.24833333
B58HP022,391777.397222222,1429804.33833333,1099.52,NA,NA,NA,NA,0,391777.397222222,1429804.33833333
B58HP023,391662.237222222,1429751.08833333,1099.4,NA,NA,NA,NA,0,391662.237222222,1429751.08833333
B58HP024,391692.567222222,1429810.90833333,1099.89,NA,NA,NA,NA,0,391692.567222222,1429810.90833333
B58HP025,391723.167222222,1429898.05833333,1100.37,NA,NA,NA,NA,0,391723.167222222,1429898.05833333
B58HP026,391618.917222222,1429845.02833333,1100.53,NA,NA,NA,NA,0,391618.917222222,1429845.02833333
B58HP027,391557.147222222,1430058.16833333,1099.31,NA,NA,NA,NA,0,391557.147222222,1430058.16833333
B58HP028,391475.407222222,1430119.71833333,1099.63,NA,NA,NA,NA,0,391475.407222222,1430119.71833333
B58HP029,391476.157222222,1430168.74833333,1090.45,NA,NA,NA,NA,0,391476.157222222,1430168.74833333
B58HP030,391531.357222222,1430175.17833333,1091.31,NA,NA,NA,NA,0,391531.357222222,1430175.17833333
B58HP031,391599.757222222,1430211.86833333,1092.62,NA,NA,NA,NA,0,391599.757222222,1430211.86833333
B58HP032,391647.107222222,1430229.48833333,1094.5,NA,NA,NA,NA,0,391647.107222222,1430229.48833333
B58HP033,391701.087222222,1430207.81833333,1097.61,NA,NA,NA,NA,0,391701.087222222,1430207.81833333
B58HP034,391759.577222222,1430123.14833333,1099.45,NA,NA,NA,NA,0,391759.577222222,1430123.14833333
B58HP035,391718.327222222,1430236.30833333,1097.01,NA,NA,NA,NA,0,391718.327222222,1430236.30833333
B58HP036,391586.657222222,1430243.04833333,1091.03,NA,NA,NA,NA,0,391586.657222222,1430243.04833333
B58HP037,391516.977222222,1430210.93833333,1089.39,NA,NA,NA,NA,0,391516.977222222,1430210.93833333
B58HP038,391419.137222222,1430132.39833333,1092.5,NA,NA,NA,NA,0,391419.137222222,1430132.39833333
B58HP039,391427.727222222,1430079.96833333,1100.58,NA,NA,NA,NA,0,391427.727222222,1430079.96833333
B58HP041,391538.727222222,1430305.00833333,1081.3,NA,NA,NA,NA,0,391538.727222222,1430305.00833333
B58HP042,391650.597222222,1430336.04833333,1083.4,NA,NA,NA,NA,0,391650.597222222,1430336.04833333
B58SLHP001,391283.337222222,1430568.46833333,1060.91,NA,NA,NA,NA,0,391283.337222222,1430568.46833333
B58SLHP002,391269.507222222,1430598.57833333,1054.82,NA,NA,NA,NA,0,391269.507222222,1430598.57833333
B58SLHP003,391310.847222222,1430578.72833333,1058.42,NA,NA,NA,NA,0,391310.847222222,1430578.72833333
B58SLHP004,391296.147222222,1430599.67833333,1053.76,NA,NA,NA,NA,0,391296.147222222,1430599.67833333
B58SLHP005,391275.157222222,1430558.02833333,1062.37,NA,NA,NA,NA,0,391275.157222222,1430558.02833333
B58SLHP006,391266.107222222,1430579.27833333,1059.23,NA,NA,NA,NA,0,391266.107222222,1430579.27833333
B7699HP001,390210.537222222,1429882.62833333,1108.22,NA,NA,NA,NA,0,390210.537222222,1429882.62833333
B7699HP002,390225.827222222,1430029.37833333,1097.58,NA,NA,NA,NA,0,390225.827222222,1430029.37833333
B7699HP005,390281.227222222,1430069.64833333,1095.86,NA,NA,NA,NA,0,390281.227222222,1430069.64833333
B7699HP006,390281.757222222,1430027.82833333,1096.18,NA,NA,NA,NA,0,390281.757222222,1430027.82833333
B7699HP009,390351.767222222,1430078.04833333,1088.92,NA,NA,NA,NA,0,390351.767222222,1430078.04833333
B7699HP010,390355.327222222,1430021.53833333,1094.56,NA,NA,NA,NA,0,390355.327222222,1430021.53833333
B7699HP011,390168.507222222,1429979.85833333,1105.55,NA,NA,NA,NA,0,390168.507222222,1429979.85833333
B7699HP012,390211.847222222,1429933.07833333,1106.5,NA,NA,NA,NA,0,390211.847222222,1429933.07833333
B7699HP015,390261.367222222,1429969.30833333,1105.36,NA,NA,NA,NA,0,390261.367222222,1429969.30833333
B7699HP019,390370.187222222,1429932.46833333,1105.94,NA,NA,NA,NA,0,390370.187222222,1429932.46833333
B7699HP020,390395.317222222,1429866.20833333,1106.85,NA,NA,NA,NA,0,390395.317222222,1429866.20833333
B7699HP021,390412.237222222,1429907.39833333,1105.6,NA,NA,NA,NA,0,390412.237222222,1429907.39833333
B7699HP022,390431.117222222,1429854.60833333,1106.76,NA,NA,NA,NA,0,390431.117222222,1429854.60833333
B7699HP023,390444.927222222,1429908.43833333,1105.43,NA,NA,NA,NA,0,390444.927222222,1429908.43833333
B7699HP024,390231.957222222,1429869.23833333,1108.21,NA,NA,NA,NA,0,390231.957222222,1429869.23833333
B7699HP025,390284.387222222,1429844.62833333,1107.43,NA,NA,NA,NA,0,390284.387222222,1429844.62833333
B7699HP027,390375.067222222,1429819.67833333,1106.99,NA,NA,NA,NA,0,390375.067222222,1429819.67833333
B7699HP028,390218.547222222,1429812.68833333,1108.35,NA,NA,NA,NA,0,390218.547222222,1429812.68833333
B7699HP030,390306.737222222,1429784.59833333,1106.33,NA,NA,NA,NA,0,390306.737222222,1429784.59833333
B7699HP031,390311.507222222,1429755.28833333,1106.95,NA,NA,NA,NA,0,390311.507222222,1429755.28833333
B7699HP032,390449.317222222,1429784.12833333,1106.8,NA,NA,NA,NA,0,390449.317222222,1429784.12833333
B7699HP033,390482.047222222,1429895.69833333,1105.39,NA,NA,NA,NA,0,390482.047222222,1429895.69833333
B7699HP034,390494.977222222,1429997.67833333,1090.79,NA,NA,NA,NA,0,390494.977222222,1429997.67833333
B7699HP035,390450.847222222,1430079.44833333,1079.57,NA,NA,NA,NA,0,390450.847222222,1430079.44833333
B7699HP036,390237.947222222,1430116.76833333,1097.64,NA,NA,NA,NA,0,390237.947222222,1430116.76833333
B7699HP037,390315.477222222,1430145.49833333,1093.68,NA,NA,NA,NA,0,390315.477222222,1430145.49833333
B7699HP038,390388.187222222,1430193.74833333,1079.68,NA,NA,NA,NA,0,390388.187222222,1430193.74833333
B7699HP039,390518.237222222,1429874.74833333,1105.41,NA,NA,NA,NA,0,390518.237222222,1429874.74833333
B7699HP040,390543.417222222,1430266.80833333,1072.74,NA,NA,NA,NA,0,390543.417222222,1430266.80833333
B76DWHP007,389959.647222222,1429828.18833333,1103.71,NA,NA,NA,NA,0,389959.647222222,1429828.18833333
B76DWHP010,390069.257222222,1429940.85833333,1105.9,NA,NA,NA,NA,0,390069.257222222,1429940.85833333
B76HP004,390064.377222222,1429654.57833333,1109.04,NA,NA,NA,NA,0,390064.377222222,1429654.57833333
B76HP012,390049.337222222,1429606.80833333,1109.42,NA,NA,NA,NA,0,390049.337222222,1429606.80833333
B76HP024,390027.277222222,1429535.12833333,1109.64,NA,NA,NA,NA,0,390027.277222222,1429535.12833333
B76HP031,389752.387222222,1429514.76833333,1107.48,NA,NA,NA,NA,0,389752.387222222,1429514.76833333
B76HP032,389774.897222222,1429673.17833333,1105.9,NA,NA,NA,NA,0,389774.897222222,1429673.17833333
B76HP034,389763.177222222,1429759.71833333,1105.16,NA,NA,NA,NA,0,389763.177222222,1429759.71833333
B76HP035,389874.027222222,1429793.60833333,1104.21,NA,NA,NA,NA,0,389874.027222222,1429793.60833333
B76HP036,389903.727222222,1429919.31833333,1103.94,NA,NA,NA,NA,0,389903.727222222,1429919.31833333
B76HP037,389956.107222222,1429956.22833333,1103.29,NA,NA,NA,NA,0,389956.107222222,1429956.22833333
B76HP038,390106.647222222,1429471.54833333,1109.39,NA,NA,NA,NA,0,390106.647222222,1429471.54833333
B76HP039,390136.497222222,1429589.29833333,1109.15,NA,NA,NA,NA,0,390136.497222222,1429589.29833333
B76HP040,390152.687222222,1429641.19833333,1108.41,NA,NA,NA,NA,0,390152.687222222,1429641.19833333
B76HP041,390259.807222222,1429572.11833333,1107.88,NA,NA,NA,NA,0,390259.807222222,1429572.11833333
B76HP042,390163.687222222,1429685.08833333,1107.87,NA,NA,NA,NA,0,390163.687222222,1429685.08833333
B76HP043,390195.307222222,1429714.41833333,1108.13,NA,NA,NA,NA,0,390195.307222222,1429714.41833333
B76HP044,390088.807222222,1429352.60833333,1109.58,NA,NA,NA,NA,0,390088.807222222,1429352.60833333
B76HP045,390230.687222222,1429400.72833333,1108.26,NA,NA,NA,NA,0,390230.687222222,1429400.72833333
B76HP046,389598.577222222,1429707.29833333,1107.79,NA,NA,NA,NA,0,389598.577222222,1429707.29833333
B76HP049,389668.087222222,1430782.56833333,1095.99,NA,NA,NA,NA,0,389668.087222222,1430782.56833333
B76HP050,389360.787222222,1429802.65833333,1106.84,NA,NA,NA,NA,0,389360.787222222,1429802.65833333
B76HP051,390222.947222222,1429268.59833333,1108.5,NA,NA,NA,NA,0,390222.947222222,1429268.59833333
B76HP052,389570.987222222,1430113.24833333,1102.1,NA,NA,NA,NA,0,389570.987222222,1430113.24833333
B76HP053,389774.887222222,1430291.28833333,1101.4,NA,NA,NA,NA,0,389774.887222222,1430291.28833333
B76SLHP001,390158.497222222,1430155.48833333,1097.88,NA,NA,NA,NA,0,390158.497222222,1430155.48833333
B76SLHP002,390146.287222222,1430124.28833333,1098.44,NA,NA,NA,NA,0,390146.287222222,1430124.28833333
B76SLHP003,390137.027222222,1430102.15833333,1098.88,NA,NA,NA,NA,0,390137.027222222,1430102.15833333
B76SLHP004,390126.897222222,1430075.52833333,1099.37,NA,NA,NA,NA,0,390126.897222222,1430075.52833333
B76SO01,389879.097222222,1429436.45833333,1107,NA,NA,NA,NA,0,389879.097222222,1429436.45833333
B76SO02,389899.097222222,1429456.45833333,1107,NA,NA,NA,NA,0,389899.097222222,1429456.45833333
B76SVE-EFF,389941.227222222,1429570.21833333,1108.5,NA,NA,NA,NA,0,389941.227222222,1429570.21833333
B76SVE-INF,389937.807222222,1429292.26833333,1109.85,NA,NA,NA,NA,0,389937.807222222,1429292.26833333
B76SVE-MID,389934.337222222,1429572.25833333,1108.2,NA,NA,NA,NA,0,389934.337222222,1429572.25833333
B76SVE02,389819.097222222,1429536.45833333,1107,NA,NA,NA,NA,0,389819.097222222,1429536.45833333
B76SVE03,389829.097222222,1429536.45833333,1107,NA,NA,NA,NA,0,389829.097222222,1429536.45833333
B76SVE04,389839.097222222,1429536.45833333,1107,NA,NA,NA,NA,0,389839.097222222,1429536.45833333
B80HP001,392034.127222222,1429439.33833333,1092.46,NA,NA,NA,NA,0,392034.127222222,1429439.33833333
B80HP002,392043.647222222,1429408.59833333,1090.77,NA,NA,NA,NA,0,392043.647222222,1429408.59833333
B80HP003,391985.547222222,1429393.29833333,1095.32,NA,NA,NA,NA,0,391985.547222222,1429393.29833333
B80HP004,391999.317222222,1429404.75833333,1094.37,NA,NA,NA,NA,0,391999.317222222,1429404.75833333
B80HP005,392001.637222222,1429432.98833333,1093.27,NA,NA,NA,NA,0,392001.637222222,1429432.98833333
B80HP006,391912.067222222,1429307.37833333,1093.54,NA,NA,NA,NA,0,391912.067222222,1429307.37833333
B80HP007,392005.217222222,1429353.79833333,1091.61,NA,NA,NA,NA,0,392005.217222222,1429353.79833333
B80HP008,391819.167222222,1429319.97833333,1097.05,NA,NA,NA,NA,0,391819.167222222,1429319.97833333
B80HP009,391905.287222222,1429448.16833333,1097.2,NA,NA,NA,NA,0,391905.287222222,1429448.16833333
B80HP010,391900.777222222,1429533.75833333,1097.54,NA,NA,NA,NA,0,391900.777222222,1429533.75833333
B80HP011,391738.727222222,1429397.03833333,1097.82,NA,NA,NA,NA,0,391738.727222222,1429397.03833333
B80HP012,391987.807222222,1429499.53833333,1093.06,NA,NA,NA,NA,0,391987.807222222,1429499.53833333
B80HP013,391953.367222222,1429570.72833333,1093.79,NA,NA,NA,NA,0,391953.367222222,1429570.72833333
B80HP014,391856.997222222,1429273.40833333,1092.55,NA,NA,NA,NA,0,391856.997222222,1429273.40833333
B96HWHP001,390388.617222222,1430616.00833333,1080.62,NA,NA,NA,NA,0,390388.617222222,1430616.00833333
B96HWHP002,390408.907222222,1430603.45833333,1080.77,NA,NA,NA,NA,0,390408.907222222,1430603.45833333
B96HWHP003,390403.477222222,1430647.04833333,1078.58,NA,NA,NA,NA,0,390403.477222222,1430647.04833333
B96HWHP004,390448.917222222,1430623.10833333,1076.93,NA,NA,NA,NA,0,390448.917222222,1430623.10833333
B96HWHP005,390495.757222222,1430602.14833333,1076.69,NA,NA,NA,NA,0,390495.757222222,1430602.14833333
B96HWHP006,390463.867222222,1430640.35833333,1075.91,NA,NA,NA,NA,0,390463.867222222,1430640.35833333
B96HWHP007,390442.257222222,1430665.38833333,1075.72,NA,NA,NA,NA,0,390442.257222222,1430665.38833333
B96HWHP008,390456.907222222,1430685.73833333,1074.5,NA,NA,NA,NA,0,390456.907222222,1430685.73833333
B96HWHP009,390517.137222222,1430690.42833333,1073.23,NA,NA,NA,NA,0,390517.137222222,1430690.42833333
B96HWHP010,390553.717222222,1430693.71833333,1068.53,NA,NA,NA,NA,0,390553.717222222,1430693.71833333
B96HWHP011,390578.407222222,1430692.38833333,1065.35,NA,NA,NA,NA,0,390578.407222222,1430692.38833333
B96HWHP012,390470.757222222,1430663.39833333,1074.85,NA,NA,NA,NA,0,390470.757222222,1430663.39833333
B96SRHP005,390633.397222222,1430978.48833333,1061.34,NA,NA,NA,NA,0,390633.397222222,1430978.48833333
B96SRHP015,390602.297222222,1430894.08833333,1064.05,NA,NA,NA,NA,0,390602.297222222,1430894.08833333
B96SRHP017,390493.397222222,1430885.24833333,1073.41,NA,NA,NA,NA,0,390493.397222222,1430885.24833333
B96SRHP020,390587.647222222,1430854.10833333,1065.46,NA,NA,NA,NA,0,390587.647222222,1430854.10833333
B96SRHP021,390644.757222222,1430870.76833333,1062.67,NA,NA,NA,NA,0,390644.757222222,1430870.76833333
B96SRHP022,390641.247222222,1430842.09833333,1062.84,NA,NA,NA,NA,0,390641.247222222,1430842.09833333
B96SRHP023,390607.777222222,1430825.53833333,1064.7,NA,NA,NA,NA,0,390607.777222222,1430825.53833333
B96SRHP024,390641.837222222,1430797.96833333,1062.61,NA,NA,NA,NA,0,390641.837222222,1430797.96833333
B96SRHP025,390655.367222222,1430823.17833333,1062.55,NA,NA,NA,NA,0,390655.367222222,1430823.17833333
B96SRHP026,390673.977222222,1430844.50833333,1062.37,NA,NA,NA,NA,0,390673.977222222,1430844.50833333
B96SRHP027,390499.667222222,1430818.85833333,1073.71,NA,NA,NA,NA,0,390499.667222222,1430818.85833333
B96SRHP028,390441.927222222,1430760.44833333,1076.12,NA,NA,NA,NA,0,390441.927222222,1430760.44833333
B96SRHP029,390374.377222222,1430664.36833333,1079.08,NA,NA,NA,NA,0,390374.377222222,1430664.36833333
B96SRHP030,390324.077222222,1430740.77833333,1080.88,NA,NA,NA,NA,0,390324.077222222,1430740.77833333
B96SRHP031,390371.247222222,1430555.52833333,1082.69,NA,NA,NA,NA,0,390371.247222222,1430555.52833333
B96SRHP034,389960.247222222,1430414.75833333,1093.72,NA,NA,NA,NA,0,389960.247222222,1430414.75833333
B96SRHP035,390693.577222222,1430810.73833333,1056.89,NA,NA,NA,NA,0,390693.577222222,1430810.73833333
B96SRHP038,390715.397222222,1430852.99833333,1059.63,NA,NA,NA,NA,0,390715.397222222,1430852.99833333
B96SRHP039,390693.387222222,1430878.03833333,1062.65,NA,NA,NA,NA,0,390693.387222222,1430878.03833333
B96SRHP040,390725.377222222,1430917.60833333,1059.35,NA,NA,NA,NA,0,390725.377222222,1430917.60833333
B96SRHP042,390783.197222222,1430868.55833333,1051.83,NA,NA,NA,NA,0,390783.197222222,1430868.55833333
B96SRHP043,390747.097222222,1430836.45833333,1050,NA,NA,NA,NA,0,390747.097222222,1430836.45833333
B96SRHP045,390425.307222222,1430352.54833333,1076.12,NA,NA,NA,NA,0,390425.307222222,1430352.54833333
B96SRHP048,390225.857222222,1430367.51833333,1093.57,NA,NA,NA,NA,0,390225.857222222,1430367.51833333
B96SRHP049,390301.957222222,1430585.15833333,1089.31,NA,NA,NA,NA,0,390301.957222222,1430585.15833333
B96SRHP050,390214.677222222,1430753.68833333,1086.57,NA,NA,NA,NA,0,390214.677222222,1430753.68833333
B96SRHP051,390109.507222222,1430899.84833333,1087.16,NA,NA,NA,NA,0,390109.507222222,1430899.84833333
B96SRHP052,390853.207222222,1431005.01833333,1056.57,NA,NA,NA,NA,0,390853.207222222,1431005.01833333
B96SRHP053,389982.197222222,1431513.66833333,1083.3,NA,NA,NA,NA,0,389982.197222222,1431513.66833333
BR01,390320.01272516,1429889.99961132,1191.921,NA,NA,NA,NA,0,390320.01272516,1429889.99961132
BR02,390496.248646058,1429981.18405315,1085.607,NA,NA,NA,NA,0,390496.248646058,1429981.18405315
BR03,390467.783817441,1430196.49672966,1072.186,NA,NA,NA,NA,0,390467.783817441,1430196.49672966
BR04,390975.770701171,1430925.50425609,1030.102,NA,NA,NA,NA,0,390975.770701171,1430925.50425609
BR05,391044.150283221,1430902.5313981,1033.401,NA,NA,NA,NA,0,391044.150283221,1430902.5313981
BR06,391034.660340534,1430960.91303922,1033.728,NA,NA,NA,NA,0,391034.660340534,1430960.91303922
BR07,391127.027777102,1430839.39078714,1034.435,NA,NA,NA,NA,0,391127.027777102,1430839.39078714
BR08,391154.635608117,1430849.36472618,1032.618,NA,NA,NA,NA,0,391154.635608117,1430849.36472618
BR09,390168.185654288,1429852.86083765,1102.423,NA,NA,NA,NA,0,390168.185654288,1429852.86083765
BR10,390785.152872149,1430522.18573218,1045.029,NA,NA,NA,NA,0,390785.152872149,1430522.18573218
C130HP001,390686.877222222,1429408.82833333,1107.96,NA,NA,NA,NA,0,390686.877222222,1429408.82833333
C130HP002,390676.837222222,1429364.81833333,1107.94,NA,NA,NA,NA,0,390676.837222222,1429364.81833333
C130HP003,390670.257222222,1429341.12833333,1108,NA,NA,NA,NA,0,390670.257222222,1429341.12833333
C130HP004,390660.957222222,1429313.09833333,1108.07,NA,NA,NA,NA,0,390660.957222222,1429313.09833333
C130HP005,390654.747222222,1429293.02833333,1108.07,NA,NA,NA,NA,0,390654.747222222,1429293.02833333
C130HP006,390691.137222222,1429281.56833333,1107.75,NA,NA,NA,NA,0,390691.137222222,1429281.56833333
C130HP007,390724.817222222,1429422.87833333,1107.54,NA,NA,NA,NA,0,390724.817222222,1429422.87833333
C130HP008,390705.727222222,1429431.02833333,1107.68,NA,NA,NA,NA,0,390705.727222222,1429431.02833333
C130HP009,390723.997222222,1429436.39833333,1107.49,NA,NA,NA,NA,0,390723.997222222,1429436.39833333
C130HP010,390746.307222222,1429429.07833333,1107.37,NA,NA,NA,NA,0,390746.307222222,1429429.07833333
C130HP011,390696.037222222,1429393.77833333,1107.81,NA,NA,NA,NA,0,390696.037222222,1429393.77833333
C130HP012,390725.907222222,1429398.15833333,1107.57,NA,NA,NA,NA,0,390725.907222222,1429398.15833333
C130HP013,390757.507222222,1429418.01833333,1107.26,NA,NA,NA,NA,0,390757.507222222,1429418.01833333
C130HP014,390702.267222222,1429367.83833333,1107.73,NA,NA,NA,NA,0,390702.267222222,1429367.83833333
C130HP015,390736.377222222,1429371.87833333,1107.45,NA,NA,NA,NA,0,390736.377222222,1429371.87833333
C130HP016,390774.667222222,1429375.08833333,1107.2,NA,NA,NA,NA,0,390774.667222222,1429375.08833333
C130HP017,390699.547222222,1429344.87833333,1107.74,NA,NA,NA,NA,0,390699.547222222,1429344.87833333
C130HP018,390761.497222222,1429343.85833333,1107.17,NA,NA,NA,NA,0,390761.497222222,1429343.85833333
C130HP019,390695.847222222,1429321.08833333,1107.76,NA,NA,NA,NA,0,390695.847222222,1429321.08833333
C130HP020,390748.647222222,1429322.86833333,1106.97,NA,NA,NA,NA,0,390748.647222222,1429322.86833333
C130HP021,390732.217222222,1429460.42833333,1107.31,NA,NA,NA,NA,0,390732.217222222,1429460.42833333
C130HP022,390678.457222222,1429427.91833333,1107.91,NA,NA,NA,NA,0,390678.457222222,1429427.91833333
C130HP023,390651.987222222,1429353.61833333,1108.24,NA,NA,NA,NA,0,390651.987222222,1429353.61833333
C130HP024,390591.357222222,1429371.05833333,1108.87,NA,NA,NA,NA,0,390591.357222222,1429371.05833333
C130HP025,390621.397222222,1429457.99833333,1108.23,NA,NA,NA,NA,0,390621.397222222,1429457.99833333
C130HP026,390768.757222222,1429502.14833333,1106.98,NA,NA,NA,NA,0,390768.757222222,1429502.14833333
C130HP027,390836.377222222,1429377.67833333,1107.11,NA,NA,NA,NA,0,390836.377222222,1429377.67833333
C130HP028,390820.527222222,1429339.29833333,1106.98,NA,NA,NA,NA,0,390820.527222222,1429339.29833333
C130HP029,390797.447222222,1429312.24833333,1107.07,NA,NA,NA,NA,0,390797.447222222,1429312.24833333
D9-MW-G10,390377.997222222,1430322.70833333,1082.94,1082.94,53,65,65,0,390377.997222222,1430322.70833333
DAHP001,390496.727222222,1430470.29833333,1078,NA,NA,NA,NA,0,390496.727222222,1430470.29833333
DAHP002,390538.057222222,1430435.57833333,1075.41,NA,NA,NA,NA,0,390538.057222222,1430435.57833333
DAHP003,390582.457222222,1430413.70833333,1073.97,NA,NA,NA,NA,0,390582.457222222,1430413.70833333
DAHP004,390595.617222222,1430358.09833333,1073.03,NA,NA,NA,NA,0,390595.617222222,1430358.09833333
DPT02A,389992.131729107,1430012.15385656,1103.837,NA,NA,NA,NA,0,389992.131729107,1430012.15385656
DPT02M,389996.306703612,1430009.00387597,1103.376,NA,NA,NA,NA,0,389996.306703612,1430009.00387597
DPT03A,390012.258606167,1429999.29893581,1099.578,NA,NA,NA,NA,0,390012.258606167,1429999.29893581
DPT03M,390007.577634774,1430001.02092517,1106.776,NA,NA,NA,NA,0,390007.577634774,1430001.02092517
DPT04A,390034.966467543,1429977.88606768,1099.79,NA,NA,NA,NA,0,390034.966467543,1429977.88606768
DPT04M,390033.062479252,1429972.79009898,1098.536,NA,NA,NA,NA,0,390033.062479252,1429972.79009898
DPT05A,390055.635341284,1429964.8091483,1102.194,NA,NA,NA,NA,0,390055.635341284,1429964.8091483
DPT05M,390051.13036881,1429967.36013257,1100.998,NA,NA,NA,NA,0,390051.13036881,1429967.36013257
DPT08A,390172.312628833,1429869.77773374,1102.728,NA,NA,NA,NA,0,390172.312628833,1429869.77773374
DPT08M,390167.38065906,1429865.08076255,1107.829,NA,NA,NA,NA,0,390167.38065906,1429865.08076255
DPT09A,390170.426640571,1429853.91183122,1106.057,NA,NA,NA,NA,0,390170.426640571,1429853.91183122
DPT09M,390184.71755316,1429853.53883369,1105.003,NA,NA,NA,NA,0,390184.71755316,1429853.53883369
DPT10A,390198.486468997,1429849.17786066,1102.509,NA,NA,NA,NA,0,390198.486468997,1429849.17786066
DPT10M,390195.271488697,1429846.43487748,1099.827,NA,NA,NA,NA,0,390195.271488697,1429846.43487748
DPT11A,390213.554377097,1429828.47298808,1105.935,NA,NA,NA,NA,0,390213.554377097,1429828.47298808
DPT11M,390209.710400652,1429825.39100697,1103.781,NA,NA,NA,NA,0,390209.710400652,1429825.39100697
DPT14A,390269.025038416,1429780.35428448,1099.983,NA,NA,NA,NA,0,390269.025038416,1429780.35428448
DPT14M,390271.911020736,1429782.65627037,1103.627,NA,NA,NA,NA,0,390271.911020736,1429782.65627037
DPT15A,390105.849031243,1430194.56573702,1095.807,NA,NA,NA,NA,0,390105.849031243,1430194.56573702
DPT15M,390101.710056526,1430197.04172175,1095.561,NA,NA,NA,NA,0,390101.710056526,1430197.04172175
DPT17A,390197.255473011,1430127.06515296,1094.904,NA,NA,NA,NA,0,390197.255473011,1430127.06515296
DPT17M,390187.65253176,1430125.93515979,1094.658,NA,NA,NA,NA,0,390187.65253176,1430125.93515979
DPT20A,390246.402172987,1430080.74043825,1093.976,NA,NA,NA,NA,0,390246.402172987,1430080.74043825
DPT20M,390239.624214528,1430074.52647636,1094.452,NA,NA,NA,NA,0,390239.624214528,1430074.52647636
DPT21A,390265.133058578,1430068.39551435,1093.711,NA,NA,NA,NA,0,390265.133058578,1430068.39551435
DPT21M,390262.564074327,1430065.62653133,1094.537,NA,NA,NA,NA,0,390262.564074327,1430065.62653133
DPT22A,390279.402971341,1430064.82153649,1093.452,NA,NA,NA,NA,0,390279.402971341,1430064.82153649
DPT22M,390277.79198127,1430058.98157235,1093.037,NA,NA,NA,NA,0,390277.79198127,1430058.98157235
DPT23A,390292.916888826,1430053.31260738,1093.853,NA,NA,NA,NA,0,390292.916888826,1430053.31260738
DPT23M,390293.058887897,1430058.18757743,1092.731,NA,NA,NA,NA,0,390293.058887897,1430058.18757743
DPT24A,390348.594549327,1429970.03411984,1092.866,NA,NA,NA,NA,0,390348.594549327,1429970.03411984
DPT24M,390344.326575424,1429970.7971151,1092.673,NA,NA,NA,NA,0,390344.326575424,1429970.7971151
DPT25A,390364.246453813,1429952.50122777,1091.873,NA,NA,NA,NA,0,390364.246453813,1429952.50122777
DPT25M,390364.660451105,1429966.43114218,1092.853,NA,NA,NA,NA,0,390364.660451105,1429966.43114218
DPT26A,390402.357220656,1429956.48220379,1091.875,NA,NA,NA,NA,0,390402.357220656,1429956.48220379
DPT26M,390406.250196868,1429954.80821412,1091.088,NA,NA,NA,NA,0,390406.250196868,1429954.80821412
DPT27A,390426.623072338,1429948.41625366,1092.313,NA,NA,NA,NA,0,390426.623072338,1429948.41625366
DPT27M,390421.106106058,1429950.40324138,1091.383,NA,NA,NA,NA,0,390421.106106058,1429950.40324138
DPT28A,390448.943935866,1429944.03228087,1090.65,NA,NA,NA,NA,0,390448.943935866,1429944.03228087
DPT28M,390452.753912582,1429942.31629146,1091.915,NA,NA,NA,NA,0,390452.753912582,1429942.31629146
DPT29A,390466.580828078,1429936.94432465,1091.781,NA,NA,NA,NA,0,390466.580828078,1429936.94432465
DPT29M,390471.001801045,1429936.53732721,1091.472,NA,NA,NA,NA,0,390471.001801045,1429936.53732721
DPT30A,390503.650601483,1429925.98639245,1091.389,NA,NA,NA,NA,0,390503.650601483,1429925.98639245
DPT30M,390499.554626517,1429927.4013837,1091.357,NA,NA,NA,NA,0,390499.554626517,1429927.4013837
DPT31A,391016.084454593,1430925.55625626,1035.261,NA,NA,NA,NA,0,391016.084454593,1430925.55625626
DPT31M,391011.212484349,1430929.32123307,1033.964,NA,NA,NA,NA,0,391011.212484349,1430929.32123307
DPT32A,391024.62540243,1430919.37329436,1035.15,NA,NA,NA,NA,0,391024.62540243,1430919.37329436
DPT32M,391028.853376611,1430916.19631394,1035.299,NA,NA,NA,NA,0,391028.853376611,1430916.19631394
DPT33A,391048.129258918,1430900.00941365,1033.683,NA,NA,NA,NA,0,391048.129258918,1430900.00941365
DPT33M,391046.753267354,1430898.24742446,1030.71,NA,NA,NA,NA,0,391046.753267354,1430898.24742446
DPT34A,391062.31317236,1430884.05551186,1033.739,NA,NA,NA,NA,0,391062.31317236,1430884.05551186
DPT34M,391062.338172178,1430886.66049585,1034.288,NA,NA,NA,NA,0,391062.338172178,1430886.66049585
DPT36A,391056.636206678,1430916.36631324,1033.955,NA,NA,NA,NA,0,391056.636206678,1430916.36631324
DPT36M,391054.01822265,1430919.87129166,1033.845,NA,NA,NA,NA,0,391054.01822265,1430919.87129166
DPT37A,391088.925009108,1430922.3452769,1037.257,NA,NA,NA,NA,0,391088.925009108,1430922.3452769
DPT37M,391091.707992135,1430918.69529936,1037.229,NA,NA,NA,NA,0,391091.707992135,1430918.69529936
DPT38A,391073.29710441,1430945.03913725,1031.268,NA,NA,NA,NA,0,391073.29710441,1430945.03913725
DPT38M,391076.046087645,1430941.37315981,1032.067,NA,NA,NA,NA,0,391076.046087645,1430941.37315981
DPT39A,391061.121179338,1430908.89135923,1034.446,NA,NA,NA,NA,0,391061.121179338,1430908.89135923
DPT39M,391064.410159274,1430905.00438315,1034.185,NA,NA,NA,NA,0,391064.410159274,1430905.00438315
DPT40A,391111.646870316,1430907.99436537,1028.96,NA,NA,NA,NA,0,391111.646870316,1430907.99436537
DPT40M,391107.156897735,1430911.35634465,1028.874,NA,NA,NA,NA,0,391107.156897735,1430911.35634465
DPT41A,390979.465678495,1430931.38921997,1031.498,NA,NA,NA,NA,0,390979.465678495,1430931.38921997
DPT41M,390982.864657746,1430928.2662392,1028.987,NA,NA,NA,NA,0,390982.864657746,1430928.2662392
DPT42A,391026.740388997,1430959.12005014,1032.354,NA,NA,NA,NA,0,391026.740388997,1430959.12005014
DPT42M,391031.540359674,1430956.19806816,1032.215,NA,NA,NA,NA,0,391031.540359674,1430956.19806816
DPT43A,390990.836608833,1430940.45816437,1033.207,NA,NA,NA,NA,0,390990.836608833,1430940.45816437
DPT43M,390998.966559172,1430935.18419689,1036.836,NA,NA,NA,NA,0,390998.966559172,1430935.18419689
DPT44A,391034.513341602,1430947.46012189,1038.875,NA,NA,NA,NA,0,391034.513341602,1430947.46012189
DPT44M,391038.236318777,1430951.73709565,1038.698,NA,NA,NA,NA,0,391038.236318777,1430951.73709565
DPT45A,391041.090301563,1430932.51121383,1036.343,NA,NA,NA,NA,0,391041.090301563,1430932.51121383
DPT45M,391044.678279663,1430928.62423776,1036.223,NA,NA,NA,NA,0,391044.678279663,1430928.62423776
DPT46A,390312.038771921,1430049.21963277,1091.028,NA,NA,NA,NA,0,390312.038771921,1430049.21963277
DPT46M,390313.724761655,1430045.38265637,1090.65,NA,NA,NA,NA,0,390313.724761655,1430045.38265637
DPT47A,390326.618683093,1430021.42280377,1090.435,NA,NA,NA,NA,0,390326.618683093,1430021.42280377
DPT47M,390330.543659021,1430026.65977163,1089.099,NA,NA,NA,NA,0,390330.543659021,1430026.65977163
DPT515,389454.807222222,1429660.09833333,1108.21,NA,NA,NA,NA,0,389454.807222222,1429660.09833333
DPT516,389703.387222222,1429740.65833333,1108.21,NA,NA,NA,NA,0,389703.387222222,1429740.65833333
DPT517,389659.547222222,1429321.02833333,1110.39,NA,NA,NA,NA,0,389659.547222222,1429321.02833333
DPW-1,389939.727222222,1429675.42833333,1108.53,1108.74,14,114,114,0,389939.727222222,1429675.42833333
DPW-2,389899.227222222,1429735.87833333,1106.4,1106.56,10,180,180,0,389899.227222222,1429735.87833333
DPW-3,389997.757222222,1429707.18833333,1108.74,1108.86,10,155,155,0,389997.757222222,1429707.18833333
DPW1,389940.317222222,1429674.90833333,1108.53,NA,NA,NA,NA,0,389940.317222222,1429674.90833333
DPW2,389899.697222222,1429736.65833333,1106.4,NA,NA,NA,NA,0,389899.697222222,1429736.65833333
DPW3,389998.307222222,1429708.28833333,1108.74,NA,NA,NA,NA,0,389998.307222222,1429708.28833333
EFF,391076.097222222,1430906.45833333,1020,NA,NA,NA,NA,0,391076.097222222,1430906.45833333
EQ_TANK,389933.367222222,1429661.45833333,1100,NA,NA,NA,NA,0,389933.367222222,1429661.45833333
GWD012,389515.407222222,1431679.03833333,1095.51,NA,NA,NA,NA,0,389515.407222222,1431679.03833333
GWD013,389851.127222222,1431655.41833333,1085.43,NA,NA,NA,NA,0,389851.127222222,1431655.41833333
GWD026,389357.067222222,1431345.08833333,1097.58,NA,NA,NA,NA,0,389357.067222222,1431345.08833333
GWD035,389357.897222222,1431346.64833333,1097.48,NA,NA,NA,NA,0,389357.897222222,1431346.64833333
GWD37,391589.137222222,1432098.67833333,3641.73,NA,NA,NA,NA,0,391589.137222222,1432098.67833333
GWD39,391683.167222222,1431666.79833333,3366.14,NA,NA,NA,NA,0,391683.167222222,1431666.79833333
GWD40,391741.927222222,1431553.79833333,3533.46,NA,NA,NA,NA,0,391741.927222222,1431553.79833333
GWD41,391909.897222222,1431447.68833333,3339.9,NA,NA,NA,NA,0,391909.897222222,1431447.68833333
GWD42,391874.507222222,1431389.95833333,3257.22,NA,NA,NA,NA,0,391874.507222222,1431389.95833333
GWD43,392089.467222222,1431275.31833333,3349.74,NA,NA,NA,NA,0,392089.467222222,1431275.31833333
GWD44,392205.367222222,1431110.43833333,3343.18,NA,NA,NA,NA,0,392205.367222222,1431110.43833333
GWD46,392605.407222222,1430923.84833333,3150.59,NA,NA,NA,NA,0,392605.407222222,1430923.84833333
INF,390829.097222222,1430699.45833333,1020,NA,NA,NA,NA,0,390829.097222222,1430699.45833333
LD-SB-1,390914.097222222,1429793.73833333,1107.4,NA,NA,NA,NA,0,390914.097222222,1429793.73833333
LD-SB-10,390366.447222222,1429841.01833333,1108.5,NA,NA,NA,NA,0,390366.447222222,1429841.01833333
LD-SB-11,390317.447222222,1429786.70833333,1109.1,NA,NA,NA,NA,0,390317.447222222,1429786.70833333
LD-SB-12,390424.737222222,1429761.10833333,1109.3,NA,NA,NA,NA,0,390424.737222222,1429761.10833333
LD-SB-13,390894.177222222,1429722.63833333,1107.6,NA,NA,NA,NA,0,390894.177222222,1429722.63833333
LD-SB-14,390626.397222222,1429754.72833333,1108.9,NA,NA,NA,NA,0,390626.397222222,1429754.72833333
LD-SB-15,390614.907222222,1429886.36833333,1108.6,NA,NA,NA,NA,0,390614.907222222,1429886.36833333
LD-SB-16,390247.897222222,1429836.29833333,1108.8,NA,NA,NA,NA,0,390247.897222222,1429836.29833333
LD-SB-17,390658.747222222,1430854.74833333,1058.6,NA,NA,NA,NA,0,390658.747222222,1430854.74833333
LD-SB-18,390202.947222222,1429913.04833333,1108.4,NA,NA,NA,NA,0,390202.947222222,1429913.04833333
LD-SB-19,390369.297222222,1429747.24833333,1109.3,NA,NA,NA,NA,0,390369.297222222,1429747.24833333
LD-SB-2,390846.757222222,1429757.71833333,1107.3,NA,NA,NA,NA,0,390846.757222222,1429757.71833333
LD-SB-3,390623.547222222,1429831.29833333,1108.8,NA,NA,NA,NA,0,390623.547222222,1429831.29833333
LD-SB-4,390588.667222222,1429800.00833333,1108.7,NA,NA,NA,NA,0,390588.667222222,1429800.00833333
LD-SB-5,390787.747222222,1429874.48833333,1106.3,NA,NA,NA,NA,0,390787.747222222,1429874.48833333
LD-SB-6,390601.147222222,1430926.78833333,1057.4,NA,NA,NA,NA,0,390601.147222222,1430926.78833333
LD-SB-7,390483.597222222,1430922.89833333,1056.2,NA,NA,NA,NA,0,390483.597222222,1430922.89833333
LD-SB-8,390526.457222222,1430999.22833333,1056.1,NA,NA,NA,NA,0,390526.457222222,1430999.22833333
LD-SB-9,390423.977222222,1429831.47833333,1108.5,NA,NA,NA,NA,0,390423.977222222,1429831.47833333
LD-TW-01,390588.657222222,1429797.00833333,1108.7,NA,NA,NA,NA,0,390588.657222222,1429797.00833333
LD-TW-02,390602.137222222,1430923.78833333,1057.4,NA,NA,NA,NA,0,390602.137222222,1430923.78833333
LD-TW-03,390425.467222222,1429831.97833333,1108.5,NA,NA,NA,NA,0,390425.467222222,1429831.97833333
LD-TW-04,390314.937222222,1429789.20833333,1109.1,NA,NA,NA,NA,0,390314.937222222,1429789.20833333
LD-TW-05,390625.887222222,1429752.22833333,1108.9,NA,NA,NA,NA,0,390625.887222222,1429752.22833333
LD-TW-06,390248.387222222,1429836.79833333,1108.8,NA,NA,NA,NA,0,390248.387222222,1429836.79833333
LD-TW-07,390659.237222222,1430856.24833333,1058.6,NA,NA,NA,NA,0,390659.237222222,1430856.24833333
LD-TW-08,390201.437222222,1429914.54833333,1108.4,NA,NA,NA,NA,0,390201.437222222,1429914.54833333
LD-TW-09,390368.787222222,1429746.74833333,1109.3,NA,NA,NA,NA,0,390368.787222222,1429746.74833333
LMASHP001,389909.097222222,1431546.45833333,1090,NA,NA,NA,NA,0,389909.097222222,1431546.45833333
LMASHP002,389864.097222222,1431309.45833333,1088,NA,NA,NA,NA,0,389864.097222222,1431309.45833333
LMASHP003,389787.097222222,1431073.45833333,1091,NA,NA,NA,NA,0,389787.097222222,1431073.45833333
LMASHP004,389844.097222222,1430880.45833333,1090,NA,NA,NA,NA,0,389844.097222222,1430880.45833333
LMASHP005,389774.097222222,1430670.45833333,1090,NA,NA,NA,NA,0,389774.097222222,1430670.45833333
LMASHP006,390074.097222222,1430974.45833333,1090,NA,NA,NA,NA,0,390074.097222222,1430974.45833333
LMASHP007,389631.097222222,1430736.45833333,1090,NA,NA,NA,NA,0,389631.097222222,1430736.45833333
LMASHP008,389744.097222222,1430824.45833333,1090,NA,NA,NA,NA,0,389744.097222222,1430824.45833333
LMASHP009,390044.097222222,1431513.45833333,1082,NA,NA,NA,NA,0,390044.097222222,1431513.45833333
LMASHP010,389907.097222222,1431049.45833333,1090,NA,NA,NA,NA,0,389907.097222222,1431049.45833333
MW-03-202A,390381.897222222,1432237.05833333,1064,1063.72,190.15,200.15,200.15,0,390381.897222222,1432237.05833333
MW-03-202B,390382.727222222,1432222.30833333,1064.05,1063.71,67.6,87.6,87.6,0,390382.727222222,1432222.30833333
MW-W1,389807.007222222,1429501.70833333,1107.2,1106.12,30,40,40,0,389807.007222222,1429501.70833333
MW-W1R,389800.337222222,1429504.82833333,1107.26,1107.05,30,40,40,0,389800.337222222,1429504.82833333
MW-W2,390427.767222222,1430015.11833333,1092.73,1093.79,180,190,190,0,390427.767222222,1430015.11833333
MW-W3,391808.637222222,1430391.08833333,1078.6,1078.54,176,186,186,0,391808.637222222,1430391.08833333
MW-W4,391700.537222222,1430541.04833333,1064.1,1063.57,60,70,70,0,391700.537222222,1430541.04833333
MW-W5,391895.377222222,1430432.86833333,1073.2,1073.16,190,200,200,0,391895.377222222,1430432.86833333
MW-W6,392064.267222222,1430489.94833333,1052.18,1052.18,77,87,87,0,392064.267222222,1430489.94833333
MW-W7,391908.647222222,1430585.42833333,1039.15,1039.15,41,51,51,0,391908.647222222,1430585.42833333
MW/W1,389998.047222222,1429502.99833333,1106.12,NA,NA,NA,NA,0,389998.047222222,1429502.99833333
MW00-101,392105.057222222,1431766.15833333,1024.11,1024.14,198,213,213,0,392105.057222222,1431766.15833333
MW00-102A,392016.127222222,1431256.77833333,1006.33,1008.86,265,280,280,0,392016.127222222,1431256.77833333
MW00-102B,391984.717222222,1431255.88833333,1006.09,1008.86,20.5,27.5,27.5,0,391984.717222222,1431255.88833333
MW00-103A,392455.907222222,1431546.87833333,1051.1,1053.89,521,551,551,0,392455.907222222,1431546.87833333
MW00-103B,392447.307222222,1431541.88833333,1050.98,1053.29,88,98,98,0,392447.307222222,1431541.88833333
MW00-104,392231.437222222,1430953.54833333,1002.83,1005.86,263,278,278,0,392231.437222222,1430953.54833333
MW00-107A,392380.637222222,1429349.81833333,1071.3,1073.26,286,301,301,0,392380.637222222,1429349.81833333
MW00-107B,392378.677222222,1429351.07833333,1071.3,1073.29,128,143,143,0,392378.677222222,1429351.07833333
MW00-107C,392379.137222222,1429335.78833333,1071.28,1073.29,55,65,65,0,392379.137222222,1429335.78833333
MW1,390117.577222222,1430138.94833333,1097.05,1097.88,25.5,30.5,30.5,0,390117.577222222,1430138.94833333
MW26,389958.657222222,1429633.25833333,1109.53,1112.11,44.8,49.8,49.8,0,389958.657222222,1429633.25833333
MW27,390374.417222222,1430024.82833333,1094.06,1096.81,50,55,55,0,390374.417222222,1430024.82833333
MW28,390764.197222222,1429954.72833333,1074.17,1074.17,29.5,34.5,34.5,0,390764.197222222,1429954.72833333
MW29,390867.697222222,1430594.64833333,1040.1,1042.67,25.5,30.5,30.5,0,390867.697222222,1430594.64833333
MW30,391124.817222222,1430913.54833333,1028.18,1031.26,NA,NA,NA,0,391124.817222222,1430913.54833333
MW30A,391124.687222222,1430911.66833333,1027,1030.18,20.5,25.5,25.5,0,391124.687222222,1430911.66833333
MW30AR,391128.107222222,1430916.85833333,1027,1030.18,20.5,25.5,25.5,0,391128.107222222,1430916.85833333
MW30B,391115.877222222,1430912.83833333,1027.3,1029.55,52,62,62,0,391115.877222222,1430912.83833333
MW30BR,391123.107222222,1430917.86833333,1027,1030.18,20.5,25.5,25.5,0,391123.107222222,1430917.86833333
MW31,391006.777222222,1430228.85833333,1063.12,1065.54,25.5,30.5,30.5,0,391006.777222222,1430228.85833333
MW5,390557.357222222,1430056.59833333,1086.96,1089.47,56,66,66,0,390557.357222222,1430056.59833333
MW52,391811.897222222,1430086.30833333,1088.68,1091.43,17,27,27,0,391811.897222222,1430086.30833333
MW53,391534.747222222,1430150.34833333,1099.78,1102.4,18.5,28.5,28.5,0,391534.747222222,1430150.34833333
MW54,391488.847222222,1430229.67833333,1082.64,1084.93,20,30,30,0,391488.847222222,1430229.67833333
MW56,391383.047222222,1430474.78833333,1068.1,1070.4,14,24,24,0,391383.047222222,1430474.78833333
MW6,390394.517222222,1429803.64833333,1106.97,1108.51,NA,NA,NA,0,390394.517222222,1429803.64833333
MW7,391656.387222222,1430212.06833333,1098.9,1101.18,NA,NA,NA,0,391656.387222222,1430212.06833333
MW99-01A,391881.867222222,1430319.16833333,1084.88,1084.87,100,120,120,0,391881.867222222,1430319.16833333
MW99-01B,391867.827222222,1430329.77833333,1084.92,1084.91,30,40,40,0,391867.827222222,1430329.77833333
MW99-02A,391985.147222222,1430090.45833333,1083.04,1082.78,110,130,130,0,391985.147222222,1430090.45833333
MW99-02B,391972.087222222,1430077.74833333,1083.22,1083.08,19,24,24,0,391972.087222222,1430077.74833333
MW99-03A,392194.457222222,1429903.58833333,1065.46,1065.1,170,194,194,0,392194.457222222,1429903.58833333
MW99-03B,392192.957222222,1429900.18833333,1065.46,1065.21,54,75,75,0,392192.957222222,1429900.18833333
MWG1,389970.537222222,1429666.68833333,1109.2,1111.87,102.3,127,127,0,389970.537222222,1429666.68833333
MWG10,390377.997222222,1430324.70833333,1080.28,1082.95,53.5,63.5,63.5,0,390377.997222222,1430324.70833333
MWG11,390860.587222222,1430652.52833333,1034.88,1037.55,62,87,87,0,390860.587222222,1430652.52833333
MWG12,391652.417222222,1429923.11833333,1100.41,1102.91,20,40.7,40.7,0,391652.417222222,1429923.11833333
MWG14,391388.257222222,1430040.37833333,1100.66,1100.66,7.5,20.8,20.8,0,391388.257222222,1430040.37833333
MWG15,391354.897222222,1430138.23833333,1091.02,1093.6,27,37,37,0,391354.897222222,1430138.23833333
MWG16,391664.997222222,1430172.53833333,1100.44,1102.86,15,35,35,0,391664.997222222,1430172.53833333
MWG17,391738.107222222,1430173.79833333,1099.09,1101.87,18.8,28.8,28.8,0,391738.107222222,1430173.79833333
MWG19,391665.487222222,1430169.19833333,1100.38,1102.96,55,60,60,0,391665.487222222,1430169.19833333
MWG1A,389969.407222222,1429663.24833333,1109.15,1111.68,60.7,71,71,0,389969.407222222,1429663.24833333
MWG2,390181.677222222,1429726.11833333,1108.87,1111.45,65.5,83.5,83.5,0,390181.677222222,1429726.11833333
MWG20,391655.367222222,1430336.25833333,1083.38,1086.13,19.8,29.8,29.8,0,391655.367222222,1430336.25833333
MWG21,391375.107222222,1430472.92833333,1068.52,1070.27,31.2,41.2,41.2,0,391375.107222222,1430472.92833333
MWG22,391518.717222222,1430527.17833333,1069.1,1071.27,36.5,46.5,46.5,0,391518.717222222,1430527.17833333
MWG3,389854.357222222,1429757.49833333,1105.06,1107.31,30.5,48,48,0,389854.357222222,1429757.49833333
MWG3R,389855.057222222,1429759.06833333,1105.26,1105.11,32.5,47.5,47.5,0,389855.057222222,1429759.06833333
MWG4,390581.187222222,1429857.22833333,1105.3,1108.55,66.8,76.8,76.8,0,390581.187222222,1429857.22833333
MWG5,390451.197222222,1430011.02833333,1091.16,1093.58,65.7,80.7,80.7,0,390451.197222222,1430011.02833333
MWG5-5,390658.127222222,1430824.11833333,1056.69,1059.02,30.5,50.5,50.5,0,390658.127222222,1430824.11833333
MWG5-5R,390658.157222222,1430826.33833333,1062.45,1064.9,67.9,82.9,82.9,0,390658.157222222,1430826.33833333
MWG5-6,390748.967222222,1430754.90833333,1038.8,1041.04,16.5,36.5,36.5,0,390748.967222222,1430754.90833333
MWG6,390504.617222222,1430583.62833333,1074.42,1075.84,49.5,59.5,59.5,0,390504.617222222,1430583.62833333
MWG7,390867.367222222,1429796.58833333,1104.56,1107.14,41.5,51.5,51.5,0,390867.367222222,1429796.58833333
MWOS-01,390664.557222222,1431691.44833333,1040.65,1040.64,NA,NA,NA,0,390664.557222222,1431691.44833333
MWOS-01R,390663.557222222,1431691.45833333,1040.65,1040.26,70.3,85.3,85.3,0,390663.557222222,1431691.45833333
MWOS-02,391451.537222222,1431169.04833333,1012.64,1012.63,NA,NA,NA,0,391451.537222222,1431169.04833333
MWOS-02R,391446.537222222,1431169.05833333,1012.73,1015.61,110,130,130,0,391446.537222222,1431169.05833333
MWOS-03,391449.937222222,1431161.54833333,1012.94,1015.85,11,21,21,0,391449.937222222,1431161.54833333
MWOS-04,391816.617222222,1430425.96833333,1075.16,1078.09,13,23,23,0,391816.617222222,1430425.96833333
MWOS-09,392269.597222222,1430951.37833333,1003.06,1003.05,51.5,61.5,61.5,0,392269.597222222,1430951.37833333
MWOS-10,392261.237222222,1430962.31833333,1003.14,1003.13,NA,NA,NA,0,392261.237222222,1430962.31833333
MWOS-10R,392263.737222222,1430960.82833333,1002.99,1005.81,76,91,91,0,392263.737222222,1430960.82833333
MWOS-11,392372.497222222,1431017.05833333,1010.65,1013.38,35,45,45,0,392372.497222222,1431017.05833333
MWOS-12,392376.877222222,1431031.66833333,1012.97,1015.75,NA,NA,NA,0,392376.877222222,1431031.66833333
MWOS-12R,392374.877222222,1431029.67833333,1012.21,1015.85,59.5,74.5,74.5,0,392374.877222222,1431029.67833333
OB,391122.097222222,1430945.25833333,1068.66,NA,NA,NA,NA,0,391122.097222222,1430945.25833333
OB01,390373.331395601,1430161.75794196,1076.767,NA,NA,NA,NA,0,390373.331395601,1430161.75794196
OB03,390277.515982755,1430074.74647547,1093.188,NA,NA,NA,NA,0,390277.515982755,1430074.74647547
OB04,390987.161631409,1430932.66221223,1030.471,NA,NA,NA,NA,0,390987.161631409,1430932.66221223
OB08,391141.0096913,1430861.87364915,1032.046,NA,NA,NA,NA,0,391141.0096913,1430861.87364915
OB09,390177.517597107,1429861.06078738,1103.412,NA,NA,NA,NA,0,390177.517597107,1429861.06078738
OB10,390798.767788944,1430516.56376689,1045.14,NA,NA,NA,NA,0,390798.767788944,1430516.56376689
OB11,390325.873689431,1429880.65466881,1104.516,NA,NA,NA,NA,0,390325.873689431,1429880.65466881
OB201A,390502.307222222,1431301.16833333,1029.5,1029.29,16.4,21.4,21.4,0,390502.307222222,1431301.16833333
OB201B,390503.457222222,1431295.88833333,1029.5,1028.82,NA,NA,NA,0,390503.457222222,1431295.88833333
OB202A,390889.457222222,1431094.42833333,1053.5,1055.27,NA,NA,NA,0,390889.457222222,1431094.42833333
OB202B,390808.587222222,1431133.00833333,1058.1,1058.87,NA,NA,NA,0,390808.587222222,1431133.00833333
OB202C,390886.867222222,1431091.09833333,1053.75,1055.15,29.5,34.5,34.5,0,390886.867222222,1431091.09833333
OB203A,390974.737222222,1430921.35833333,1035.41,1037.45,NA,NA,NA,0,390974.737222222,1430921.35833333
OB203B,391064.237222222,1430957.76833333,1027.23,1028.89,NA,NA,NA,0,391064.237222222,1430957.76833333
OB203C,391067.917222222,1430954.48833333,1026.96,1028.08,24.2,29.2,29.2,0,391067.917222222,1430954.48833333
OB203CR,391066.617222222,1430960.94833333,1026.96,1028.08,24.2,29.2,29.2,0,391066.617222222,1430960.94833333
OB204A,391419.417222222,1430669.69833333,1072.6,1074.07,NA,NA,NA,0,391419.417222222,1430669.69833333
OB204B,391378.007222222,1430701.40833333,1066.76,1066.46,NA,NA,NA,0,391378.007222222,1430701.40833333
OB204C,391452.007222222,1430617.40833333,1071.88,1073.37,NA,NA,NA,0,391452.007222222,1430617.40833333
OB205A,391511.497222222,1430526.33833333,1068.74,1068.44,NA,NA,NA,0,391511.497222222,1430526.33833333
OB205B,391460.907222222,1430513.73833333,1067.77,1069.09,NA,NA,NA,0,391460.907222222,1430513.73833333
OB206A,391687.407222222,1430281.21833333,1093.92,1095.69,NA,NA,NA,0,391687.407222222,1430281.21833333
OB208A,390713.377222222,1431244.28833333,1037.82,1037.52,60,160,160,0,390713.377222222,1431244.28833333
OB208B,390640.617222222,1431203.79833333,1036.4,1038.23,37.5,147.5,147.5,0,390640.617222222,1431203.79833333
OB208C,390638.647222222,1431289.54833333,1031.9,1031.6,NA,NA,NA,0,390638.647222222,1431289.54833333
OB209A,391330.417222222,1430769.05833333,1053.33,1053.03,NA,NA,NA,0,391330.417222222,1430769.05833333
OBPS,391088.327222222,1430877.50833333,1020,NA,NA,NA,NA,0,391088.327222222,1430877.50833333
OW-C533-SB01,391869.187478792,1429328.86641212,1080,NA,NA,NA,NA,0,391869.187478792,1429328.86641212
OW1A,391130.467222222,1430812.46833333,1031.12,975.01,24.5,29.5,29.5,0,391130.467222222,1430812.46833333
OW2,391143.817222222,1430833.52833333,1031.57,1031.58,NA,NA,NA,0,391143.817222222,1430833.52833333
OW3,391165.717222222,1430802.96833333,1033.4,1033.17,NA,NA,NA,0,391165.717222222,1430802.96833333
OW4,391175.297222222,1430762.75833333,1035.8,NA,49,79,79,0,391175.297222222,1430762.75833333
PMW7,390044.027222222,1431475.26833333,1081.96,1082.8,87.5,102.5,102.5,0,390044.027222222,1431475.26833333
PMW7D,390057.487222222,1431470.43833333,1082.83,1082.82,NA,NA,NA,0,390057.487222222,1431470.43833333
PS,391475.427222222,1430548.13833333,1068.66,NA,NA,NA,NA,0,391475.427222222,1430548.13833333
PUMPSTATION,391471.657222222,1430515.00833333,1069,NA,NA,NA,NA,0,391471.657222222,1430515.00833333
PZ03,392419.177222222,1430943.73833333,1002.58,1003.48,3,13,13,0,392419.177222222,1430943.73833333
RW-02,390878.227222222,1431100.38833333,1052.31,NA,NA,NA,NA,0,390878.227222222,1431100.38833333
RW201,390544.917222222,1431324.60833333,1028.74,1028.44,NA,NA,NA,0,390544.917222222,1431324.60833333
RW202,390879.427222222,1431100.57833333,1053.56,1053.55,NA,NA,NA,0,390879.427222222,1431100.57833333
RW203,391056.077222222,1430969.72833333,1027.3,1025.03,NA,NA,NA,0,391056.077222222,1430969.72833333
RW204,391408.377222222,1430671.75833333,1071.88,1073.54,NA,NA,NA,0,391408.377222222,1430671.75833333
RW205,391515.267222222,1430538.13833333,1069.06,1070.97,NA,NA,NA,0,391515.267222222,1430538.13833333
RW206,391632.607222222,1430301.74833333,1084.09,1083.79,NA,NA,NA,0,391632.607222222,1430301.74833333
RW207,391173.017222222,1430874.38833333,1031.95,1031.94,NA,NA,NA,0,391173.017222222,1430874.38833333
RW208,390714.237222222,1431243.51833333,1036.7,1036.3,52,152,152,0,390714.237222222,1431243.51833333
RW209,391325.617222222,1430775.06833333,1054.54,1056.04,NA,NA,NA,0,391325.617222222,1430775.06833333
SB01,391062.640169969,1430915.21932036,1028.873,NA,NA,NA,NA,0,391062.640169969,1430915.21932036
SB02,391083.606041623,1430923.71826839,1035.836,NA,NA,NA,NA,0,391083.606041623,1430923.71826839
SCT1,391613.057222222,1431527.39833333,1010.01,1010,NA,NA,NA,0,391613.057222222,1431527.39833333
SCT2,391223.397222222,1431245.94833333,1026.45,1027.18,NA,NA,NA,0,391223.397222222,1431245.94833333
SCT2A,391225.777222222,1431220.43833333,1026,1028,533.5,543.5,543.5,0,391225.777222222,1431220.43833333
SCT2B,391232.287222222,1431229.43833333,1026,1028,389.9,399.9,399.9,0,391232.287222222,1431229.43833333
SCT2B A,391226.887222222,1431220.43833333,1026,1028,439.9,449.9,449.9,0,391226.887222222,1431220.43833333
SCT2C,391222.797222222,1431216.93833333,1026,1028,110,120,120,0,391222.797222222,1431216.93833333
SCT3,391239.347222222,1431223.39833333,1026.49,1026.48,65,95,95,0,391239.347222222,1431223.39833333
SCT4,392176.337222222,1431484.96833333,1014.76,1014.8,NA,NA,NA,0,392176.337222222,1431484.96833333
SCT5,392177.337222222,1431485.96833333,1014.76,1014.17,57,77,77,0,392177.337222222,1431485.96833333
SCT6,391277.687222222,1432286.79833333,1027.36,1027.87,NA,NA,NA,0,391277.687222222,1432286.79833333
SCT7,391318.837222222,1432259.36833333,1027.37,1029.28,35,55,55,0,391318.837222222,1432259.36833333
SRB1HP001,390476.787222222,1431043.88833333,1068.87,NA,NA,NA,NA,0,390476.787222222,1431043.88833333
SRB1HP002,390455.417222222,1431081.98833333,1066.71,NA,NA,NA,NA,0,390455.417222222,1431081.98833333
SRB1HP003,390422.087222222,1431083.33833333,1065.54,NA,NA,NA,NA,0,390422.087222222,1431083.33833333
SRB1HP004,390401.737222222,1431082.64833333,1065.33,NA,NA,NA,NA,0,390401.737222222,1431082.64833333
SRB1HP005,390384.117222222,1431083.46833333,1066.2,NA,NA,NA,NA,0,390384.117222222,1431083.46833333
SRB1HP006,390442.267222222,1431000.36833333,1072.53,NA,NA,NA,NA,0,390442.267222222,1431000.36833333
SRB1HP007,390114.507222222,1431148.97833333,1077.48,NA,NA,NA,NA,0,390114.507222222,1431148.97833333
SRB1HP008,390234.007222222,1431110.82833333,1070.62,NA,NA,NA,NA,0,390234.007222222,1431110.82833333
SRB1HP009,390174.207222222,1431100.77833333,1079.24,NA,NA,NA,NA,0,390174.207222222,1431100.77833333
SRB1HP010,390617.467222222,1431146.07833333,1039.38,NA,NA,NA,NA,0,390617.467222222,1431146.07833333
SRB1HP011,390598.317222222,1431132.67833333,1041.74,NA,NA,NA,NA,0,390598.317222222,1431132.67833333
SRB1HP012,390577.117222222,1431140.65833333,1040.72,NA,NA,NA,NA,0,390577.117222222,1431140.65833333
SRB1HP013,390555.407222222,1431147.56833333,1039.97,NA,NA,NA,NA,0,390555.407222222,1431147.56833333
SRB1HP014,390533.407222222,1431153.82833333,1039.72,NA,NA,NA,NA,0,390533.407222222,1431153.82833333
SRB1HP015,390510.697222222,1431159.23833333,1039.34,NA,NA,NA,NA,0,390510.697222222,1431159.23833333
SRB1HP016,390488.327222222,1431163.62833333,1039.14,NA,NA,NA,NA,0,390488.327222222,1431163.62833333
SRB1HP017,390465.867222222,1431168.12833333,1038.83,NA,NA,NA,NA,0,390465.867222222,1431168.12833333
SRB1HP018,390442.677222222,1431172.02833333,1038.35,NA,NA,NA,NA,0,390442.677222222,1431172.02833333
SRB1HP019,390419.897222222,1431173.49833333,1038.21,NA,NA,NA,NA,0,390419.897222222,1431173.49833333
SRB1HP020,390360.877222222,1431216.61833333,1036.12,NA,NA,NA,NA,0,390360.877222222,1431216.61833333
SRB1HP021,390396.167222222,1431202.32833333,1034.33,NA,NA,NA,NA,0,390396.167222222,1431202.32833333
SRB1HP022,390389.667222222,1431240.63833333,1031.78,NA,NA,NA,NA,0,390389.667222222,1431240.63833333
SRB1HP023,390425.867222222,1431263.82833333,1030.13,NA,NA,NA,NA,0,390425.867222222,1431263.82833333
SRB1HP024,390450.707222222,1431280.40833333,1029.28,NA,NA,NA,NA,0,390450.707222222,1431280.40833333
SRB1HP025,390506.317222222,1431306.33833333,1029.22,NA,NA,NA,NA,0,390506.317222222,1431306.33833333
SRB1HP026,390557.077222222,1431318.53833333,1029.96,NA,NA,NA,NA,0,390557.077222222,1431318.53833333
SRB1HP027,390588.137222222,1431313.40833333,1029.54,NA,NA,NA,NA,0,390588.137222222,1431313.40833333
SRB1HP028,390623.567222222,1431298.76833333,1030.27,NA,NA,NA,NA,0,390623.567222222,1431298.76833333
SRB1HP029,390686.497222222,1431262.84833333,1034.62,NA,NA,NA,NA,0,390686.497222222,1431262.84833333
SRB1HP030,390681.557222222,1431208.01833333,1037.28,NA,NA,NA,NA,0,390681.557222222,1431208.01833333
SRB1HP031,390654.337222222,1431197.36833333,1036.48,NA,NA,NA,NA,0,390654.337222222,1431197.36833333
SRB1HP032,390719.867222222,1431218.97833333,1038.78,NA,NA,NA,NA,0,390719.867222222,1431218.97833333
SRB1HP033,390667.967222222,1431136.97833333,1042.95,NA,NA,NA,NA,0,390667.967222222,1431136.97833333
SRB1HP034,390637.147222222,1431172.64833333,1037.36,NA,NA,NA,NA,0,390637.147222222,1431172.64833333
SRB1HP035,390699.367222222,1431139.96833333,1045.03,NA,NA,NA,NA,0,390699.367222222,1431139.96833333
SRB1HP039,390558.337222222,1431223.20833333,1030,NA,NA,NA,NA,0,390558.337222222,1431223.20833333
SRB1HP040,390211.097222222,1431334.45833333,1030,NA,NA,NA,NA,0,390211.097222222,1431334.45833333
SRB1HP042,390540.877222222,1431249.65833333,1030,NA,NA,NA,NA,0,390540.877222222,1431249.65833333
SRB1HP043,390536.647222222,1431278.75833333,1030,NA,NA,NA,NA,0,390536.647222222,1431278.75833333
SRB1HP045,390432.427222222,1431232.19833333,1030,NA,NA,NA,NA,0,390432.427222222,1431232.19833333
SRB1PIIHP001,390617.497222222,1431137.96833333,1040.62,NA,NA,NA,NA,0,390617.497222222,1431137.96833333
SRB1PIIHP002,390367.487222222,1431202.29833333,1036.5,NA,NA,NA,NA,0,390367.487222222,1431202.29833333
SRB1PIIHP003,390345.447222222,1431215.09833333,1037.74,NA,NA,NA,NA,0,390345.447222222,1431215.09833333
SRB1PIIHP004,390361.367222222,1431232.02833333,1035.59,NA,NA,NA,NA,0,390361.367222222,1431232.02833333
SRB1PIIHP005,390394.417222222,1431232.39833333,1030.69,NA,NA,NA,NA,0,390394.417222222,1431232.39833333
SRB1PIIHP006,390427.637222222,1431259.03833333,0,NA,NA,NA,NA,0,390427.637222222,1431259.03833333
SRB1PIISW001,390183.097222222,1431283.45833333,1030,NA,NA,NA,NA,0,390183.097222222,1431283.45833333
SRB1PIISW002,390247.097222222,1431206.45833333,1030,NA,NA,NA,NA,0,390247.097222222,1431206.45833333
SRB1PIISW004,390331.097222222,1431255.45833333,1030,NA,NA,NA,NA,0,390331.097222222,1431255.45833333
SS009-CDL-MW01,390368.91664331,1430281.4505397,1081.41,1081.2,30,40,40,0,390368.91664331,1430281.4505397
SS009-CDL-MW02,390235.757457942,1430268.59061707,1095.63,1095.29,38,48,48,0,390235.757457942,1430268.59061707
SS009-CDL-MW03,390275.327215504,1430300.94041877,1094.89,1094.56,38,48,48,0,390275.327215504,1430300.94041877
SS009-CDL-MW06,390287.767139495,1430294.72045715,1095.02,1094.61,40,50,50,0,390287.767139495,1430294.72045715
SS009-CDL-SB04,390330.006881316,1430280.26054653,1095.02,NA,NA,NA,NA,0,390330.006881316,1430280.26054653
SS009-CDL-SB05,390306.76702334,1430290.12048565,1095.02,NA,NA,NA,NA,0,390306.76702334,1430290.12048565
STW_TANK,389905.167222222,1429615.70833333,1100,NA,NA,NA,NA,0,389905.167222222,1429615.70833333
SW1,391514.307222222,1432231.41833333,NA,NA,NA,NA,NA,0,391514.307222222,1432231.41833333
SW2,392340.427222222,1430948.02833333,NA,NA,NA,NA,NA,0,392340.427222222,1430948.02833333
SW4,391096.267222222,1431434.75833333,NA,NA,NA,NA,NA,0,391096.267222222,1431434.75833333
SW5,391440.947222222,1431193.47833333,NA,NA,NA,NA,NA,0,391440.947222222,1431193.47833333
SWMU14/89-MW01,391880.697408371,1429330.36640304,1096.18,1095.71,71,81,81,0,391880.697408371,1429330.36640304
SWMU14/89-MW03,392013.916593994,1429292.35663826,1088.95,1088.37,36.5,46.5,46.5,0,392013.916593994,1429292.35663826
SWMU14/89-MW04,391793.907938865,1429359.50622291,1096.86,1096.43,26.5,36.5,36.5,0,391793.907938865,1429359.50622291
SWMU14/89-SB102,392109.816005851,1429417.69586918,1088.95,NA,NA,NA,NA,0,392109.816005851,1429417.69586918
SWMU14/89-SB105,391993.746716099,1429394.00601335,1096.18,NA,NA,NA,NA,0,391993.746716099,1429394.00601335
SWMU14/89-SS106,391920.65716366,1429353.63626054,1096.18,NA,NA,NA,NA,0,391920.65716366,1429353.63626054
SWMU15-MW01,390456.996097091,1430873.46690276,1075.47,1074.96,84,94,94,0,390456.996097091,1430873.46690276
SWMU15-MW02,390510.605768825,1430903.02672177,1072.12,1071.83,81,91,91,0,390510.605768825,1430903.02672177
SWMU15-MW03,390559.695468167,1430934.90652648,1069.87,1069.6,80,90,90,0,390559.695468167,1430934.90652648
SWMU15-SB110,390525.875674753,1430956.08639592,1069.87,NA,NA,NA,NA,0,390525.875674753,1430956.08639592
SWMU15-SS104,390530.89564463,1430910.19667797,1075.47,NA,NA,NA,NA,0,390530.89564463,1430910.19667797
SWMU15-SS105,390506.415793867,1430948.99643924,1072.12,NA,NA,NA,NA,0,390506.415793867,1430948.99643924
SWMU15-SS106,390567.095423259,1430906.81669918,1075.47,NA,NA,NA,NA,0,390567.095423259,1430906.81669918
SWMU15-SS107,390511.885759998,1430981.81623763,1069.87,NA,NA,NA,NA,0,390511.885759998,1430981.81623763
SWMU15-SS108,390572.825387849,1430935.45652327,1072.12,NA,NA,NA,NA,0,390572.825387849,1430935.45652327
SWMU15-SS109,390546.005551416,1430973.2162909,1069.87,NA,NA,NA,NA,0,390546.005551416,1430973.2162909
SWMU16-MW01,391246.111282524,1429917.37278791,1101.32,1100.84,31.5,41.5,41.5,0,391246.111282524,1429917.37278791
SWMU16-MW02,391233.811357531,1429935.38267709,1101.86,1101.46,21,31,31,0,391233.811357531,1429935.38267709
SWMU16-MW03,391223.371421014,1429964.61249733,1101.81,1101.55,11,21,21,0,391223.371421014,1429964.61249733
SWMU16-SB104,391216.651462575,1429928.31272032,1101.32,NA,NA,NA,NA,0,391216.651462575,1429928.31272032
SWMU16-SB105,391257.391213141,1429948.20259859,1101.32,NA,NA,NA,NA,0,391257.391213141,1429948.20259859
SWMU17-B04679,389978.619037511,1429734.08389853,1104.8,1104.3,19,29,29,0,389978.619037511,1429734.08389853
SWMU17-MW01,390066.648498427,1429784.9735869,1108.72,1108.13,80,90,90,0,390066.648498427,1429784.9735869
SWMU17-MW02,390222.207546344,1429832.30329798,1108.75,1108.37,80,90,90,0,390222.207546344,1429832.30329798
SWMU17-MW03,390272.627238374,1429798.82350436,1106.88,1106.43,81,91,91,0,390272.627238374,1429798.82350436
SWMU17-SB104,390131.648099822,1429866.38308743,1108.72,NA,NA,NA,NA,0,390131.648099822,1429866.38308743
SWMU17-SB105,390184.167779834,1429767.85369357,1108.72,NA,NA,NA,NA,0,390184.167779834,1429767.85369357
SWMU17-SB106,390274.007230982,1429715.77401473,1106.88,NA,NA,NA,NA,0,390274.007230982,1429715.77401473
SWMU18-MW01,390638.415007641,1429273.75673559,1108.28,1107.97,50,60,60,0,390638.415007641,1429273.75673559
SWMU18-MW02,390745.484352219,1429315.07648299,1107.37,1106.95,76,86,86,0,390745.484352219,1429315.07648299
SWMU18-MW03,390690.62468704197,1429372.95612663,1107.91,1107.16,65,75,75,0,390690.62468704197,1429372.95612663
SWMU18-SB104,390792.704063365,1429317.45646896,1107.37,NA,NA,NA,NA,0,390792.704063365,1429317.45646896
SWMU18-SB105,390817.703910042,1429349.74627084,1107.37,NA,NA,NA,NA,0,390817.703910042,1429349.74627084
SWMU18-SB106,390718.224518288,1429367.97615758,1107.91,NA,NA,NA,NA,0,390718.224518288,1429367.97615758
SWMU19-MW01,389906.689479409,1429581.3548362,1107.72,1107.37,89.7,99.7,99.7,0,389906.689479409,1429581.3548362
SWMU19-SB102,389904.589492195,1429586.29480581,1107.72,NA,NA,NA,NA,0,389904.589492195,1429586.29480581
SWMU19-SB103,389931.279329078,1429575.88487012,1107.72,NA,NA,NA,NA,0,389931.279329078,1429575.88487012
SWMU19-SB104,389923.469376664,1429590.33478122,1107.72,NA,NA,NA,NA,0,389923.469376664,1429590.33478122
SWMU19-SB105,389940.269273795,1429598.79472944,1107.72,NA,NA,NA,NA,0,389940.269273795,1429598.79472944
SWMU19-SB106,389910.05945848,1429606.22468341,1107.72,NA,NA,NA,NA,0,389910.05945848,1429606.22468341
SWMU19-SB107,389950.159213012,1429621.71458872,1107.72,NA,NA,NA,NA,0,389950.159213012,1429621.71458872
SWMU19-SB108,389921.519388072,1429631.22452992,1107.72,NA,NA,NA,NA,0,389921.519388072,1429631.22452992
SWMU19-SB109,389954.979183297,1429640.33447435,1107.72,NA,NA,NA,NA,0,389954.979183297,1429640.33447435
SWMU19-SB110,389940.269273187,1429646.71443497,1107.72,NA,NA,NA,NA,0,389940.269273187,1429646.71443497
SWMU19-SB111,389951.469204544,1429657.52436867,1107.72,NA,NA,NA,NA,0,389951.469204544,1429657.52436867
SWMU19-SB112,389963.059133453,1429673.53427043,1107.72,NA,NA,NA,NA,0,389963.059133453,1429673.53427043
SWMU19MW-1A,390912.907222222,1431055.83833333,1051.26,1050.81,124.35,144.35,144.35,0,390912.907222222,1431055.83833333
SWMU19MW-1B,390912.407222222,1431055.83833333,1051.26,1050.79,74.45,94.45,94.45,0,390912.407222222,1431055.83833333
SWMU19MW-1C,390912.907222222,1431056.33833333,1051.26,1050.9,34.46,54.46,54.46,0,390912.907222222,1431056.33833333
SWMU19MW-2A,390957.017222222,1431049.75833333,1046.42,1045.52,93,113,113,0,390957.017222222,1431049.75833333
SWMU19MW-2B,390956.517222222,1431049.75833333,1046.42,1045.53,65.43,85.43,85.43,0,390956.517222222,1431049.75833333
SWMU19MW-3A,390994.487222222,1431059.18833333,1042.6,1041.92,103.05,118.05,118.05,0,390994.487222222,1431059.18833333
SWMU19MW-3B,390994.987222222,1431059.18833333,1042.6,1041.88,75.77,90.77,90.77,0,390994.987222222,1431059.18833333
SWMU19MW-3C,390994.487222222,1431058.68833333,1042.6,1041.58,36.02,51.02,51.02,0,390994.487222222,1431058.68833333
SWMU19MW-4A,391004.987222222,1431010.17833333,1035.43,1035.1,94.67,114.67,114.67,0,391004.987222222,1431010.17833333
SWMU19MW-4B,391004.487222222,1431010.17833333,1035.43,1034.81,63.73,83.73,83.73,0,391004.487222222,1431010.17833333
SWMU19MW-4C,391004.987222222,1431009.67833333,1035.43,1034.93,33.91,48.91,48.91,0,391004.987222222,1431009.67833333
SWMU28-MW01,391665.988710878,1430193.07109886,1099.37,1098.97,19.5,29.5,29.5,0,391665.988710878,1430193.07109886
SWMU28-MW02,391563.399339031,1430139.81142488,1099.83,1099.38,22.5,32.5,32.5,0,391563.399339031,1430139.81142488
SWMU28-MW03,391639.828873969,1429946.45261406,1100.78,1100.38,20.5,30.5,30.5,0,391639.828873969,1429946.45261406
SWMU28-SB104,391639.63887228,1430174.25121418,1099.83,NA,NA,NA,NA,0,391639.63887228,1430174.25121418
SWMU28-SB105,391581.909225921,1430131.71147489,1099.83,NA,NA,NA,NA,0,391581.909225921,1430131.71147489
SWMU28-SB106,391692.588548072,1430201.59104683,1099.37,NA,NA,NA,NA,0,391692.588548072,1430201.59104683
SWMU38-MW01,389886.459604207,1429498.12534741,1108.37,1107.94,80,90,90,0,389886.459604207,1429498.12534741
SWMU38-MW02,389913.329439665,1429513.06525594,1108.51,1108.04,85,96.5,96.5,0,389913.329439665,1429513.06525594
SWMU38-SB103,389924.249372502,1429542.41507571,1108.51,NA,NA,NA,NA,0,389924.249372502,1429542.41507571
SWMU38-SB104,389891.179574564,1429558.95497366,1108.51,NA,NA,NA,NA,0,389891.179574564,1429558.95497366
SWMU38-SB105,389895.869545679,1429574.44487852,1108.51,NA,NA,NA,NA,0,389895.869545679,1429574.44487852
SWMU38-SB106,389916.569419152,1429568.06491799,1108.51,NA,NA,NA,NA,0,389916.569419152,1429568.06491799
SWMU43-MW02,390250.787379027,1429240.64693424,1109.06,1108.76,36,46,46,0,390250.787379027,1429240.64693424
SWMU43-MW03,390576.695384266,1429344.26630152,1108.99,1108.55,46.5,56.5,56.5,0,390576.695384266,1429344.26630152
SWMU50-MW01,390320.586931719,1430850.59704161,1079.81,1079.44,85,95,95,0,390320.586931719,1430850.59704161
SWMU50-MW02,390354.086726964,1430839.4371106,1079.56,1079.18,83,93,93,0,390354.086726964,1430839.4371106
SWMU50-MW03,390415.676349974,1430861.40697635,1078.25,1077.88,87,97,97,0,390415.676349974,1430861.40697635
SWMU50-SS104,390368.686636748,1430911.95666513,1079.81,NA,NA,NA,NA,0,390368.686636748,1430911.95666513
SWMU50-SS105,390376.54658887,1430896.19676208,1079.81,NA,NA,NA,NA,0,390376.54658887,1430896.19676208
SWMU50-SS106,390357.156707517,1430892.25678606,1079.81,NA,NA,NA,NA,0,390357.156707517,1430892.25678606
SWMU51-MW01,390204.317641569,1430953.83640574,1078.44,1077.98,91,101,101,0,390204.317641569,1430953.83640574
SWMU51-MW02,390257.167318116,1430969.47631029,1077.84,1077.26,90,100,100,0,390257.167318116,1430969.47631029
SWMU51-MW03,390278.29718917003,1430946.23645336,1077.79,1077.36,86,96,96,0,390278.29718917003,1430946.23645336
SWMU52-MW01,390381.866555082,1430995.08615446,1073.54,1073.15,95,105,105,0,390381.866555082,1430995.08615446
SWMU52-MW02,390396.286464366,1431194.33493023,1038.78,1038.28,48,58,58,0,390396.286464366,1431194.33493023
SWMU52-SB103,390375.616591438,1431143.05524509,1050,NA,NA,NA,NA,0,390375.616591438,1431143.05524509
SWMU52-SB104,390326.736890943,1431100.6955048,1076,NA,NA,NA,NA,0,390326.736890943,1431100.6955048
SWMU52-SB105,390366.746646234,1431100.16550855,1070,NA,NA,NA,NA,0,390366.746646234,1431100.16550855
SWMU52-SB106,390351.906736811,1431115.01541711,1050,NA,NA,NA,NA,0,390351.906736811,1431115.01541711
SWMU52-SB107,390384.426538607,1431059.72575728,1072,NA,NA,NA,NA,0,390384.426538607,1431059.72575728
SWMU52-SB109,390391.646494472,1431057.72576966,1072,NA,NA,NA,NA,0,390391.646494472,1431057.72576966
SWMU52-SS108,390388.436514064,1431060.93574989,1072,NA,NA,NA,NA,0,390388.436514064,1431060.93574989
SWMU60-MW01,390139.92803546,1430949.25643308,1084.95,1084.61,70,80,80,0,390139.92803546,1430949.25643308
SWMU60-MW02,390171.987836046,1431211.38482268,1043.32,1043,25,35,35,0,390171.987836046,1431211.38482268
SWMU60-SB103,390051.938570315,1431211.55482013,1050,NA,NA,NA,NA,0,390051.938570315,1431211.55482013
SWMU60-SB104,390068.25847104,1431168.49508494,1080,NA,NA,NA,NA,0,390068.25847104,1431168.49508494
SWMU60-SB105,390045.858607794,1431188.28496305,1065,NA,NA,NA,NA,0,390045.858607794,1431188.28496305
SWMU67-MW01,390644.494959952,1430106.09162074,1079.95,1079.37,46,56,56,0,390644.494959952,1430106.09162074
SWMU67-MW02,390675.374770765,1430130.61147045,1080.26,1079.81,47.5,57.5,57.5,0,390675.374770765,1430130.61147045
SWMU67-MW03,390680.844737641,1430103.9916341,1079.96,1079.33,48,58,58,0,390680.844737641,1430103.9916341
SWMU67-SB104,390707.794572595,1430120.52153285,1079.96,NA,NA,NA,NA,0,390707.794572595,1430120.52153285
SWMU67-SB105,390681.054735534,1430169.4812316601,1080.26,NA,NA,NA,NA,0,390681.054735534,1430169.4812316601
SWMU73-MW02,390693.514671052,1429239.39694743,1107.7,1107.29,54,64,64,0,390693.514671052,1429239.39694743
SWMU73-SB104,390688.544701067,1429269.53676215,1107.7,NA,NA,NA,NA,0,390688.544701067,1429269.53676215
SWMU90-MW01,390078.448422424,1430086.85173194,1099.65,1099.2,45,55,55,0,390078.448422424,1430086.85173194
SWMU90-MW03,390049.628599184,1430048.72196589,1100.24,1099.93,45,55,55,0,390049.628599184,1430048.72196589
SWMU90-SB102,390117.83818089,1430134.51143955,1099.65,NA,NA,NA,NA,0,390117.83818089,1430134.51143955
SWMU90-SB104,390093.0583333,1430068.24184648,1099.65,NA,NA,NA,NA,0,390093.0583333,1430068.24184648
SWMU90-SB105,390066.11849746,1430116.73154816,1099.65,NA,NA,NA,NA,0,390066.11849746,1430116.73154816
SWMU90-SB106,390045.648622843,1430102.72163401,1099.65,NA,NA,NA,NA,0,390045.648622843,1430102.72163401
SWMU90-SB107,390033.78869577,1430072.55181925,1100.24,NA,NA,NA,NA,0,390033.78869577,1430072.55181925
SWP1,390740.097222222,1430624.45833333,1068.66,NA,NA,NA,NA,0,390740.097222222,1430624.45833333
SWP2,390749.097222222,1430654.45833333,1068.66,NA,NA,NA,NA,0,390749.097222222,1430654.45833333
SWP5,390740.097222222,1430678.45833333,1068.66,NA,NA,NA,NA,0,390740.097222222,1430678.45833333
T559HP001,391207.777222222,1429992.96833333,1099.13,NA,NA,NA,NA,0,391207.777222222,1429992.96833333
T559HP002,391196.937222222,1430000.66833333,1096.38,NA,NA,NA,NA,0,391196.937222222,1430000.66833333
T559HP003,391194.597222222,1430013.50833333,1093.94,NA,NA,NA,NA,0,391194.597222222,1430013.50833333
T559HP004,391253.877222222,1429914.38833333,1101.48,NA,NA,NA,NA,0,391253.877222222,1429914.38833333
T559HP005,391213.187222222,1430009.62833333,1096.88,NA,NA,NA,NA,0,391213.187222222,1430009.62833333
T559HP006,391296.267222222,1429937.41833333,1101.11,NA,NA,NA,NA,0,391296.267222222,1429937.41833333
T559HP007,391276.137222222,1429871.17833333,1101.88,NA,NA,NA,NA,0,391276.137222222,1429871.17833333
T559HP008,391208.767222222,1429891.26833333,1102.01,NA,NA,NA,NA,0,391208.767222222,1429891.26833333
T559HP009,391247.687222222,1429995.93833333,1100.82,NA,NA,NA,NA,0,391247.687222222,1429995.93833333
T559HP010,391181.137222222,1429951.86833333,1102.17,NA,NA,NA,NA,0,391181.137222222,1429951.86833333
T559HP011,391174.957222222,1430027.88833333,1089.36,NA,NA,NA,NA,0,391174.957222222,1430027.88833333
T559HP012,391175.297222222,1430055.06833333,1090.24,NA,NA,NA,NA,0,391175.297222222,1430055.06833333
T559HP013,391204.787222222,1430040.80833333,1091.47,NA,NA,NA,NA,0,391204.787222222,1430040.80833333
T559HP014,391339.397222222,1429976.19833333,1101.08,NA,NA,NA,NA,0,391339.397222222,1429976.19833333
T559HP015,391350.857222222,1429892.78833333,1101.21,NA,NA,NA,NA,0,391350.857222222,1429892.78833333
T559HP016,391247.347222222,1429829.71833333,1102.47,NA,NA,NA,NA,0,391247.347222222,1429829.71833333
T559HP017,391173.957222222,1429856.87833333,1102.54,NA,NA,NA,NA,0,391173.957222222,1429856.87833333
T559HP018,391133.967222222,1429925.57833333,1102.7,NA,NA,NA,NA,0,391133.967222222,1429925.57833333
T559HP019,391132.197222222,1430012.47833333,1085.93,NA,NA,NA,NA,0,391132.197222222,1430012.47833333
T559HP020,391394.987222222,1429944.48833333,1101.12,NA,NA,NA,NA,0,391394.987222222,1429944.48833333
T559HP021,391410.787222222,1430007.51833333,1100.52,NA,NA,NA,NA,0,391410.787222222,1430007.51833333
T559HP022,391342.827222222,1430054.20833333,1100.18,NA,NA,NA,NA,0,391342.827222222,1430054.20833333
T559HP023,391130.967222222,1429851.97833333,1102.95,NA,NA,NA,NA,0,391130.967222222,1429851.97833333
T559HP024,391013.247222222,1429786.33833333,1103.53,NA,NA,NA,NA,0,391013.247222222,1429786.33833333
T559HP025,390890.767222222,1429721.54833333,1105.1,NA,NA,NA,NA,0,390890.767222222,1429721.54833333
T559HP026,391605.927222222,1429424.79833333,1099.01,NA,NA,NA,NA,0,391605.927222222,1429424.79833333
T706HP001,390480.047222222,1430497.72833333,1078.78,NA,NA,NA,NA,0,390480.047222222,1430497.72833333
T706HP002,390504.897222222,1430533.00833333,1077.06,NA,NA,NA,NA,0,390504.897222222,1430533.00833333
VE1,389905.847222222,1429684.53833333,1107.49,1107.29,52,62,62,0,389905.847222222,1429684.53833333
VE2,389991.677222222,1429769.88833333,1105.57,1105.63,50,60,60,0,389991.677222222,1429769.88833333
VE3,389942.117222222,1429753.38833333,1105.46,1105.43,50,60,60,0,389942.117222222,1429753.38833333
VE4,389947.717222222,1429555.37833333,1109.88,1109.36,50,60,60,0,389947.717222222,1429555.37833333
VE5,389964.757222222,1429612.31833333,1109.45,1109.02,50,60,60,0,389964.757222222,1429612.31833333
VE6,389874.507222222,1429544.86833333,1107.69,1107.37,30,40,40,0,389874.507222222,1429544.86833333
VE7,389895.597222222,1429607.58833333,1107.24,1107.31,50,60,60,0,389895.597222222,1429607.58833333
VE8,389864.197222222,1429681.00833333,1106.88,1106.25,50,60,60,0,389864.197222222,1429681.00833333
VE9,389892.357222222,1429659.61833333,1107.42,1106.47,50,60,60,0,389892.357222222,1429659.61833333
