locs_complete$ECOORD,locs_complete$NCOORD,locs_complete@coords
0,0,-17976931348623157e292
392474.06,1428427.5,392493.1572222222
388098,1424537,388117.0972222222
389103.19,1427829.41,389122.2872222222
390165,1431245,390184.0972222222
390271,1431230,390290.0972222222
390505,1431241,390524.0972222222
390271.02,1431230.02,390290.1172222222
390306,1431256,390325.0972222222
390450,1431301,390469.0972222222
390416,1431273,390435.0972222222
390400,1431179,390419.0972222222
390481,1431159,390500.0972222222
390518,1431151,390537.0972222222
390552,1431146,390571.0972222222
390606,1431186,390625.0972222222
390374,1431155,390393.0972222222
390085,1431160,390104.0972222222
390170,1431141,390189.0972222222
390372,1431100,390391.0972222222
390462,1431109,390481.0972222222
390520,1431082,390539.0972222222
390287,1431094,390306.0972222222
390352,1431050,390371.0972222222
390426,1431056,390445.0972222222
390506,1431040,390525.0972222222
390550,1431014,390569.0972222222
390290,1430695,390309.0972222222
390632.32,1431155.75,390651.4172222222
390536.83,1431251,390555.9272222222
390459.73,1431132.59,390478.8272222222
390062.79,1424215.55,390081.88722222217
390138.89,1424203.26,390157.9872222222
390205.72,1424195.87,390224.81722222216
390272.38,1424195.17,390291.4772222222
390339.83,1424193.75,390358.9272222222
390406.59,1424192.35,390425.6872222222
390474.51,1424189.64,390493.6072222222
390468.94,1424210.95,390488.0372222222
390459.81,1424245.01,390478.9072222222
390282.25,1424083.29,390301.3472222222
390275.77,1424064.67,390294.8672222222
390251.46,1424079.65,390270.5572222222
390158.79,1424113.16,390177.88722222217
390105.27,1424114.73,390124.3672222222
390055.78,1424116.25,390074.8772222222
390271.61,1424152.64,390290.7072222222
390197.15,1424248.58,390216.2472222222
390275.07,1424253.54,390294.1672222222
390342.24,1424249.96,390361.3372222222
390409.12,1424247.59,390428.2172222222
390145.57,1424339.44,390164.6672222222
390449.32,1424160.94,390468.4172222222
390493.38,1424217.69,390512.4772222222
390311.65,1424295.46,390330.7472222222
390128.63,1424159.47,390147.7272222222
390210.98,1424100.95,390230.0772222222
390509.81,1424118.84,390528.9072222222
390453.8,1424225.8,390472.8972222222
390249.61,1424170.98,390268.7072222222
390144.02,1424369.41,390163.1172222222
390100,1424350,390119.0972222222
390095,1424355,390114.0972222222
2188071.32,1428538.31,2188090.417222222
2188142.88,1428511.74,2188161.977222222
2188106.82,1428499.05,2188125.917222222
2188086.02,1428631.49,2188105.117222222
2188176.8,1428585.19,2188195.897222222
2188107.1,1428525.03,2188126.197222222
2190339,1419685.26,2190358.097222222
2190256.2,1419476.64,2190275.297222222
2190500.05,1419675.36,2190519.147222222
2190194.5,1419784.54,2190213.597222222
2190216.02,1418781.42,2190235.117222222
2190378.12,1419576,2190397.217222222
2186949.75,1428298.53,2186968.847222222
2187189.42,1428172.26,2187208.517222222
2187003.2,1429624.55,2187022.297222222
2187054.46,1429607.12,2187073.557222222
2187029.78,1429650.35,2187048.877222222
2187031.07,1429622.43,2187050.167222222
2190185.53,1422322.27,2190204.627222222
2191202.02,1423219.83,2191221.117222222
2191446.29,1423032.07,2191465.387222222
2191307.77,1422963.13,2191326.867222222
2191717.36,1423026.92,2191736.457222222
2191317.48,1423117.26,2191336.577222222
2186946.93,1431247.32,2186966.027222222
2187072.02,1431215.31,2187091.117222222
2186981.74,1431057.66,2187000.8372222222
2186935.09,1431168.29,2186954.187222222
2186990.54,1431157.3,2187009.637222222
2186431.75,1427971.64,2186450.847222222
2186588.77,1427855.81,2186607.867222222
2186446.53,1427846.53,2186465.627222222
2186621.55,1427746.1,2186640.647222222
2186510.26,1427913.72,2186529.357222222
2186295.61,1427573.77,2186314.707222222
2186834.51,1427509.07,2186853.607222222
2185163.36,1424883.24,2185182.457222222
2185209.23,1424808.59,2185228.327222222
2185346.23,1424990.55,2185365.327222222
2185388.06,1424913.1,2185407.157222222
2180368.69,1417682.8,2180387.787222222
2185275.88,1424900.96,2185294.977222222
2187109.08,1431379.72,2187128.177222222
2187657.52,1430958.38,2187676.617222222
2195125.88,1419376.39,2195144.977222222
389900.15,1429600.3,389919.2472222222
388311.24,1428176.14,388330.3372222222
389477,1428520.64,389496.0972222222
389679.83,1429003.46,389698.9272222222
388243.89,1430042.5,388262.9872222222
387620.48,1429671.44,387639.5772222222
389920.06,1430426.39,389939.1572222222
390371.29,1428795.34,390390.38722222217
391043.75,1430984.11,391062.8472222222
390182.48,1429081.17,390201.5772222222
390519.76,1429265.72,390538.8572222222
391410.15,1429026.97,391429.2472222222
392026.42,1429583.17,392045.5172222222
389785.44,1429462.02,389804.5372222222
389958.33,1429590.61,389977.4272222222
390007.64,1429859.98,390026.7372222222
390139.29,1429860.27,390158.38722222217
390239.94,1430044.55,390259.0372222222
390522.53,1430230.13,390541.6272222222
390490.29,1430598.67,390509.38722222217
390762.96,1430994.52,390782.0572222222
390854.62,1430514.85,390873.7172222222
390790.45,1431116.34,390809.5472222222
390909.11,1430613.1,390928.2072222222
390859.15,1430531.51,390878.2472222222
390871.04,1430422.34,390890.13722222217
390871.74,1430426.39,390890.8372222222
389913.18,1429672.97,389932.2772222222
389890.1,1429677.38,389909.19722222217
389872.12,1429647.96,389891.2172222222
389987.18,1429655.32,390006.2772222222
390034.73,1429639.39,390053.8272222222
389925.8,1429609.32,389944.8972222222
389926.09,1429619.2,389945.1872222222
389925.83,1429628.97,389944.9272222222
389926.19,1429608.8,389945.2872222222
389957.52,1429595.28,389976.6172222222
389952.47,1429594.98,389971.56722222216
389957.6,1429594.92,389976.69722222217
389947.68,1429595.2,389966.7772222222
389989.93,1429593.25,390009.0272222222
389916.95,1429605.13,389936.0472222222
389916.71,1429604.77,389935.8072222222
389916.62,1429604.99,389935.7172222222
389916.74,1429605.34,389935.8372222222
389922.19,1429605.33,389941.2872222222
389918.59,1429588.2,389937.6872222222
389981.87,1429607.54,390000.9672222222
390018.68,1429651.13,390037.7772222222
389911.69,1429589.17,389930.7872222222
389911.57,1429589.64,389930.6672222222
389911.28,1429589.25,389930.3772222222
390131.82,1430292.51,390150.9172222222
390131.83,1430292.51,390150.9272222222
390131.84,1430292.51,390150.9372222222
390131.85,1430292.51,390150.94722222217
390131.86,1430292.51,390150.9572222222
390131.87,1430292.51,390150.9672222222
390131.88,1430292.51,390150.9772222222
390312.14,1430262.76,390331.2372222222
390312.15,1430262.76,390331.2472222222
390312.16,1430262.76,390331.25722222216
390312.17,1430262.76,390331.2672222222
390312.18,1430262.76,390331.2772222222
390312.19,1430262.76,390331.2872222222
390312.2,1430262.76,390331.2972222222
390312.21,1430262.76,390331.3072222222
390442.92,1430205.76,390462.0172222222
390595,1430261.98,390614.0972222222
389887.59,1429512.04,389906.6872222222
389961.3,1429720.87,389980.3972222222
390110.65,1429878.8,390129.7472222222
390204.51,1430030.28,390223.6072222222
389867.44,1429639.64,389886.5372222222
389890.16,1429539.66,389909.25722222216
390300.34,1429900.73,390319.4372222222
390061.63,1430050.5,390080.7272222222
390296.56,1430359.68,390315.6572222222
389791.7,1429449.63,389810.7972222222
389983.59,1429775.17,390002.6872222222
390220.5,1429818.09,390239.5972222222
390321.67,1429882.56,390340.7672222222
390356.9,1429981.36,390375.9972222222
390231.72,1430112.74,390250.81722222216
390505.51,1429997.13,390524.6072222222
390530.21,1430222.15,390549.3072222222
390562.92,1430235.99,390582.0172222222
391055.75,1430912.3,391074.8472222222
391055.75,1430912.36,391074.8472222222
391055.7,1430912.31,391074.7972222222
391123.95,1430838.7,391143.0472222222
391123.96,1430838.73,391143.0572222222
391123.91,1430838.78,391143.00722222216
391184.65,1430770.9,391203.7472222222
391184.67,1430770.98,391203.7672222222
391184.62,1430770.93,391203.7172222222
391128.26,1430868.74,391147.3572222222
391177.69,1430820.43,391196.7872222222
391231.23,1430770.94,391250.3272222222
391118.85,1430901,391137.94722222217
391118.83,1430901.08,391137.9272222222
391118.88,1430901.03,391137.9772222222
391154.55,1430867.5,391173.6472222222
391154.57,1430867.55,391173.6672222222
391154.52,1430867.5,391173.6172222222
391223.15,1430804.3,391242.2472222222
391223.13,1430804.38,391242.2272222222
391223.18,1430804.33,391242.2772222222
391114.64,1430877.9,391133.7372222222
391202.68,1430793.07,391221.7772222222
390118.34,1430295.88,390137.4372222222
390124.49,1430293.69,390143.5872222222
391031.12,1430965.36,391050.2172222222
391037.32,1430969.39,391056.4172222222
391037.08,1430962.78,391056.1772222222
391293.43,1430701.58,391312.5272222222
389868.1,1429538.06,389887.19722222217
389873.94,1429553.59,389893.0372222222
389945.72,1429700.76,389964.81722222216
389906.99,1429544.37,389926.0872222222
389932.74,1429702.61,389951.8372222222
389927.06,1429647.01,389946.1572222222
389992.8,1429645.9,390011.8972222222
389914.7,1429568.36,389933.7972222222
389652.85,1428035.13,389671.94722222217
390018.99,1427749.42,390038.0872222222
389786.58,1427768.96,389805.6772222222
389387.99,1427244.97,389407.0872222222
389548.13,1427482.13,389567.2272222222
389869.95,1427659.54,389889.0472222222
390226.39,1427502.46,390245.4872222222
390225.5,1427252.89,390244.5972222222
389944.15,1427186.62,389963.2472222222
389838.09,1428133.79,389857.1872222222
390602.84,1426744.99,390621.9372222222
390916.92,1427296.42,390936.0172222222
389483.58,1427840.24,389502.6772222222
389580.37,1427808.84,389599.4672222222
389700.89,1427741.09,389719.9872222222
389664.2,1427667.48,389683.2972222222
389621.45,1427636.44,389640.5472222222
389550.39,1427642.55,389569.4872222222
389539.78,1427607.1,389558.8772222222
389492.97,1427124.2,389512.06722222216
389769.71,1427032.75,389788.8072222222
389803.29,1427712.18,389822.38722222217
389870.68,1427715.47,389889.7772222222
389830.44,1427621.51,389849.5372222222
389797.6,1427573.72,389816.69722222217
389890.52,1427565.87,389909.6172222222
389898.9,1427516.36,389917.9972222222
389764.37,1427470.12,389783.4672222222
389910.79,1427455.59,389929.88722222217
389706.74,1427496.63,389725.8372222222
389706.74,1427494.63,389725.8372222222
389706.74,1427492.63,389725.8372222222
0,0,-17976931348623157e292
389675.42,1427150.74,389694.5172222222
390128.87,1426970.38,390147.9672222222
390219.26,1427287.74,390238.3572222222
389313.93,1427083.9,389333.0272222222
389537.42,1427226.83,389556.5172222222
389478.99,1427101.81,389498.0872222222
389489.53,1427151.3,389508.6272222222
389473.95,1427130.53,389493.0472222222
389192.23,1427596.6,389211.3272222222
389257.99,1427445.18,389277.0872222222
389197.33,1427461.49,389216.4272222222
389303.56,1427520.29,389322.6572222222
389548.01,1427522.51,389567.1072222222
389565.84,1427526.3,389584.9372222222
390341,1427286,390360.0972222222
389480.76,1427131.85,389499.8572222222
389476.55,1427140.22,389495.6472222222
389472.49,1427148.93,389491.5872222222
389255.21,1428289.29,389274.3072222222
389281.55,1428158.25,389300.6472222222
389348.79,1428168.77,389367.88722222217
389765.22,1427798.75,389784.31722222216
389258.65,1428290.38,389277.7472222222
389925.2,1428068.82,389944.2972222222
0,0,-17976931348623157e292
390992.95,1427033.48,391012.0472222222
390998.16,1427023.39,391017.25722222216
0,0,-17976931348623157e292
389511.83,1427520.74,389530.9272222222
389509.73,1427507.43,389528.8272222222
389491.61,1427515.55,389510.7072222222
389554.11,1427496.18,389573.2072222222
389545.76,1427483.33,389564.8572222222
389508.28,1427503.43,389527.3772222222
389485.92,1427510.26,389505.0172222222
389456.73,1427530.5,389475.8272222222
389474.79,1427531.29,389493.88722222217
389486.64,1427521.27,389505.7372222222
389512.59,1427524.39,389531.6872222222
389519,1427553.5,389538.0972222222
389481.5,1427578.5,389500.5972222222
389532,1427508.35,389551.0972222222
389528.85,1427524.1,389547.94722222217
389527.86,1427539.27,389546.9572222222
389450.53,1427430.05,389469.6272222222
389512.61,1427417.06,389531.7072222222
389426.32,1427487.85,389445.4172222222
389509.19,1427965.52,389528.2872222222
389425.28,1428124.07,389444.3772222222
389697.27,1428176.08,389716.3672222222
389726.18,1428251.49,389745.2772222222
389832.58,1428148.46,389851.6772222222
389518.09,1427376.24,389537.1872222222
389516.09,1427374.24,389535.1872222222
389702.88,1427559.17,389721.9772222222
390036.11,1427576.47,390055.2072222222
390060.98,1427431.51,390080.0772222222
390091.52,1427220.47,390110.6172222222
390143.82,1427502.77,390162.9172222222
390169.59,1427333.04,390188.6872222222
389885.57,1427540.45,389904.6672222222
389879.32,1427527.95,389898.4172222222
389859.57,1427260.97,389878.6672222222
390177.23,1427415.45,390196.3272222222
390048.07,1427391.49,390067.1672222222
390127.23,1427395.66,390146.3272222222
390053.28,1427349.82,390072.3772222222
390130.36,1427357.11,390149.4572222222
389511.51,1427505.98,389530.6072222222
389519.49,1427505.67,389538.5872222222
389501.9,1427516.05,389520.9972222222
389515.13,1427517.15,389534.2272222222
389508.42,1427502.93,389527.5172222222
389518.04,1427506.67,389537.13722222217
389514.31,1427501.21,389533.4072222222
389499.47,1427507.05,389518.56722222216
389523.17,1427512.78,389542.2672222222
389520.05,1427498.58,389539.1472222222
389508.66,1427520.9,389527.75722222216
389528.25,1427503.38,389547.3472222222
389738.38,1427669.1,389757.4772222222
389769.33,1427618.87,389788.4272222222
389719.25,1427615.92,389738.3472222222
0,0,-17976931348623157e292
0,0,-17976931348623157e292
389368.11,1427879.6,389387.2072222222
389561.42,1427919.05,389580.5172222222
389889.72,1427968.04,389908.81722222216
390021.04,1427831.96,390040.13722222217
390236.7,1427617.07,390255.7972222222
390594.25,1427340.89,390613.3472222222
390003.93,1427469.38,390023.0272222222
390036.23,1427263.66,390055.3272222222
389729.94,1427059.07,389749.0372222222
389562.59,1428025.14,389581.6872222222
389730.96,1428138.57,389750.0572222222
389977.05,1427704.73,389996.1472222222
389132.36,1427517.42,389151.4572222222
389364.37,1428110.64,389383.4672222222
390173.32,1427683.84,390192.4172222222
390455.85,1427585.63,390474.94722222217
390704.39,1426804.98,390723.4872222222
390754.02,1427357.72,390773.1172222222
390994.77,1426989.18,391013.8672222222
389879.85,1427686.88,389898.94722222217
389553,1427520.77,389572.0972222222
389532.98,1427499.59,389552.0772222222
389555.59,1427505.52,389574.6872222222
389563.97,1427526.72,389583.06722222216
389548.1,1427550.41,389567.19722222217
389513.32,1427509.51,389532.4172222222
389480.11,1427509.94,389499.2072222222
389520.93,1427482.79,389540.0272222222
389579.67,1427491.35,389598.7672222222
389541.68,1427459.91,389560.7772222222
389387,1427542,389406.0972222222
389491.38,1427525.57,389510.4772222222
389511.35,1427512.98,389530.44722222217
389538.76,1427483.18,389557.8572222222
389503.91,1427505.72,389523.00722222216
389506.54,1427510.9,389525.63722222217
389508.41,1427516.59,389527.50722222216
389514.39,1427514.95,389533.4872222222
389516.14,1427507.69,389535.2372222222
389512.84,1427502.53,389531.9372222222
389513.88,1427518.98,389532.9772222222
389517.47,1427504.42,389536.56722222216
389507.22,1427504.66,389526.31722222216
389503.84,1427516.24,389522.9372222222
389511.74,1427508.94,389530.8372222222
389531.41,1427512.44,389550.50722222216
389526.2,1427489.04,389545.2972222222
389495.42,1427527.3,389514.5172222222
389512.63,1427518.56,389531.7272222222
389525.68,1427525.33,389544.7772222222
389534.75,1427499.77,389553.8472222222
389519.44,1427486.38,389538.5372222222
389476.9,1427509.99,389495.9972222222
389490.18,1427526.51,389509.2772222222
0,0,-17976931348623157e292
389484.79,1427121.37,389503.88722222217
390228.57,1427428.46,390247.6672222222
390394.03,1427241.71,390413.1272222222
390411.17,1427262.7,390430.2672222222
392009.75,1426858.01,392028.8472222222
389770.69,1427891.27,389789.7872222222
389824.56,1427879.05,389843.6572222222
389854.25,1427824.69,389873.3472222222
389784.62,1427831.16,389803.7172222222
389758.61,1427814.81,389777.7072222222
389715.63,1427826.69,389734.7272222222
389409.14,1427617.12,389428.2372222222
389470.63,1427596.81,389489.7272222222
389538.72,1427579.06,389557.81722222216
389592.87,1427578.37,389611.9672222222
389660.29,1427569.88,389679.38722222217
389317.78,1427470.1,389336.8772222222
389293.83,1427395.86,389312.9272222222
389218.55,1427281.2,389237.6472222222
389269.41,1427267.6,389288.50722222216
389302.45,1427318.98,389321.5472222222
389321,1427246.31,389340.0972222222
389381.67,1427253.8,389400.7672222222
389456.38,1427234.17,389475.4772222222
389525.92,1427289.7,389545.0172222222
389515.54,1427331.84,389534.63722222217
389545.21,1427266.14,389564.3072222222
389340.33,1427547.52,389359.4272222222
389703.07,1427784.55,389722.1672222222
389810.12,1427787.68,389829.2172222222
389909.69,1427860.2,389928.7872222222
389856.65,1427905.44,389875.7472222222
389667.58,1428029.71,389686.6772222222
389896.93,1427791.98,389916.0272222222
389401.43,1427497.47,389420.5272222222
389353.98,1427413.33,389373.0772222222
390014.24,1430089.82,390033.3372222222
390076.9,1430082.55,390095.9972222222
390012.23,1430072.72,390031.3272222222
390038.35,1430069.98,390057.44722222217
390071.49,1430065.39,390090.5872222222
390083.48,1430063.22,390102.5772222222
390010.67,1430056.68,390029.7672222222
390014.25,1430040.48,390033.3472222222
390032.72,1430036.97,390051.81722222216
390071.5,1430033.33,390090.5972222222
390020.41,1430109.28,390039.50722222216
390052.31,1430106.06,390071.4072222222
390098.6,1430095.98,390117.69722222217
389962.33,1430138.54,389981.4272222222
390020.3,1430132.09,390039.3972222222
390054.54,1430132.01,390073.63722222217
390088.63,1430128.11,390107.7272222222
390109.9,1430123.05,390128.9972222222
390004.23,1430006.91,390023.3272222222
390044.7,1430002.9,390063.7972222222
390068.18,1429998.47,390087.2772222222
390097.9,1430011.57,390116.9972222222
390051.34,1430163.15,390070.4372222222
390084.07,1430156.57,390103.1672222222
390119.58,1430152.52,390138.6772222222
390153.18,1430148.3,390172.2772222222
390059.89,1430278.64,390078.9872222222
389979.41,1430197.1,389998.50722222216
389979.37,1430063.55,389998.4672222222
390295.46,1430818.67,390314.5572222222
390319.02,1430828.82,390338.1172222222
390253.51,1430860.86,390272.6072222222
389780,1429026,389799.0972222222
389865,1429000,389884.0972222222
389870,1429100,389889.0972222222
389900,1429200,389919.0972222222
389920,1429300,389939.0972222222
389900,1429380,389919.0972222222
390233.49,1430278.55,390252.5872222222
390147.62,1428669.95,390166.7172222222
390202.14,1428646.59,390221.2372222222
0,0,-17976931348623157e292
391058.1,1429128.75,391077.19722222217
390201.64,1431421.59,390220.7372222222
389935.31,1430374.37,389954.4072222222
390200,1430520,390219.0972222222
391954.13,1429350.85,391973.2272222222
389649.67,1430744.51,389668.7672222222
389651.02,1430751.23,389670.1172222222
391749.23,1429821.91,391768.3272222222
390506.37,1430372.58,390525.4672222222
391036.49,1429825.08,391055.5872222222
391036.59,1429824.92,391055.6872222222
391036.6,1429824.92,391055.69722222217
390517.48,1430362.21,390536.5772222222
390517.33,1430363.43,390536.4272222222
390517.34,1430363.43,390536.4372222222
390517.35,1430363.43,390536.44722222217
390642.23,1430791.46,390661.3272222222
389992.37,1429611.25,390011.4672222222
390264.7,1430131.16,390283.7972222222
390711.45,1429390.55,390730.5472222222
390175,1431000,390194.0972222222
390605.26,1429534.3,390624.3572222222
390601.24,1429275.17,390620.3372222222
390878.78,1429475.91,390897.8772222222
390934.24,1429091.97,390953.3372222222
391093.11,1429042.62,391112.2072222222
391157.39,1429088.84,391176.4872222222
390974.02,1429265.19,390993.1172222222
390896.72,1429651.57,390915.81722222216
390814.35,1429677.6,390833.44722222217
390836.94,1429755.76,390856.0372222222
390905.34,1429744.95,390924.4372222222
391023.97,1429703.66,391043.06722222216
390961.45,1429817.88,390980.5472222222
391046.82,1429814.94,391065.9172222222
390178.7,1430360.39,390197.7972222222
390119.96,1430708.08,390139.0572222222
390055.73,1430760.08,390074.8272222222
390030.84,1430924.82,390049.9372222222
390034.84,1430924.82,390053.9372222222
390257.13,1430927.51,390276.2272222222
391029.97,1429849.28,391049.06722222216
391075.08,1429778.56,391094.1772222222
390912.24,1429906.03,390931.3372222222
391030.88,1429927.08,391049.9772222222
391121.79,1429764.38,391140.88722222217
389022.87,1430523.5,389041.9672222222
389066.51,1430453.76,389085.6072222222
389136.85,1430488.77,389155.94722222217
389099.73,1430567.8,389118.8272222222
389078.92,1430508.1,389098.0172222222
391227.9,1430735.91,391246.9972222222
391127.29,1430871.45,391146.38722222217
390234.39,1431004.19,390253.4872222222
390160.33,1431016.77,390179.4272222222
390260,1430510,390279.0972222222
390280,1430520,390299.0972222222
390290,1430530,390309.0972222222
390508.48,1431275.91,390527.5772222222
391100.18,1430906.29,391119.2772222222
391841,1429980.85,391860.0972222222
389910.69,1429914.06,389929.7872222222
389633.46,1429696.18,389652.5572222222
389690.12,1429642.19,389709.2172222222
389903.89,1429800.21,389922.9872222222
389789.41,1429691.35,389808.50722222216
390250,1430500,390269.0972222222
391577.07,1429955.35,391596.1672222222
391523.96,1430054.06,391543.0572222222
391433.03,1430252.61,391452.1272222222
391726.56,1430127.04,391745.6572222222
391712.4,1430119.77,391731.4972222222
391697.52,1430112.2,391716.6172222222
391673.96,1430132.34,391693.0572222222
391655.96,1430141.67,391675.0572222222
391627.16,1430148.84,391646.25722222216
391635.29,1430130.69,391654.38722222217
391604.67,1430138.26,391623.7672222222
391551.47,1430111.9,391570.56722222216
391560.34,1430097.47,391579.4372222222
391530.49,1430090.53,391549.5872222222
391543.94,1430069.16,391563.0372222222
391554.21,1430056.68,391573.3072222222
391505.79,1430030.78,391524.88722222217
391624.97,1429859.23,391644.06722222216
391640.17,1429830.29,391659.2672222222
391689.72,1429734.45,391708.81722222216
391727.65,1429697.79,391746.7472222222
391758.3,1429767.88,391777.3972222222
391643.14,1429714.63,391662.2372222222
391673.47,1429774.45,391692.56722222216
391704.07,1429861.6,391723.1672222222
391599.82,1429808.57,391618.9172222222
391538.05,1430021.71,391557.1472222222
391456.31,1430083.26,391475.4072222222
391457.06,1430132.29,391476.1572222222
391512.26,1430138.72,391531.3572222222
391580.66,1430175.41,391599.75722222216
391628.01,1430193.03,391647.1072222222
391681.99,1430171.36,391701.0872222222
391740.48,1430086.69,391759.5772222222
391699.23,1430199.85,391718.3272222222
391567.56,1430206.59,391586.6572222222
391497.88,1430174.48,391516.9772222222
391400.04,1430095.94,391419.13722222217
391408.63,1430043.51,391427.7272222222
391519.63,1430268.55,391538.7272222222
391631.5,1430299.59,391650.5972222222
391264.24,1430532.01,391283.3372222222
391250.41,1430562.12,391269.50722222216
391291.75,1430542.27,391310.8472222222
391277.05,1430563.22,391296.1472222222
391256.06,1430521.57,391275.1572222222
391247.01,1430542.82,391266.1072222222
0,0,-17976931348623157e292
0,0,-17976931348623157e292
0,0,-17976931348623157e292
390636.96,1427025.62,390656.0572222222
390191.44,1429846.17,390210.5372222222
390206.73,1429992.92,390225.8272222222
390262.13,1430033.19,390281.2272222222
390262.66,1429991.37,390281.75722222216
390332.67,1430041.59,390351.7672222222
390336.23,1429985.08,390355.3272222222
390149.41,1429943.4,390168.50722222216
390192.75,1429896.62,390211.8472222222
390242.27,1429932.85,390261.3672222222
390351.09,1429896.01,390370.1872222222
390376.22,1429829.75,390395.31722222216
390393.14,1429870.94,390412.2372222222
390412.02,1429818.15,390431.1172222222
390425.83,1429871.98,390444.9272222222
390212.86,1429832.78,390231.9572222222
390265.29,1429808.17,390284.38722222217
390355.97,1429783.22,390375.06722222216
390199.45,1429776.23,390218.5472222222
390287.64,1429748.14,390306.7372222222
390292.41,1429718.83,390311.50722222216
390430.22,1429747.67,390449.31722222216
390462.95,1429859.24,390482.0472222222
390475.88,1429961.22,390494.9772222222
390431.75,1430042.99,390450.8472222222
390218.85,1430080.31,390237.94722222217
390296.38,1430109.04,390315.4772222222
390369.09,1430157.29,390388.1872222222
390499.14,1429838.29,390518.2372222222
390524.32,1430230.35,390543.4172222222
389940.55,1429791.73,389959.6472222222
390050.16,1429904.4,390069.25722222216
390045.28,1429618.12,390064.3772222222
390030.24,1429570.35,390049.3372222222
390008.18,1429498.67,390027.2772222222
389733.29,1429478.31,389752.38722222217
389755.8,1429636.72,389774.8972222222
389744.08,1429723.26,389763.1772222222
389854.93,1429757.15,389874.0272222222
389884.63,1429882.86,389903.7272222222
389937.01,1429919.77,389956.1072222222
390087.55,1429435.09,390106.6472222222
390117.4,1429552.84,390136.4972222222
390133.59,1429604.74,390152.6872222222
390240.71,1429535.66,390259.8072222222
390144.59,1429648.63,390163.6872222222
390176.21,1429677.96,390195.3072222222
390069.71,1429316.15,390088.8072222222
390211.59,1429364.27,390230.6872222222
389579.48,1429670.84,389598.5772222222
389678.41,1428946.71,389697.50722222216
389966.87,1428982.89,389985.9672222222
389648.99,1430746.11,389668.0872222222
389341.69,1429766.2,389360.7872222222
390203.85,1429232.14,390222.94722222217
389551.89,1430076.79,389570.9872222222
389755.79,1430254.83,389774.88722222217
390139.4,1430119.03,390158.4972222222
390127.19,1430087.83,390146.2872222222
390117.93,1430065.7,390137.0272222222
390107.8,1430039.07,390126.8972222222
389860,1429400,389879.0972222222
389880,1429420,389899.0972222222
389800,1429500,389819.0972222222
389810,1429500,389829.0972222222
389820,1429500,389839.0972222222
389922.13,1429533.76,389941.2272222222
389918.71,1429255.81,389937.8072222222
389915.24,1429535.8,389934.3372222222
392015.03,1429402.88,392034.1272222222
392024.55,1429372.14,392043.6472222222
391966.45,1429356.84,391985.5472222222
391980.22,1429368.3,391999.31722222216
391982.54,1429396.53,392001.63722222217
391892.97,1429270.92,391912.06722222216
391986.12,1429317.34,392005.2172222222
391800.07,1429283.52,391819.1672222222
391886.19,1429411.71,391905.2872222222
391881.68,1429497.3,391900.7772222222
391719.63,1429360.58,391738.7272222222
391968.71,1429463.08,391987.8072222222
391934.27,1429534.27,391953.3672222222
391837.9,1429236.95,391856.9972222222
392315,1426600.83,392334.0972222222
392124.95,1428730.21,392144.0472222222
392437.03,1428500.41,392456.1272222222
392514.76,1428428.84,392533.8572222222
392556.78,1427428.3,392575.8772222222
392574.48,1428280.7,392593.5772222222
392474.81,1427312.77,392493.9072222222
392239.18,1427976.65,392258.2772222222
392395.49,1427928.6,392414.5872222222
392563.01,1427930.25,392582.1072222222
392508.72,1428533.35,392527.81722222216
392778.75,1428060.7,392797.8472222222
392353.13,1428569.88,392372.2272222222
392554.48,1427426.48,392573.5772222222
392780.04,1427627.63,392799.13722222217
0,0,-17976931348623157e292
392351.25,1428391.18,392370.3472222222
392345.97,1427766.25,392365.06722222216
392368.97,1427763.74,392388.06722222216
392535.39,1428414.14,392554.4872222222
392543.85,1428385.68,392562.94722222217
392314.04,1427791.32,392333.13722222217
392666.39,1427877.23,392685.4872222222
392149.21,1427815.14,392168.3072222222
392534.05,1427692.21,392553.1472222222
392756.87,1427885.78,392775.9672222222
392756.8,1427885.7,392775.8972222222
392992.03,1428040.56,393011.1272222222
392863.31,1427412.11,392882.4072222222
0,0,-17976931348623157e292
392828.89,1428476.15,392847.9872222222
393257.9,1428058.85,393276.9972222222
393692.75,1427393.8,393711.8472222222
392173.92,1427551.35,392193.0172222222
391866.35,1427865.85,391885.44722222217
391890.97,1428247.13,391910.06722222216
392364.59,1427627.74,392383.6872222222
0,0,-17976931348623157e292
392230.01,1427809.71,392249.1072222222
392343,1427614.01,392362.0972222222
392344.9,1427614.27,392363.9972222222
392515,1427383,392534.0972222222
391968.23,1427891.92,391987.3272222222
391935.28,1427909.14,391954.3772222222
391910.31,1427986.9,391929.4072222222
392096.27,1428176.94,392115.3672222222
392065.5,1428250.78,392084.5972222222
391920.39,1428154.34,391939.4872222222
392838.18,1428238.26,392857.2772222222
392755.5,1428164.15,392774.5972222222
392708.11,1428240.47,392727.2072222222
392681.87,1428293.75,392700.9672222222
392666.5,1428340.64,392685.5972222222
392588.48,1428493.65,392607.5772222222
392082.88,1427986.56,392101.9772222222
392533.96,1427697.81,392553.0572222222
392729.88,1427361.49,392748.9772222222
391946.82,1428581.78,391965.9172222222
392766.32,1427344.88,392785.4172222222
392656.48,1427427.44,392675.5772222222
392763.04,1427785.22,392782.13722222217
392126.23,1428795.28,392145.3272222222
393097.64,1427762.67,393116.7372222222
392987.74,1427012.35,393006.8372222222
392986.95,1427021,393006.0472222222
392092.93,1427985.75,392112.0272222222
392429.67,1427257.77,392448.7672222222
392502.29,1427200.25,392521.38722222217
392659.23,1427141.44,392678.3272222222
392731.82,1427371,392750.9172222222
392829.78,1427665.73,392848.8772222222
392830,1427668,392849.0972222222
391874.27,1428443.95,391893.3672222222
391828.86,1428368.59,391847.9572222222
391800.88,1428154.26,391819.9772222222
391781.9,1427991.28,391800.9972222222
391919.9,1427832.34,391938.9972222222
392103.61,1427803.88,392122.7072222222
392192.65,1427790.16,392211.7472222222
392332.81,1427731.2,392351.9072222222
392272.6,1427800.48,392291.69722222217
392246.7,1427965.73,392265.7972222222
392189.9,1428230.51,392208.9972222222
391970.93,1428368.63,391990.0272222222
392197.15,1427812.01,392216.2472222222
392346.74,1427788.28,392365.8372222222
392336.66,1427683.75,392355.75722222216
392616.63,1428656.52,392635.7272222222
392692.46,1428643.84,392711.5572222222
392658.05,1428611.81,392677.1472222222
392595.54,1428743.13,392614.63722222217
392292.67,1427745.6,392311.7672222222
392459.5,1428414.74,392478.5972222222
392488.59,1428421.33,392507.6872222222
392514.31,1428442.75,392533.4072222222
392512.76,1428455.32,392531.8572222222
392498.88,1428477.69,392517.9772222222
392496.44,1428509.64,392515.5372222222
392466.8,1428505.05,392485.8972222222
392476.83,1428474.25,392495.9272222222
392440.54,1428469.62,392459.63722222217
392444.11,1428427.62,392463.2072222222
392667.18,1427766.4,392686.2772222222
392574.76,1427773.47,392593.8572222222
392669.73,1427838.64,392688.8272222222
392742.72,1427877.13,392761.81722222216
392277.59,1428200.81,392296.6872222222
392245.96,1428054.91,392265.0572222222
392276.71,1427936.2,392295.8072222222
392308.97,1427924.37,392328.06722222216
392366.09,1427945.37,392385.1872222222
392444.1,1427922.79,392463.19722222217
392534.24,1427931.31,392553.3372222222
392681.4,1427944.57,392700.4972222222
392691.78,1428016.45,392710.8772222222
392691.29,1428082.15,392710.38722222217
392695.01,1428173.08,392714.1072222222
392607.98,1428213.77,392627.0772222222
392802.85,1428059.78,392821.94722222217
392311.26,1427769.31,392330.3572222222
391810.15,1428027.94,391829.2472222222
391863.8,1428375.05,391882.8972222222
392316.75,1427756.1,392335.8472222222
392197.38,1427809.37,392216.4772222222
392652.09,1428688.1,392671.1872222222
392993.69,1428343.48,393012.7872222222
392956.07,1427365.07,392975.1672222222
392638.07,1427102.92,392657.1672222222
392004.23,1427686.64,392023.3272222222
391695.55,1427788.89,391714.6472222222
391744.43,1428125.16,391763.5272222222
392256.83,1428697.5,392275.9272222222
391498.65,1427930.9,391517.7472222222
391432.96,1427658.65,391452.0572222222
391795.95,1427472.62,391815.0472222222
392086.12,1427330.67,392105.2172222222
392655.3,1428682.47,392674.3972222222
392594.49,1428429.74,392613.5872222222
392541.56,1428321.28,392560.6572222222
392632.6,1428350.68,392651.69722222217
392642.86,1428433.24,392661.9572222222
392641.32,1428516.86,392660.4172222222
392596.25,1428534.25,392615.3472222222
392421.02,1428356.4,392440.1172222222
392259.26,1427767.89,392278.3572222222
392287.16,1427728.08,392306.25722222216
393273.7,1427889.43,393292.7972222222
393752.39,1427147.99,393771.4872222222
0,0,-17976931348623157e292
390369.52,1430579.55,390388.6172222222
390389.81,1430567,390408.9072222222
390384.38,1430610.59,390403.4772222222
390429.82,1430586.65,390448.9172222222
390476.66,1430565.69,390495.75722222216
390444.77,1430603.9,390463.8672222222
390423.16,1430628.93,390442.25722222216
390437.81,1430649.28,390456.9072222222
390498.04,1430653.97,390517.13722222217
390534.62,1430657.26,390553.7172222222
390559.31,1430655.93,390578.4072222222
390451.66,1430626.94,390470.75722222216
390614.3,1430942.03,390633.3972222222
390583.2,1430857.63,390602.2972222222
390474.3,1430848.79,390493.3972222222
390568.55,1430817.65,390587.6472222222
390625.66,1430834.31,390644.75722222216
390622.15,1430805.64,390641.2472222222
390588.68,1430789.08,390607.7772222222
390622.74,1430761.51,390641.8372222222
390636.27,1430786.72,390655.3672222222
390654.88,1430808.05,390673.9772222222
390480.57,1430782.4,390499.6672222222
390422.83,1430723.99,390441.9272222222
390355.28,1430627.91,390374.3772222222
390304.98,1430704.32,390324.0772222222
390352.15,1430519.07,390371.2472222222
389935.65,1430374.3,389954.7472222222
390674.48,1430774.28,390693.5772222222
390696.3,1430816.54,390715.3972222222
390674.29,1430841.58,390693.38722222217
390706.28,1430881.15,390725.3772222222
390764.1,1430832.1,390783.19722222217
390728,1430800,390747.0972222222
390406.21,1430316.09,390425.3072222222
390206.76,1430331.06,390225.8572222222
390282.86,1430548.7,390301.9572222222
390195.58,1430717.23,390214.6772222222
390090.41,1430863.39,390109.50722222216
390834.11,1430968.56,390853.2072222222
389963.1,1431477.21,389982.19722222217
0,0,-17976931348623157e292
0,0,-17976931348623157e292
0,0,-17976931348623157e292
0,0,-17976931348623157e292
0,0,-17976931348623157e292
388186.83,1431902.61,388205.9272222222
387368.84,1431430.46,387387.9372222222
387035.97,1430200.05,387055.06722222216
387012.25,1428620.3,387031.3472222222
387257.02,1427095.69,387276.1172222222
392816.94,1427830.93,392836.0372222222
0,0,-17976931348623157e292
0,0,-17976931348623157e292
0,0,-17976931348623157e292
387487.74,1433541.67,387506.8372222222
387671.86,1433242.19,387690.9572222222
387918.33,1433000.1,387937.4272222222
389453.89,1432707.4,389472.9872222222
390900.62,1433246.75,390919.7172222222
392067.38,1422164.72,392086.4772222222
392210.03,1422002.22,392229.1272222222
392599.47,1421983.48,392618.56722222216
393954.16,1418504.37,393973.25722222216
394188.14,1418253.26,394207.2372222222
386754.64,1431606.92,386773.7372222222
387550.3,1432046.9,387569.3972222222
387893.54,1431001.51,387912.63722222217
387237.65,1429173.37,387256.7472222222
386853.58,1428925.05,386872.6772222222
386180.99,1427316.6,386200.0872222222
395811.22,1425840.46,395830.31722222216
394006.33,1418284.38,394025.4272222222
396931.77,1419323.69,396950.8672222222
394032.09,1428661.84,394051.1872222222
395693.29,1428724.75,395712.38722222217
395285.81,1428932.97,395304.9072222222
394468.63,1428275.25,394487.7272222222
393775.21,1427839.34,393794.3072222222
394465.78,1427663.94,394484.8772222222
394839.62,1427082.66,394858.7172222222
394343.03,1426246.33,394362.1272222222
395528.86,1426438.85,395547.9572222222
395754.66,1426153.78,395773.75722222216
397426.97,1426288.04,397446.06722222216
396730.73,1425686.35,396749.8272222222
399070.56,1424266.41,399089.6572222222
394019.44,1419149.89,394038.5372222222
394990.04,1418650.65,395009.13722222217
398313.59,1421829.32,398332.6872222222
394905.92,1420097.97,394925.0172222222
397383.25,1418590.09,397402.3472222222
390667.78,1429372.37,390686.8772222222
390657.74,1429328.36,390676.8372222222
390651.16,1429304.67,390670.25722222216
390641.86,1429276.64,390660.9572222222
390635.65,1429256.57,390654.7472222222
390672.04,1429245.11,390691.13722222217
390705.72,1429386.42,390724.81722222216
390686.63,1429394.57,390705.7272222222
390704.9,1429399.94,390723.9972222222
390727.21,1429392.62,390746.3072222222
390676.94,1429357.32,390696.0372222222
390706.81,1429361.7,390725.9072222222
390738.41,1429381.56,390757.50722222216
390683.17,1429331.38,390702.2672222222
390717.28,1429335.42,390736.3772222222
390755.57,1429338.63,390774.6672222222
390680.45,1429308.42,390699.5472222222
390742.4,1429307.4,390761.4972222222
390676.75,1429284.63,390695.8472222222
390729.55,1429286.41,390748.6472222222
390713.12,1429423.97,390732.2172222222
390659.36,1429391.46,390678.4572222222
390632.89,1429317.16,390651.9872222222
390572.26,1429334.6,390591.3572222222
390602.3,1429421.54,390621.3972222222
390749.66,1429465.69,390768.75722222216
390817.28,1429341.22,390836.3772222222
390801.43,1429302.84,390820.5272222222
390778.35,1429275.79,390797.44722222217
390819.14,1429149.89,390838.2372222222
394480.72,1421032.05,394499.81722222216
394481.41,1421032.99,394500.50722222216
394520.18,1421051.23,394539.2772222222
394485.8,1421000.71,394504.8972222222
394522.26,1420959.05,394541.3572222222
394410.57,1421075.85,394429.6672222222
394402.31,1421164.08,394421.4072222222
394474.07,1421095.25,394493.1672222222
394804.62,1420935.56,394823.7172222222
394920.91,1421170.2,394940.00722222216
394800.15,1421221.57,394819.2472222222
394685.8,1421331.55,394704.8972222222
394467.68,1420970.32,394486.7772222222
394512.09,1421097.35,394531.1872222222
394424.82,1420917.25,394443.9172222222
393984.79,1419943.95,394003.88722222217
394484.03,1421070.69,394503.1272222222
394558.86,1421193.43,394577.9572222222
394674.67,1421237.93,394693.7672222222
394694.91,1421239.89,394714.00722222216
394477.12,1421065.05,394496.2172222222
394699.32,1420190.62,394718.4172222222
393994.86,1419943.43,394013.9572222222
394542.13,1420918.6,394561.2272222222
394622.08,1420984.79,394641.1772222222
394584.06,1421077.79,394603.1572222222
394351.14,1421111.62,394370.2372222222
394476.54,1421250.42,394495.63722222217
394609.78,1421323.2,394628.8772222222
394691.85,1421158.3,394710.94722222217
393911.55,1421014.42,393930.6472222222
394539.44,1421015.01,394558.5372222222
394532.66,1421057.32,394551.75722222216
394520.15,1421131.68,394539.2472222222
394550,1420955,394569.0972222222
394306.62,1420859.21,394325.7172222222
394393,1420723,394412.0972222222
394392,1420674,394411.0972222222
394330,1420774,394349.0972222222
394330,1420687,394349.0972222222
394267,1420803,394286.0972222222
394744.73,1421295.05,394763.8272222222
394666.56,1421287.12,394685.6572222222
394742.15,1421307.04,394761.2472222222
394576.36,1421285.04,394595.4572222222
394716.48,1421294.83,394735.5772222222
394879.06,1421370.55,394898.1572222222
0,0,-17976931348623157e292
0,0,-17976931348623157e292
0,0,-17976931348623157e292
0,0,-17976931348623157e292
0,0,-17976931348623157e292
0,0,-17976931348623157e292
0,0,-17976931348623157e292
0,0,-17976931348623157e292
0,0,-17976931348623157e292
394055.09,1420704.71,394074.1872222222
394066.36,1420841.57,394085.4572222222
394507.87,1420634,394526.9672222222
394682.2,1420479.7,394701.2972222222
394334.87,1420809.79,394353.9672222222
394344.29,1420905.44,394363.38722222217
394128.48,1420967.42,394147.5772222222
394306.47,1420859.24,394325.56722222216
0,0,-17976931348623157e292
394374.33,1420726.31,394393.4272222222
394181.17,1420696.65,394200.2672222222
394139.6,1420794.14,394158.69722222217
394201.52,1420787.16,394220.6172222222
394146.07,1420869.75,394165.1672222222
394381.94,1421111.49,394401.0372222222
394621.2,1420983.65,394640.2972222222
394102.32,1420941.89,394121.4172222222
394094.83,1420909.36,394113.9272222222
394135.73,1420906.99,394154.8272222222
394121.08,1420946.52,394140.1772222222
394111.16,1420980.54,394130.25722222216
394202.19,1421007.49,394221.2872222222
394459.09,1420671.4,394478.1872222222
394331.28,1420759.77,394350.3772222222
394324.84,1420697.81,394343.9372222222
394392.47,1420693.8,394411.56722222216
394688.08,1420398.56,394707.1772222222
394448.94,1420874.27,394468.0372222222
394522.6,1420407.11,394541.69722222217
394719.05,1420669.4,394738.1472222222
394327.4,1420703.74,394346.4972222222
394330.57,1420741.95,394349.6672222222
392579.26,1425895.89,392598.3572222222
392477.42,1425605.64,392496.5172222222
391976.18,1426157.71,391995.2772222222
392419.9,1425957,392438.9972222222
390388.52,1427076.57,390407.6172222222
390576.62,1427075.62,390595.7172222222
390495.33,1427185.19,390514.4272222222
390414.37,1427179.98,390433.4672222222
390696.92,1427107.03,390716.0172222222
390776.25,1427016.03,390795.3472222222
390890.48,1426919.05,390909.5772222222
390210.4,1426771,390229.4972222222
390915.7,1427094,390934.7972222222
390757,1427370,390776.0972222222
390448.73,1426727.32,390467.8272222222
391460.88,1426774.31,391479.9772222222
391576.7,1426763,391595.7972222222
391560.9,1426639,391579.9972222222
391368.18,1426216.33,391387.2772222222
391144.74,1426482.65,391163.8372222222
391585.29,1426856.78,391604.38722222217
391582.48,1426861.63,391601.5772222222
391653.21,1426489.32,391672.3072222222
0,0,-17976931348623157e292
0,0,-17976931348623157e292
0,0,-17976931348623157e292
0,0,-17976931348623157e292
0,0,-17976931348623157e292
390358.9,1430286.25,390377.9972222222
0,0,-17976931348623157e292
390477.63,1430433.84,390496.7272222222
390518.96,1430399.12,390538.0572222222
390563.36,1430377.25,390582.4572222222
390576.52,1430321.64,390595.6172222222
0,0,-17976931348623157e292
0,0,-17976931348623157e292
0,0,-17976931348623157e292
0,0,-17976931348623157e292
388769.82,1430867.27,388788.9172222222
388301.57,1431897.85,388320.6672222222
389133.22,1427850.33,389152.31722222216
388043.84,1431129.19,388062.9372222222
386930.34,1431792.08,386949.4372222222
386594.55,1431023.97,386613.6472222222
386649.51,1430336.3,386668.6072222222
388453.15,1427425.03,388472.2472222222
387407.73,1430146.54,387426.8272222222
387852.12,1430379.69,387871.2172222222
389418.01,1428424.45,389437.1072222222
389105.3,1428479.73,389124.3972222222
388108.88,1427141.85,388127.9772222222
388247.42,1430043.76,388266.5172222222
388981.11,1429813.64,389000.2072222222
389435.71,1429623.64,389454.8072222222
389684.29,1429704.2,389703.38722222217
389640.45,1429284.57,389659.5472222222
389921.22,1429638.45,389940.31722222216
389920.63,1429638.97,389939.7272222222
389880.6,1429700.2,389899.69722222217
389880.13,1429699.42,389899.2272222222
389979.21,1429671.83,389998.3072222222
389978.66,1429670.73,389997.75722222216
0,0,-17976931348623157e292
394722.33,1421249.03,394741.4272222222
391057,1430870,391076.0972222222
389914.27,1429625,389933.3672222222
389500,1427130,389519.0972222222
389450,1427130,389469.0972222222
0,0,-17976931348623157e292
394642,1421294,394661.0972222222
393789,1422017,393808.0972222222
393739,1421760,393758.0972222222
393770,1421873,393789.0972222222
392550,1428320,392569.0972222222
392830,1427900,392849.0972222222
393270,1428090,393289.0972222222
391930,1428370,391949.0972222222
392250,1427790,392269.0972222222
0,0,-17976931348623157e292
0,0,-17976931348623157e292
394724.7,1421249.5,394743.7972222222
394018,1420238.1,394037.0972222222
394603,1420966.7,394622.0972222222
394674.3,1421147.8,394693.3972222222
394616.2,1421086.4,394635.2972222222
394529.3,1421010,394548.3972222222
394540.3,1420913.7,394559.3972222222
394578.2,1421071.2,394597.2972222222
394540.7,1421185.2,394559.7972222222
394385.1,1421092.9,394404.19722222217
394460.7,1421081.9,394479.7972222222
394749.5,1421164.7,394768.5972222222
394471.2,1420954.7,394490.2972222222
394599.8,1420657.2,394618.8972222222
394628.1,1421301.7,394647.19722222217
394798.1,1421030.8,394817.19722222217
394469.5,1421276.4,394488.5972222222
393957,1420459.8,393976.0972222222
394280.3,1420284.9,394299.3972222222
394149.3,1420650.7,394168.3972222222
394797.2,1421375.9,394816.2972222222
394398.8,1420653.7,394417.8972222222
394630,1421233.4,394649.0972222222
394464,1421164.8,394483.0972222222
394404.3,1421223.1,394423.3972222222
393962.8,1421018.5,393981.8972222222
393892.3,1420770.4,393911.3972222222
394513.2,1420210.7,394532.2972222222
0,0,-17976931348623157e292
389389.79,1428434.88,389408.88722222217
390418.31,1428235.18,390437.4072222222
390519.75,1428567.97,390538.8472222222
390628.15,1428905.6,390647.2472222222
391120.52,1428956.3,391139.6172222222
391235.27,1428732.87,391254.3672222222
391314.33,1428590.41,391333.4272222222
388459.45,1431951,388478.5472222222
388871.99,1431816.9,388891.0872222222
389089.97,1431764.61,389109.06722222216
389233.15,1431724.34,389252.2472222222
389496.31,1431642.58,389515.4072222222
389832.03,1431618.96,389851.1272222222
389221.52,1429820.24,389240.6172222222
389084.7,1429816.13,389103.7972222222
388833.5,1429907.55,388852.5972222222
388687.29,1429953,388706.38722222217
388377.82,1430048.96,388396.9172222222
388102.27,1430134.61,388121.3672222222
389002.48,1428561.34,389021.5772222222
388647.34,1428697.04,388666.4372222222
388415.74,1428772.12,388434.8372222222
387965.97,1428910.04,387985.06722222216
387530.93,1429046.19,387550.0272222222
389337.97,1431308.63,389357.06722222216
387962.25,1430756.63,387981.3472222222
388761.21,1430553.91,388780.3072222222
388285.55,1431129.45,388304.6472222222
388884.33,1431154.55,388903.4272222222
389338.8,1431310.19,389357.8972222222
390403.69,1428194.52,390422.7872222222
388395.66,1432579.59,388414.75722222216
388485.45,1432582.91,388504.5472222222
388572.49,1432582.23,388591.5872222222
388663.43,1432568.08,388682.5272222222
388828.63,1432624.62,388847.7272222222
388970.11,1432578.27,388989.2072222222
389077.52,1432675.4,389096.6172222222
389154.55,1432674.04,389173.6472222222
389223.08,1432669.06,389242.1772222222
389310.75,1432760.08,389329.8472222222
387104.88,1434357.41,387123.9772222222
389445.72,1432759.97,389464.81722222216
389532.23,1432778.22,389551.3272222222
389644.12,1432857.14,389663.2172222222
389810.28,1432929.69,389829.3772222222
390237.58,1433173.07,390256.6772222222
390345.9,1433270.57,390364.9972222222
390465.29,1433326.55,390484.38722222217
390462.56,1433325.11,390481.6572222222
390710.22,1433203.07,390729.31722222216
387192.4,1434237.38,387211.4972222222
390837.63,1433121.84,390856.7272222222
391238.59,1432603.37,391257.6872222222
391293.54,1432442.71,391312.63722222217
390933.01,1433165.53,390952.1072222222
391570.04,1432062.22,391589.13722222217
391664.07,1431630.34,391683.1672222222
387476.79,1433626.49,387495.88722222217
391722.83,1431517.34,391741.9272222222
391890.8,1431411.23,391909.8972222222
391855.41,1431353.5,391874.50722222216
392070.37,1431238.86,392089.4672222222
392186.27,1431073.98,392205.3672222222
392586.31,1430887.39,392605.4072222222
392729.89,1430918.92,392748.9872222222
392860.68,1431024.35,392879.7772222222
393071.96,1431075.66,393091.0572222222
0,0,-17976931348623157e292
0,0,-17976931348623157e292
0,0,-17976931348623157e292
0,0,-17976931348623157e292
387584.76,1433374.3,387603.8572222222
387700.19,1433254.17,387719.2872222222
387872.07,1433144.39,387891.1672222222
0,0,-17976931348623157e292
0,0,-17976931348623157e292
0,0,-17976931348623157e292
0,0,-17976931348623157e292
0,0,-17976931348623157e292
0,0,-17976931348623157e292
0,0,-17976931348623157e292
0,0,-17976931348623157e292
0,0,-17976931348623157e292
0,0,-17976931348623157e292
0,0,-17976931348623157e292
0,0,-17976931348623157e292
0,0,-17976931348623157e292
0,0,-17976931348623157e292
0,0,-17976931348623157e292
0,0,-17976931348623157e292
0,0,-17976931348623157e292
0,0,-17976931348623157e292
0,0,-17976931348623157e292
0,0,-17976931348623157e292
0,0,-17976931348623157e292
0,0,-17976931348623157e292
390810,1430663,390829.0972222222
0,0,-17976931348623157e292
389237.12,1427521.53,389256.2172222222
390053.01,1427271.4,390072.1072222222
389855.59,1426870.43,389874.6872222222
389418.58,1427247.47,389437.6772222222
389794.4,1427248.39,389813.4972222222
389880.17,1427386.74,389899.2672222222
389865.52,1427483.82,389884.6172222222
389104.8,1427536.35,389123.8972222222
389774.66,1427572.48,389793.75722222216
389770.66,1427800.22,389789.75722222216
389260.99,1427266.02,389280.0872222222
390111.32,1427579.78,390130.4172222222
390049.05,1427293.25,390068.1472222222
389499.19,1427381.52,389518.2872222222
389467.93,1426715.94,389487.0272222222
389969.77,1426726.59,389988.8672222222
390199.92,1426947.24,390219.0172222222
390336.4,1427023,390355.4972222222
390461.24,1427308.58,390480.3372222222
390895,1429757.28,390914.0972222222
390347.35,1429804.56,390366.44722222217
390293.35,1429746.25,390312.44722222217
390405.64,1429724.65,390424.7372222222
390875.08,1429686.18,390894.1772222222
390602.3,1429712.77,390621.3972222222
390595.81,1429849.91,390614.9072222222
390225.3,1429794.84,390244.3972222222
390635.15,1430814.79,390654.2472222222
390178.85,1429872.59,390197.94722222217
390345.2,1429706.29,390364.2972222222
390827.66,1429721.26,390846.75722222216
390604.45,1429794.84,390623.5472222222
390565.57,1429757.05,390584.6672222222
390768.65,1429838.03,390787.7472222222
390579.05,1430883.33,390598.1472222222
390464.5,1430886.44,390483.5972222222
390507.36,1430962.77,390526.4572222222
390401.38,1429790.52,390420.4772222222
390565.56,1429757.05,390584.6572222222
390579.04,1430883.33,390598.13722222217
390401.37,1429790.52,390420.4672222222
390293.34,1429746.25,390312.4372222222
390602.29,1429712.77,390621.38722222217
390225.29,1429794.84,390244.38722222217
390635.14,1430814.79,390654.2372222222
390178.84,1429872.59,390197.9372222222
390345.19,1429706.29,390364.2872222222
0,0,-17976931348623157e292
389890,1431510,389909.0972222222
389845,1431273,389864.0972222222
389768,1431037,389787.0972222222
389825,1430844,389844.0972222222
389755,1430634,389774.0972222222
390055,1430938,390074.0972222222
389612,1430700,389631.0972222222
389725,1430788,389744.0972222222
390025,1431477,390044.0972222222
389888,1431013,389907.0972222222
0,0,-17976931348623157e292
0,0,-17976931348623157e292
0,0,-17976931348623157e292
0,0,-17976931348623157e292
0,0,-17976931348623157e292
0,0,-17976931348623157e292
0,0,-17976931348623157e292
0,0,-17976931348623157e292
0,0,-17976931348623157e292
0,0,-17976931348623157e292
0,0,-17976931348623157e292
0,0,-17976931348623157e292
389978.95,1429466.54,389998.0472222222
392085.96,1431729.7,392105.0572222222
391997.03,1431220.32,392016.1272222222
391965.62,1431219.43,391984.7172222222
392436.81,1431510.42,392455.9072222222
392428.21,1431505.43,392447.3072222222
392212.34,1430917.09,392231.4372222222
392962.31,1430136.74,392981.4072222222
392951.95,1430137.25,392971.0472222222
393798.59,1430533.35,393817.6872222222
393798.26,1430533.37,393817.3572222222
392356.04,1429309.36,392375.13722222217
392356.08,1429309.62,392375.1772222222
392360.04,1429299.33,392379.13722222217
0,0,-17976931348623157e292
387688.97,1429045.07,387708.06722222216
390362.8,1432200.6,390381.8972222222
390363.63,1432185.85,390382.7272222222
392081.99,1432473.24,392101.0872222222
394306.94,1432268.12,394326.0372222222
393138.08,1431144,393157.1772222222
393126.48,1431134.95,393145.5772222222
394830.67,1430740.33,394849.7672222222
393923.56,1429166.51,393942.6572222222
393923.69,1429166.59,393942.7872222222
393931.03,1429151.39,393950.1272222222
394789.79,1429638.63,394808.88722222217
394836.5,1429567.98,394855.5972222222
390351.65,1433278.29,390370.7472222222
390361.51,1433268.75,390380.6072222222
388525.96,1429908.22,388545.0572222222
0,0,-17976931348623157e292
0,0,-17976931348623157e292
0,0,-17976931348623157e292
0,0,-17976931348623157e292
0,0,-17976931348623157e292
390098.48,1430102.49,390117.5772222222
391444.74,1428222.79,391463.8372222222
391342.65,1428154.17,391361.7472222222
391344.65,1428154.17,391363.7472222222
392474.06,1428427.53,392493.1572222222
394580,1421900,394599.0972222222
394580.01,1421900,394599.1072222222
394405.42,1420769.71,394424.5172222222
394150.46,1420914.4,394169.5572222222
392640,1423570,392659.0972222222
392040,1423490,392059.0972222222
392200,1423490,392219.0972222222
391130,1422530,391149.0972222222
389670,1429080,389689.0972222222
392030,1421180,392049.0972222222
392020,1420690,392039.0972222222
389245.98,1427501.28,389265.0772222222
389707.89,1427254.13,389726.9872222222
389889.99,1427303.52,389909.0872222222
389840.86,1427470.26,389859.9572222222
0,0,-17976931348623157e292
389939.56,1429596.8,389958.6572222222
0,0,-17976931348623157e292
390355.32,1429988.37,390374.4172222222
390745.1,1429918.27,390764.19722222217
390848.6,1430558.19,390867.69722222217
0,0,-17976931348623157e292
391100.72,1430872.09,391119.81722222216
391100.59,1430872.21,391119.6872222222
391101.51,1430876.9,391120.6072222222
391096.78,1430876.38,391115.8772222222
391101.51,1430876.91,391120.6072222222
390987.68,1430192.4,391006.7772222222
394314.61,1420857.95,394333.7072222222
0,0,-17976931348623157e292
394336.4,1420622.57,394355.4972222222
394267.08,1420734.7,394286.1772222222
394267.65,1420728.63,394286.7472222222
392210,1423580,392229.0972222222
392290,1423580,392309.0972222222
392230,1423530,392249.0972222222
392200,1423440,392219.0972222222
392190,1423420,392209.0972222222
0,0,-17976931348623157e292
392180,1423510,392199.0972222222
392160.01,1423420,392179.1072222222
392160,1423420,392179.0972222222
392300,1423470,392319.0972222222
394446.59,1420879.54,394465.6872222222
394452.52,1420876.8,394471.6172222222
394138.78,1421025.12,394157.8772222222
394204.76,1420847.1,394223.8572222222
394256.84,1420971.25,394275.9372222222
394412.13,1421032.78,394431.2272222222
394512.81,1421959.15,394531.9072222222
394470,1421880,394489.0972222222
394583.26,1421841.83,394602.3572222222
394570,1421810,394589.0972222222
390538.26,1430020.14,390557.3572222222
394710,1421680,394729.0972222222
394390.37,1420953.01,394409.4672222222
394396.6,1420950.75,394415.69722222217
394055,1420704,394074.0972222222
394720,1421890,394739.0972222222
394055.14,1420704.8,394074.2372222222
391792.8,1430049.85,391811.8972222222
394066.4,1420841.71,394085.4972222222
391515.65,1430113.89,391534.7472222222
394508.24,1420633.87,394527.3372222222
391469.75,1430193.22,391488.8472222222
394682.39,1420480.09,394701.4872222222
394068.6,1420950.91,394087.69722222217
394068.65,1420951.06,394087.7472222222
391363.95,1430438.33,391383.0472222222
394334.95,1420809.79,394354.0472222222
394194.64,1420946.62,394213.7372222222
394344.18,1420905.29,394363.2772222222
394128.48,1420967.63,394147.5772222222
390375.42,1429767.19,390394.5172222222
394256.77,1420921.86,394275.8672222222
394256.77,1420921.87,394275.8672222222
0,0,-17976931348623157e292
0,0,-17976931348623157e292
0,0,-17976931348623157e292
391637.29,1430175.61,391656.38722222217
389110,1427820,389129.0972222222
389713.53,1427562.39,389732.6272222222
391862.77,1430282.71,391881.8672222222
391848.73,1430293.32,391867.8272222222
391966.05,1430054,391985.1472222222
391952.99,1430041.29,391972.0872222222
392171.36,1429859.63,392190.4572222222
392171.36,1429859.73,392190.4572222222
392574.35,1428280.92,392593.44722222217
0,0,-17976931348623157e292
389951.44,1429630.23,389970.5372222222
390358.9,1430288.25,390377.9972222222
390841.49,1430616.07,390860.5872222222
391633.32,1429886.66,391652.4172222222
391369.16,1430003.92,391388.25722222216
391335.8,1430101.78,391354.8972222222
391645.9,1430136.08,391664.9972222222
391719.01,1430137.34,391738.1072222222
391646.39,1430132.74,391665.4872222222
389950.31,1429626.79,389969.4072222222
390162.58,1429689.66,390181.6772222222
391636.27,1430299.8,391655.3672222222
391356.01,1430436.47,391375.1072222222
391499.62,1430490.72,391518.7172222222
394279.05,1420835.03,394298.1472222222
0,0,-17976931348623157e292
0,0,-17976931348623157e292
389835.26,1429721.04,389854.3572222222
0,0,-17976931348623157e292
389835.96,1429722.61,389855.0572222222
390562.09,1429820.77,390581.1872222222
390432.1,1429974.57,390451.19722222217
390639.03,1430787.66,390658.1272222222
390639.06,1430789.88,390658.1572222222
390729.87,1430718.45,390748.9672222222
390485.52,1430547.17,390504.6172222222
390848.27,1429760.13,390867.3672222222
390640.46,1431650.49,390659.5572222222
390640.46,1431650.5,390659.5572222222
391425.44,1431128.09,391444.5372222222
391425.44,1431128.1,391444.5372222222
391430.84,1431125.09,391449.9372222222
391797.52,1430389.51,391816.6172222222
393325.98,1430614.96,393345.0772222222
393320.94,1430613.01,393340.0372222222
393806.29,1430549.17,393825.38722222217
393811.45,1430544.02,393830.5472222222
392250.5,1430914.92,392269.5972222222
392239.14,1430920.36,392258.2372222222
392239.14,1430920.37,392258.2372222222
392353.4,1430980.6,392372.4972222222
392352.28,1430989.71,392371.3772222222
392352.28,1430989.72,392371.3772222222
0,0,-17976931348623157e292
389787.91,1429465.25,389807.00722222216
389781.24,1429468.37,389800.3372222222
390408.67,1429978.66,390427.7672222222
391789.54,1430354.63,391808.63722222217
391681.44,1430504.59,391700.5372222222
391876.28,1430396.41,391895.3772222222
392045.17,1430453.49,392064.2672222222
391889.55,1430548.97,391908.6472222222
0,0,-17976931348623157e292
391103,1430908.8,391122.0972222222
390064.98,1427209.87,390084.0772222222
389705.84,1427040.19,389724.9372222222
390483.21,1431264.71,390502.3072222222
390484.36,1431259.43,390503.4572222222
390870.36,1431057.97,390889.4572222222
390789.49,1431096.55,390808.5872222222
390867.77,1431054.64,390886.8672222222
390955.64,1430884.9,390974.7372222222
391045.14,1430921.31,391064.2372222222
391048.82,1430918.03,391067.9172222222
391047.52,1430924.49,391066.6172222222
391400.32,1430633.24,391419.4172222222
391358.91,1430664.95,391378.00722222216
391432.91,1430580.95,391452.00722222216
391492.4,1430489.88,391511.4972222222
391441.81,1430477.28,391460.9072222222
391668.31,1430244.76,391687.4072222222
390694.28,1431207.83,390713.3772222222
390621.52,1431167.34,390640.6172222222
390619.55,1431253.09,390638.6472222222
391311.32,1430732.6,391330.4172222222
392814.21,1427915.52,392833.3072222222
392832.61,1427890.23,392851.7072222222
392756.64,1427885.85,392775.7372222222
392417.88,1427776.97,392436.9772222222
391069.23,1430841.05,391088.3272222222
2189246.99,1423684.61,2189266.0872222222
2189503.39,1423585.91,2189522.487222222
2189701.76,1423526.04,2189720.857222222
2189407.67,1423741.07,2189426.767222222
2189786.89,1423637.14,2189805.987222222
391111.37,1430776.01,391130.4672222222
394939.04,1421366.75,394958.13722222217
391124.72,1430797.07,391143.81722222216
395080.32,1421453.46,395099.4172222222
395081.08,1421449.88,395100.1772222222
391146.62,1430766.51,391165.7172222222
391156.2,1430726.3,391175.2972222222
389893.74,1427431.72,389912.8372222222
390008.93,1427552.48,390028.0272222222
390020.46,1427487.53,390039.5572222222
389901.2,1427396.93,389920.2972222222
2188460,1429389,2188479.097222222
2190676,1420285,2190695.097222222
2190686,1420275,2190705.097222222
2191198,1421471,2191217.097222222
2191111,1421228,2191130.097222222
2191113,1420173,2191132.097222222
2191141,1420181,2191160.097222222
0,0,-17976931348623157e292
386679.82,1428451.65,386698.9172222222
386671.61,1430283.47,386690.7072222222
389097.88,1431719.21,389116.9772222222
386939.81,1431776.59,386958.9072222222
390147.09,1424064.59,390166.1872222222
387360.09,1424569.78,387379.1872222222
392354.49,1425771.17,392373.5872222222
386882.48,1429233.83,386901.5772222222
387251.47,1424698.75,387270.56722222216
390815.9,1421109.8,390834.9972222222
388229.2,1431969.9,388248.2972222222
390418.25,1428235.55,390437.3472222222
390416.14,1428224.26,390435.2372222222
388347.45,1426869.62,388366.5472222222
388344.68,1426860.97,388363.7772222222
386240.22,1427012.89,386259.31722222216
386245.61,1427020.45,386264.7072222222
386727.13,1430678.43,386746.2272222222
386717.78,1430674.08,386736.8772222222
386699.97,1431448.31,386719.06722222216
386707.18,1431453.19,386726.2772222222
388229.37,1431965.15,388248.4672222222
387399.1,1431472.3,387418.19722222217
387020.55,1431538.91,387039.6472222222
387115.56,1431403.12,387134.6572222222
387027.7,1430453.3,387046.7972222222
386814.65,1430273.25,386833.7472222222
386726.04,1430680.49,386745.13722222217
386886.74,1430925.14,386905.8372222222
386615.53,1431032.64,386634.6272222222
387366.7,1428912.4,387385.7972222222
386567.94,1427624.4,386587.0372222222
387319.31,1427386.41,387338.4072222222
386242.66,1427167.07,386261.75722222216
386573.17,1428008.6,386592.2672222222
386685.2,1429051.01,386704.2972222222
388369.87,1427269.7,388388.9672222222
388352.98,1426877.1,388372.0772222222
387952.52,1427085.43,387971.6172222222
389042.01,1426850.96,389061.1072222222
390024.93,1431438.81,390044.0272222222
390038.39,1431433.98,390057.4872222222
389087.9,1431755.5,389106.9972222222
389095.72,1431752.23,389114.81722222216
389076.57,1430510.25,389095.6672222222
389082.8,1430497.3,389101.8972222222
0,0,-17976931348623157e292
0,0,-17976931348623157e292
0,0,-17976931348623157e292
391456.33,1430511.68,391475.4272222222
0,0,-17976931348623157e292
0,0,-17976931348623157e292
0,0,-17976931348623157e292
391452.56,1430478.55,391471.6572222222
392400.08,1430907.28,392419.1772222222
395039.79,1429645.39,395058.88722222217
390207.88,1427393.65,390226.9772222222
390209.59,1427394.7,390228.6872222222
390213.3,1427396.52,390232.3972222222
390286.34,1427400.49,390305.4372222222
390283.71,1427403.98,390302.8072222222
390281.36,1427407.64,390300.4572222222
390366.98,1427256.28,390386.0772222222
390367.97,1427257.64,390387.06722222216
390370.88,1427261.02,390389.9772222222
390452.87,1427288.06,390471.9672222222
390453.76,1427291.83,390472.8572222222
390454.98,1427295.67,390474.0772222222
0,0,-17976931348623157e292
0,0,-17976931348623157e292
0,0,-17976931348623157e292
0,0,-17976931348623157e292
0,0,-17976931348623157e292
0,0,-17976931348623157e292
0,0,-17976931348623157e292
0,0,-17976931348623157e292
0,0,-17976931348623157e292
0,0,-17976931348623157e292
0,0,-17976931348623157e292
0,0,-17976931348623157e292
0,0,-17976931348623157e292
0,0,-17976931348623157e292
0,0,-17976931348623157e292
0,0,-17976931348623157e292
0,0,-17976931348623157e292
0,0,-17976931348623157e292
0,0,-17976931348623157e292
0,0,-17976931348623157e292
0,0,-17976931348623157e292
0,0,-17976931348623157e292
0,0,-17976931348623157e292
0,0,-17976931348623157e292
0,0,-17976931348623157e292
0,0,-17976931348623157e292
0,0,-17976931348623157e292
0,0,-17976931348623157e292
0,0,-17976931348623157e292
0,0,-17976931348623157e292
0,0,-17976931348623157e292
0,0,-17976931348623157e292
0,0,-17976931348623157e292
0,0,-17976931348623157e292
0,0,-17976931348623157e292
0,0,-17976931348623157e292
0,0,-17976931348623157e292
0,0,-17976931348623157e292
0,0,-17976931348623157e292
0,0,-17976931348623157e292
0,0,-17976931348623157e292
0,0,-17976931348623157e292
0,0,-17976931348623157e292
0,0,-17976931348623157e292
0,0,-17976931348623157e292
0,0,-17976931348623157e292
0,0,-17976931348623157e292
0,0,-17976931348623157e292
0,0,-17976931348623157e292
0,0,-17976931348623157e292
0,0,-17976931348623157e292
0,0,-17976931348623157e292
0,0,-17976931348623157e292
390859.13,1431063.93,390878.2272222222
392677.52,1428522.15,392696.6172222222
392745.83,1428154.64,392764.9272222222
390065.57,1427200.26,390084.6672222222
389854.89,1427523.09,389873.9872222222
389701.39,1427050.94,389720.4872222222
392438.24,1428288.28,392457.3372222222
392551.49,1428513,392570.5872222222
390525.82,1431288.15,390544.9172222222
390860.33,1431064.12,390879.4272222222
391036.98,1430933.27,391056.0772222222
391389.28,1430635.3,391408.3772222222
391496.17,1430501.68,391515.2672222222
391613.51,1430265.29,391632.6072222222
391153.92,1430837.93,391173.0172222222
390695.14,1431207.06,390714.2372222222
391306.52,1430738.61,391325.6172222222
392723.92,1428449.96,392743.0172222222
392566.74,1427750.1,392585.8372222222
392821.51,1427921.57,392840.6072222222
392416.95,1427758.51,392436.0472222222
392377.44,1428375.63,392396.5372222222
392616.32,1428377.64,392635.4172222222
392725.83,1428319.51,392744.9272222222
392529.12,1428330.12,392548.2172222222
392659.63,1428252.25,392678.7272222222
392505,1428385.23,392524.0972222222
0,0,-17976931348623157e292
0,0,-17976931348623157e292
0,0,-17976931348623157e292
0,0,-17976931348623157e292
0,0,-17976931348623157e292
0,0,-17976931348623157e292
0,0,-17976931348623157e292
0,0,-17976931348623157e292
0,0,-17976931348623157e292
0,0,-17976931348623157e292
0,0,-17976931348623157e292
0,0,-17976931348623157e292
0,0,-17976931348623157e292
0,0,-17976931348623157e292
0,0,-17976931348623157e292
0,0,-17976931348623157e292
0,0,-17976931348623157e292
0,0,-17976931348623157e292
0,0,-17976931348623157e292
0,0,-17976931348623157e292
0,0,-17976931348623157e292
0,0,-17976931348623157e292
0,0,-17976931348623157e292
0,0,-17976931348623157e292
0,0,-17976931348623157e292
391593.96,1431490.94,391613.0572222222
391204.3,1431209.49,391223.3972222222
391203.68,1431180.48,391222.7772222222
391203.69,1431180.48,391222.7872222222
391203.7,1431180.48,391222.7972222222
391220.25,1431186.94,391239.3472222222
392157.24,1431448.51,392176.3372222222
392158.24,1431449.51,392177.3372222222
391258.59,1432250.34,391277.6872222222
391299.74,1432222.91,391318.8372222222
0,0,-17976931348623157e292
0,0,-17976931348623157e292
0,0,-17976931348623157e292
0,0,-17976931348623157e292
0,0,-17976931348623157e292
0,0,-17976931348623157e292
0,0,-17976931348623157e292
0,0,-17976931348623157e292
0,0,-17976931348623157e292
0,0,-17976931348623157e292
0,0,-17976931348623157e292
0,0,-17976931348623157e292
0,0,-17976931348623157e292
0,0,-17976931348623157e292
390457.69,1431007.43,390476.7872222222
390436.32,1431045.53,390455.4172222222
390402.99,1431046.88,390422.0872222222
390382.64,1431046.19,390401.7372222222
390365.02,1431047.01,390384.1172222222
390423.17,1430963.91,390442.2672222222
390095.41,1431112.52,390114.50722222216
390214.91,1431074.37,390234.00722222216
390155.11,1431064.32,390174.2072222222
390598.37,1431109.62,390617.4672222222
390579.22,1431096.22,390598.31722222216
390558.02,1431104.2,390577.1172222222
390536.31,1431111.11,390555.4072222222
390514.31,1431117.37,390533.4072222222
390491.6,1431122.78,390510.69722222217
390469.23,1431127.17,390488.3272222222
390446.77,1431131.67,390465.8672222222
390423.58,1431135.57,390442.6772222222
390400.8,1431137.04,390419.8972222222
390341.78,1431180.16,390360.8772222222
390377.07,1431165.87,390396.1672222222
390370.57,1431204.18,390389.6672222222
390406.77,1431227.37,390425.8672222222
390431.61,1431243.95,390450.7072222222
390487.22,1431269.88,390506.31722222216
390537.98,1431282.08,390557.0772222222
390569.04,1431276.95,390588.13722222217
390604.47,1431262.31,390623.56722222216
390667.4,1431226.39,390686.4972222222
390662.46,1431171.56,390681.5572222222
390635.24,1431160.91,390654.3372222222
390700.77,1431182.52,390719.8672222222
390648.87,1431100.52,390667.9672222222
390618.05,1431136.19,390637.1472222222
390680.27,1431103.51,390699.3672222222
390539.24,1431186.75,390558.3372222222
390192,1431298,390211.0972222222
390521.78,1431213.2,390540.8772222222
390517.55,1431242.3,390536.6472222222
390413.33,1431195.74,390432.4272222222
390598.4,1431101.51,390617.4972222222
390348.39,1431165.84,390367.4872222222
390326.35,1431178.64,390345.44722222217
390342.27,1431195.57,390361.3672222222
390375.32,1431195.94,390394.4172222222
390408.54,1431222.58,390427.63722222217
390164,1431247,390183.0972222222
390228,1431170,390247.0972222222
390312,1431219,390331.0972222222
2186959.72,1430341.59,2186978.817222222
2186826.56,1430328.73,2186845.657222222
2186866.13,1430361.08,2186885.227222222
2186878.57,1430354.86,2186897.667222222
2186920.81,1430340.4,2186939.907222222
2186897.57,1430350.26,2186916.667222222
2191153.24,1422001.14,2191172.3372222222
2191146.13,1422036.95,2191165.227222222
2191185.7,1422011.99,2191204.797222222
2191177.13,1422120.39,2191196.227222222
2191300.71,1422001.01,2191319.807222222
0,0,-17976931348623157e292
0,0,-17976931348623157e292
0,0,-17976931348623157e292
0,0,-17976931348623157e292
0,0,-17976931348623157e292
0,0,-17976931348623157e292
0,0,-17976931348623157e292
0,0,-17976931348623157e292
0,0,-17976931348623157e292
0,0,-17976931348623157e292
0,0,-17976931348623157e292
0,0,-17976931348623157e292
0,0,-17976931348623157e292
0,0,-17976931348623157e292
0,0,-17976931348623157e292
0,0,-17976931348623157e292
0,0,-17976931348623157e292
0,0,-17976931348623157e292
0,0,-17976931348623157e292
0,0,-17976931348623157e292
0,0,-17976931348623157e292
0,0,-17976931348623157e292
0,0,-17976931348623157e292
0,0,-17976931348623157e292
389886.07,1429579.25,389905.1672222222
0,0,-17976931348623157e292
391495.21,1432194.96,391514.3072222222
392321.33,1430911.57,392340.4272222222
393730.77,1430370.2,393749.8672222222
391077.17,1431398.3,391096.2672222222
391421.85,1431157.02,391440.94722222217
390568.11,1427228.96,390587.2072222222
390989.5,1426969.16,391008.5972222222
392622.6,1427324.76,392641.69722222217
393744.76,1427174.5,393763.8572222222
2188739.16,1423221.54,2188758.257222222
2188754.89,1423216.91,2188773.987222222
2188763.17,1423244.23,2188782.267222222
2188698.2,1423206.98,2188717.297222222
2188681.11,1423123.55,2188700.207222222
2188716.72,1423270.15,2188735.817222222
2190739.74,1420587.87,2190758.8372222222
2190752.92,1420731.76,2190772.017222222
2190877.87,1420793.99,2190896.967222222
2190926.4,1420709.93,2190945.497222222
2190839.16,1420551.27,2190858.257222222
2190932.19,1420566.28,2190951.287222222
2190927.25,1420475.74,2190946.347222222
2188471.51,1429390.5,2188490.607222222
2188604.73,1429352.49,2188623.827222222
2188384.72,1429419.64,2188403.817222222
2188700.63,1429477.83,2188719.727222222
2188584.56,1429454.14,2188603.657222222
2188511.47,1429413.77,2188530.567222222
2187047.8,1430933.61,2187066.897222222
2187101.41,1430963.17,2187120.507222222
2187150.5,1430995.05,2187169.597222222
2187116.68,1431016.23,2187135.777222222
2187121.7,1430970.34,2187140.797222222
2187097.22,1431009.14,2187116.317222222
2187157.9,1430966.96,2187176.997222222
2187102.69,1431041.96,2187121.787222222
2187163.63,1430995.6,2187182.727222222
2187136.81,1431033.36,2187155.907222222
2187836.92,1429977.51,2187856.017222222
2187824.62,1429995.52,2187843.717222222
2187814.18,1430024.75,2187833.277222222
2187807.46,1429988.45,2187826.557222222
2187848.2,1430008.34,2187867.297222222
2186569.42,1429794.22,2186588.517222222
2186657.45,1429845.11,2186676.547222222
2186813.01,1429892.44,2186832.107222222
2186863.43,1429858.96,2186882.527222222
2186722.45,1429926.52,2186741.547222222
2186774.97,1429827.99,2186794.067222222
2186864.81,1429775.91,2186883.907222222
2187229.22,1429333.89,2187248.317222222
2187336.29,1429375.21,2187355.387222222
2187281.43,1429433.09,2187300.527222222
2187383.51,1429377.59,2187402.607222222
2187408.51,1429409.88,2187427.607222222
2187309.03,1429428.11,2187328.127222222
2186497.49,1429641.49,2186516.5872222222
390893.81,1431019.38,390912.9072222222
390893.31,1431019.38,390912.4072222222
390893.81,1431019.88,390912.9072222222
390937.92,1431013.3,390957.0172222222
390937.42,1431013.3,390956.5172222222
390975.39,1431022.73,390994.4872222222
390975.89,1431022.73,390994.9872222222
390975.39,1431022.23,390994.4872222222
390985.89,1430973.72,391004.9872222222
390985.39,1430973.72,391004.4872222222
390985.89,1430973.22,391004.9872222222
2186495.39,1429646.43,2186514.487222222
2186522.08,1429636.02,2186541.177222222
2186514.27,1429650.47,2186533.367222222
2186531.07,1429658.93,2186550.167222222
2186500.86,1429666.36,2186519.957222222
2186540.96,1429681.85,2186560.057222222
2186512.32,1429691.36,2186531.417222222
2186545.78,1429700.47,2186564.877222222
2186531.07,1429706.85,2186550.167222222
2186542.27,1429717.66,2186561.367222222
2186553.86,1429733.67,2186572.957222222
2186166.59,1427614.71,2186185.687222222
2186137.5,1427615.79,2186156.597222222
2186159.54,1427591.77,2186178.637222222
2186175.48,1427657.8,2186194.577222222
2186173.93,1427638.35,2186193.027222222
2191174.97,1420525.78,2191194.067222222
2191304.19,1420535.34,2191323.287222222
2191301.31,1420599.22,2191320.407222222
2191223.52,1420543.77,2191242.617222222
2191263.59,1420582.09,2191282.687222222
2191272.83,1420625.56,2191291.927222222
2191230.99,1420679.9,2191250.0872222222
2191214.69,1420509.28,2191233.787222222
2191332.6,1420507.1,2191351.697222222
2188256.8,1430253.21,2188275.897222222
2188154.21,1430199.95,2188173.307222222
2188230.64,1430006.59,2188249.737222222
2188230.45,1430234.39,2188249.547222222
2188172.72,1430191.85,2188191.817222222
2188283.4,1430261.73,2188302.497222222
2187557.71,1429078.87,2187576.807222222
2187618.31,1429100.81,2187637.407222222
2187708.98,1429133.85,2187728.077222222
2187623.1,1429055.19,2187642.197222222
2187629.35,1429180.19,2187648.447222222
2187682.47,1429055.71,2187701.567222222
2190358.13,1421053.92,2190377.227222222
2190445.25,1420910.5,2190464.347222222
2190465.55,1421134.37,2190484.647222222
2190497.76,1421100.32,2190516.857222222
2190359.42,1421025.76,2190378.517222222
2186477.26,1429558.26,2186496.357222222
2186504.13,1429573.2,2186523.227222222
2186515.05,1429602.55,2186534.147222222
2186481.98,1429619.09,2186501.077222222
2186486.67,1429634.58,2186505.767222222
2186507.37,1429628.2,2186526.467222222
2184409.39,1429097.68,2184428.487222222
2185603.14,1428742.12,2185622.237222222
2185994.8,1428632.34,2186013.897222222
2187140.65,1428993.92,2187159.747222222
2187320.37,1429129.83,2187339.467222222
2187496.74,1428982.36,2187515.8372222222
2187253.83,1429025.5,2187272.927222222
2187221.54,1429092.17,2187240.637222222
2187512.68,1429128.11,2187531.777222222
2186690.62,1428855.49,2186709.717222222
2186841.59,1429300.78,2186860.687222222
2187167.5,1429404.4,2187186.597222222
2186911.39,1430910.74,2186930.487222222
2186944.89,1430899.58,2186963.987222222
2187006.48,1430921.55,2187025.577222222
2186959.49,1430972.1,2186978.5872222222
2186967.35,1430956.34,2186986.447222222
2186947.96,1430952.4,2186967.057222222
2186795.12,1431013.98,2186814.217222222
2186847.97,1431029.62,2186867.067222222
2186869.1,1431006.38,2186888.197222222
2186972.67,1431055.23,2186991.767222222
2186987.09,1431254.48,2187006.187222222
2186966.42,1431203.2,2186985.517222222
2186917.54,1431160.84,2186936.637222222
2186957.55,1431160.31,2186976.647222222
2186942.71,1431175.16,2186961.807222222
2186975.23,1431119.87,2186994.327222222
2186982.45,1431117.87,2187001.547222222
2186979.24,1431121.08,2186998.3372222222
2186730.73,1431009.4,2186749.827222222
2186762.79,1431271.53,2186781.887222222
2186642.74,1431271.7,2186661.8372222222
2186659.06,1431228.64,2186678.157222222
2186636.66,1431248.43,2186655.757222222
2190277.44,1422685.27,2190296.537222222
2190558.41,1422668.49,2190577.507222222
2190026.87,1423194.6,2190045.967222222
2190542.62,1422975.1,2190561.717222222
2190135.09,1422981.61,2190154.187222222
2190181.13,1423026.2,2190200.227222222
2190183.5,1423116.71,2190202.597222222
2190107.84,1423111.1,2190126.937222222
2190081.21,1423018.62,2190100.307222222
2190114.84,1422977.99,2190133.937222222
2187235.3,1430166.23,2187254.397222222
2187266.18,1430190.75,2187285.277222222
2187271.65,1430164.13,2187290.747222222
2187298.6,1430180.66,2187317.697222222
2187271.86,1430229.62,2187290.957222222
2186020.01,1427708.32,2186039.107222222
2186124.92,1427671.14,2186144.017222222
2186208.38,1427727.34,2186227.477222222
2186258.58,1427910.65,2186277.677222222
2187172.83,1429184.71,2187191.927222222
2187284.32,1429299.53,2187303.417222222
2187425.95,1429209.71,2187445.047222222
2187279.35,1429329.67,2187298.447222222
2187235.6,1429265.09,2187254.697222222
2187254.87,1429195.3,2187273.967222222
2185808.15,1427597.92,2185827.247222222
2185843.77,1427567.52,2185862.867222222
2185862.31,1427586.56,2185881.407222222
2188447.08,1428082.56,2188466.177222222
2188489.99,1428097.81,2188509.0872222222
2188537.15,1428116.96,2188556.247222222
2188499.92,1428064.48,2188519.017222222
2188505.95,1428141.43,2188525.047222222
2188454.89,1428125.47,2188473.987222222
2188489.91,1428180.58,2188509.007222222
2188564.02,1428144.73,2188583.117222222
2188513.42,1428014.24,2188532.517222222
2188470.53,1428029.92,2188489.627222222
2188388.7,1428000.35,2188407.797222222
2188477.86,1428289.47,2188496.957222222
2188467.19,1427950.25,2188486.287222222
2188905.82,1427937.05,2188924.917222222
2188944.92,1427898.73,2188964.017222222
2188477.58,1428148.87,2188496.677222222
2188471.2,1428059.52,2188490.297222222
2186669.25,1430146.99,2186688.347222222
2186640.43,1430108.86,2186659.527222222
2186708.64,1430194.65,2186727.737222222
2186683.86,1430128.38,2186702.957222222
2186656.92,1430176.87,2186676.017222222
2186636.45,1430162.86,2186655.547222222
2186624.59,1430132.69,2186643.687222222
2186437.42,1427986.49,2186456.517222222
2186485.63,1427869.34,2186504.727222222
2186303.77,1427835.97,2186322.867222222
2186368.64,1427959.41,2186387.737222222
2186399.28,1427930.5,2186418.377222222
2186377.73,1427875.1,2186396.827222222
2186328.62,1427588.5,2186347.717222222
2186237.41,1427538.22,2186256.507222222
2186411.39,1427619.69,2186430.487222222
2186287.92,1427634.46,2186307.017222222
2186307.76,1427681.14,2186326.857222222
2186364.95,1427691.26,2186384.047222222
2186421.36,1427683.09,2186440.457222222
2186425.64,1427609.56,2186444.737222222
2186385.95,1427588.94,2186405.047222222
2186294.92,1427585.44,2186314.017222222
2187051.39,1427397.52,2187070.487222222
2187073.82,1427397.85,2187092.917222222
2187086.88,1427413.14,2187105.977222222
2191429.06,1421930.65,2191448.157222222
2191484.16,1421859.93,2191503.257222222
2191439.66,1421854.37,2191458.757222222
2191587.43,1421850.38,2191606.527222222
2191465.49,1421842.95,2191484.5872222222
2191467.17,1421828.66,2191486.267222222
2191517.61,1421812.69,2191536.707222222
2191612.61,1421782.42,2191631.707222222
2191634.89,1421719.95,2191653.987222222
2191718.48,1421661.03,2191737.577222222
2191886.75,1421689.16,2191905.847222222
390721,1430588,390740.0972222222
390730,1430618,390749.0972222222
390721,1430642,390740.0972222222
391188.68,1429956.51,391207.7772222222
391177.84,1429964.21,391196.9372222222
391175.5,1429977.05,391194.5972222222
391234.78,1429877.93,391253.8772222222
391194.09,1429973.17,391213.1872222222
391277.17,1429900.96,391296.2672222222
391257.04,1429834.72,391276.13722222217
391189.67,1429854.81,391208.7672222222
391228.59,1429959.48,391247.6872222222
391162.04,1429915.41,391181.13722222217
391155.86,1429991.43,391174.9572222222
391156.2,1430018.61,391175.2972222222
391185.69,1430004.35,391204.7872222222
391320.3,1429939.74,391339.3972222222
391331.76,1429856.33,391350.8572222222
391228.25,1429793.26,391247.3472222222
391154.86,1429820.42,391173.9572222222
391114.87,1429889.12,391133.9672222222
391113.1,1429976.02,391132.19722222217
391375.89,1429908.03,391394.9872222222
391391.69,1429971.06,391410.7872222222
391323.73,1430017.75,391342.8272222222
391111.87,1429815.52,391130.9672222222
390994.15,1429749.88,391013.2472222222
390871.67,1429685.09,390890.7672222222
391586.83,1429388.34,391605.9272222222
390460.95,1430461.27,390480.0472222222
390485.8,1430496.55,390504.8972222222
0,0,-17976931348623157e292
0,0,-17976931348623157e292
0,0,-17976931348623157e292
0,0,-17976931348623157e292
0,0,-17976931348623157e292
0,0,-17976931348623157e292
0,0,-17976931348623157e292
0,0,-17976931348623157e292
0,0,-17976931348623157e292
0,0,-17976931348623157e292
0,0,-17976931348623157e292
0,0,-17976931348623157e292
0,0,-17976931348623157e292
0,0,-17976931348623157e292
0,0,-17976931348623157e292
0,0,-17976931348623157e292
0,0,-17976931348623157e292
0,0,-17976931348623157e292
392657.01,1427140.67,392676.1072222222
392312.97,1427368.04,392332.06722222216
0,0,-17976931348623157e292
0,0,-17976931348623157e292
0,0,-17976931348623157e292
389886.75,1429648.08,389905.8472222222
389972.58,1429733.43,389991.6772222222
389923.02,1429716.93,389942.1172222222
389928.62,1429518.92,389947.7172222222
389945.66,1429575.86,389964.75722222216
389855.41,1429508.41,389874.50722222216
389876.5,1429571.13,389895.5972222222
389845.1,1429644.55,389864.19722222217
389873.26,1429623.16,389892.3572222222
394457.89,1420976.42,394476.9872222222
394465.87,1420956.04,394484.9672222222
394453.18,1420983.29,394472.2772222222
394473.77,1421012.61,394492.8672222222
2186115.51,1427592.47,2186134.607222222
2186099.03,1427596.93,2186118.127222222
2186137.23,1427561.17,2186156.327222222
0,0,-17976931348623157e292
0,0,-17976931348623157e292
