LOCID,ECOORD,NCOORD,ELEV,MPELEV,IBDEPTH,IEDEPTH,maxdepth,zero,ECOORD.1,NCOORD.1,ELEV.1
6MW8,389103.19,1427829.41,1109.5,1110.21,NA,NA,NA,0,389103.19,1427829.41,1109.5
AS-A,390248.363,1430266.231,1094.992188,NA,NA,NA,NA,0,390248.363,1430266.231,1094.992188
AS-B,390309.6258,1430282.789,1093.401645,NA,NA,NA,NA,0,390309.6258,1430282.789,1093.401645
AS-C,390336.669,1430243.625,1086.072952,NA,NA,NA,NA,0,390336.669,1430243.625,1086.072952
ATSG01,390821.878,1430665.573,ND,NA,NA,NA,NA,0,390821.878,1430665.573,ND
B01530,388311.24,1428176.14,1109.92,1109.56,108,118,118,0,388311.24,1428176.14,1109.92
B01531,389477,1428520.64,1110.62,1109.96,43,53,53,0,389477,1428520.64,1110.62
B01532,389679.83,1429003.46,1110.89,1110.45,93,103,103,0,389679.83,1429003.46,1110.89
B01533,388243.89,1430042.5,1107.53,1107.01,74,84,84,0,388243.89,1430042.5,1107.53
B01534,387620.48,1429671.44,1110.28,1109.9,85,95,95,0,387620.48,1429671.44,1110.28
B04539,390371.29,1428795.34,1109.09,1108.6,42.7,52.7,52.7,0,390371.29,1428795.34,1109.09
B04540,390780.8821,1428551.278,1095.74,1031.88,90,100,100,0,390780.8821,1428551.278,1095.74
B04541,390182.48,1429081.17,1108.84,1108.2,30,40,40,0,390182.48,1429081.17,1108.84
B04542,390519.76,1429265.72,1109.1,1108.36,40,50,50,0,390519.76,1429265.72,1109.1
B04543,391410.15,1429026.97,1100.62,1100.29,98,108,108,0,391410.15,1429026.97,1100.62
B04544,392026.42,1429583.17,1090.69,NA,NA,NA,NA,0,392026.42,1429583.17,1090.69
B04545,389785.44,1429462.02,1107.23,1106.79,150,160,160,0,389785.44,1429462.02,1107.23
B04546,389958.33,1429590.61,1109.28,1109.09,114,124,124,0,389958.33,1429590.61,1109.28
B04547,390007.64,1429859.98,1104.54,1104.21,153,163,163,0,390007.64,1429859.98,1104.54
B04548,390139.29,1429860.27,1108.31,1107.92,127,137,137,0,390139.29,1429860.27,1108.31
B04549,390239.94,1430044.55,1096.75,1096.49,118,128,128,0,390239.94,1430044.55,1096.75
B04550,390522.53,1430230.13,1072.34,NA,NA,NA,NA,0,390522.53,1430230.13,1072.34
B04551,390490.29,1430598.67,1075.83,NA,NA,NA,NA,0,390490.29,1430598.67,1075.83
B04552,390762.96,1430994.52,1056.57,NA,NA,NA,NA,0,390762.96,1430994.52,1056.57
B04553,390854.62,1430514.85,1042.37,NA,NA,NA,NA,0,390854.62,1430514.85,1042.37
B04557,390790.45,1431116.34,1055.78,1058.55,43,113,113,0,390790.45,1431116.34,1055.78
B04558,390908.96,1430613.22,1040.41,1043.16,114,124,124,0,390908.96,1430613.22,1040.41
B04559,390858.91,1430531.47,1041.66,1044.45,84,94,94,0,390858.91,1430531.47,1041.66
B04560,390871.041,1430422.336,1047.04,1049.35,87,97,97,0,390871.041,1430422.336,1047.04
B04561,390871.74,1430426.394,1046.82,1049.56,55,65,65,0,390871.74,1430426.394,1046.82
B04562,389913.184,1429672.973,1107.82,1107.63,134,184,184,0,389913.184,1429672.973,1107.82
B04563,389890.096,1429677.377,1107.39,1107.17,124,184,184,0,389890.096,1429677.377,1107.39
B04564,389872.124,1429647.961,1107.23,1107.03,110,180,180,0,389872.124,1429647.961,1107.23
B04565,389987.181,1429655.317,1108.82,1108.59,118,218,218,0,389987.181,1429655.317,1108.82
B04570,390034.7313,1429639.396,1108.95,1108.62,109.5,119.5,119.5,0,390034.7313,1429639.396,1108.95
B04571,389931.3006,1429614.821,1107.7341,1107.63,84,94,94,0,389931.3006,1429614.821,1107.7341
B04572,389930.0901,1429615.701,1107.7341,1107.63,68,78,78,0,389930.0901,1429615.701,1107.7341
B04573,389930.3317,1429612.972,1107.7341,1107.63,50.5,60.5,60.5,0,389930.3317,1429612.972,1107.7341
B04574,389927.1878,1429611.8,1107.7341,1107.64,34,44,44,0,389927.1878,1429611.8,1107.7341
B04575,389961.0237,1429599.279,1109.23992,1108.88,79,89,89,0,389961.0237,1429599.279,1109.23992
B04576,389959.9724,1429598.48,1109.23992,1109,60,70,70,0,389959.9724,1429598.48,1109.23992
B04577,389962.6017,1429600.917,1109.23992,1109.09,45,55,55,0,389962.6017,1429600.917,1109.23992
B04578,389961.6755,1429600.698,1109.23992,1109.07,29,39,39,0,389961.6755,1429600.698,1109.23992
B04579,389989.932,1429593.25,1109.24014,1109,175,195,195,0,389989.932,1429593.25,1109.24014
B04580,389922.4479,1429609.125,1107.4116,1107.18,85.5,95.5,95.5,0,389922.4479,1429609.125,1107.4116
B04581,389917.7127,1429609.274,1107.4116,1107.11,63,73,73,0,389917.7127,1429609.274,1107.4116
B04582,389923.1199,1429609.99,1107.4116,1107.17,50,60,60,0,389923.1199,1429609.99,1107.4116
B04583,389919.2388,1429610.339,1107.4116,1107.16,31,41,41,0,389919.2388,1429610.339,1107.4116
B04584,389922.1881,1429605.329,1107.4879,1106.49,50,60,60,0,389922.1881,1429605.329,1107.4879
B04585,389918.5848,1429588.203,1107.6115,1106.61,50,60,60,0,389918.5848,1429588.203,1107.6115
B04586,389981.8648,1429607.539,1109.029,1108.55,218,228,228,0,389981.8648,1429607.539,1109.029
B04588,390629.3516,1431163.784,1036.385,NA,NA,NA,NA,0,390629.3516,1431163.784,1036.385
B04589,390018.6746,1429651.128,1108.83722,1108.19,5,15,15,0,390018.6746,1429651.128,1108.83722
B04590,389918.1943,1429594.169,1107.554,1107.3,5,15,15,0,389918.1943,1429594.169,1107.554
B04591,389914.0745,1429591.142,1107.554,1107.23,67,77,77,0,389914.0745,1429591.142,1107.554
B04592,389915.7758,1429594.747,1107.554,1107.19,49,59,59,0,389915.7758,1429594.747,1107.554
B04593,390799.9219,1431074.546,1056.63,NA,NA,NA,NA,0,390799.9219,1431074.546,1056.63
B04594,391144.329,1430848.145,1030.48,NA,NA,NA,NA,0,391144.329,1430848.145,1030.48
B04595,391269.2919,1430725.265,1048.54,NA,NA,NA,NA,0,391269.2919,1430725.265,1048.54
B04600A,390135.819,1430298.014,1096.558,1096.01,41,41.1,41.1,0,390135.819,1430298.014,1096.558
B04600B,390134.919,1430297.014,1096.558,1096.01,48,48.1,48.1,0,390134.919,1430297.014,1096.558
B04600C,390133.919,1430293.914,1096.558,1096.01,55,55.1,55.1,0,390133.919,1430293.914,1096.558
B04600D,390137.919,1430300.914,1096.558,1096.01,62,62.1,62.1,0,390137.919,1430300.914,1096.558
B04600E,390133.419,1430295.414,1096.558,1096.01,69,69.1,69.1,0,390133.419,1430295.414,1096.558
B04600F,390135.419,1430294.414,1096.558,1096.01,76,76.1,76.1,0,390135.419,1430294.414,1096.558
B04601A,390316.639,1430265.756,1093.082,1092.83,45,45.1,45.1,0,390316.639,1430265.756,1093.082
B04601B,390316.739,1430267.756,1093.082,1092.83,54,54.1,54.1,0,390316.739,1430267.756,1093.082
B04601C,390313.239,1430267.156,1093.082,1092.83,63,63.1,63.1,0,390313.239,1430267.156,1093.082
B04601D,390320.739,1430268.656,1093.082,1092.83,72,72.1,72.1,0,390320.739,1430268.656,1093.082
B04601E,390315.239,1430265.656,1093.082,1092.83,81,81.1,81.1,0,390315.239,1430265.656,1093.082
B04601F,390313.739,1430266.156,1093.082,1092.83,90,90.1,90.1,0,390313.739,1430266.156,1093.082
B04601G,390314.239,1430265.656,1093.082,1092.83,99,99.1,99.1,0,390314.239,1430265.656,1093.082
B04602,390442.66,1430205.21,1075.66,1075.39,45,55,55,0,390442.66,1430205.21,1075.66
B04603,390594.995,1430261.984,1070.79,1070.63,55,65,65,0,390594.995,1430261.984,1070.79
B04604,389887.589,1429512.04,1108.66,1108.16,85,95,95,0,389887.589,1429512.04,1108.66
B04605,389961.298,1429720.866,1104.815,1104.5,70,80,80,0,389961.298,1429720.866,1104.815
B04606,390110.65,1429878.796,1107.651,1107.4,71,81,81,0,390110.65,1429878.796,1107.651
B04607,390204.508,1430030.281,1098.011,1097.62,95,105,105,0,390204.508,1430030.281,1098.011
B04608,389867.444,1429639.641,1107.087,1106.72,88,98,98,0,389867.444,1429639.641,1107.087
B04609,389913.928,1429731.949,1105.175,NA,NA,NA,NA,0,389913.928,1429731.949,1105.175
B04610,389981.653,1429841.223,1103.44,NA,NA,NA,NA,0,389981.653,1429841.223,1103.44
B04611,389983.135,1429581.173,1109.415,NA,NA,NA,NA,0,389983.135,1429581.173,1109.415
B04612,389979.161,1429644.652,1108.858,NA,NA,NA,NA,0,389979.161,1429644.652,1108.858
B04613,390148.584,1429862.009,1108.304,NA,NA,NA,NA,0,390148.584,1429862.009,1108.304
B04615,391056.419,1430930.731,1028.119,NA,NA,NA,NA,0,391056.419,1430930.731,1028.119
B04616,391070.077,1430904.825,1027.364,NA,NA,NA,NA,0,391070.077,1430904.825,1027.364
B04617,391052.78,1430956.15,1029.95,NA,NA,NA,NA,0,391052.78,1430956.15,1029.95
B04618,391060.95,1430941.95,1028.17,NA,NA,NA,NA,0,391060.95,1430941.95,1028.17
B04619,391068.24,1430929.05,1028.31,NA,NA,NA,NA,0,391068.24,1430929.05,1028.31
B04620,391074.09,1430914.24,1026.34,NA,NA,NA,NA,0,391074.09,1430914.24,1026.34
B04621,391079.48,1430900.74,1027.08,NA,NA,NA,NA,0,391079.48,1430900.74,1027.08
B04622,391088.04,1430889.26,1027.18,NA,NA,NA,NA,0,391088.04,1430889.26,1027.18
B04623,391094.38,1430871.47,1027.47,NA,NA,NA,NA,0,391094.38,1430871.47,1027.47
B04624,391101.82,1430855.98,1027.9,NA,NA,NA,NA,0,391101.82,1430855.98,1027.9
B04625,391108.89,1430844.87,1028.23,NA,NA,NA,NA,0,391108.89,1430844.87,1028.23
B04626,391131.23,1430845.35,1028.21,NA,NA,NA,NA,0,391131.23,1430845.35,1028.21
B04627,391135.63,1430824.86,1030.21,NA,NA,NA,NA,0,391135.63,1430824.86,1030.21
B04628,391147.95,1430813.81,1030.93,NA,NA,NA,NA,0,391147.95,1430813.81,1030.93
B04629,391159.09,1430804.51,1032.3,NA,NA,NA,NA,0,391159.09,1430804.51,1032.3
B04631,391181.81,1430787.91,1035.75,NA,NA,NA,NA,0,391181.81,1430787.91,1035.75
B04632,391195.94,1430782.7,1036.3,NA,NA,NA,NA,0,391195.94,1430782.7,1036.3
B04633,391211.16,1430766.66,1038.54,NA,NA,NA,NA,0,391211.16,1430766.66,1038.54
B04634,391229.03,1430750.44,1041.3,NA,NA,NA,NA,0,391229.03,1430750.44,1041.3
B04635,391238.06,1430740.12,1042.59,NA,NA,NA,NA,0,391238.06,1430740.12,1042.59
B04636,391249.04,1430730.53,1044.77,NA,NA,NA,NA,0,391249.04,1430730.53,1044.77
B04637,391267.38,1430723.54,1047.76,NA,NA,NA,NA,0,391267.38,1430723.54,1047.76
B04638,391288.66,1430716.48,1052.12,NA,NA,NA,NA,0,391288.66,1430716.48,1052.12
B04639,389890.1662,1429539.663,1107.746211,1107.37,140,160,160,0,389890.1662,1429539.663,1107.746211
B04640,390300.3383,1429900.733,1106.071694,1105.8,147,167,167,0,390300.3383,1429900.733,1106.071694
B04641,390061.6323,1430050.505,1099.830753,1099.21,156,176,176,0,390061.6323,1430050.505,1099.830753
B04642,390296.5623,1430359.684,1094.086439,1093.65,115,135,135,0,390296.5623,1430359.684,1094.086439
B04643,389791.7027,1429449.639,1107.311582,1107.08,94,164,164,0,389791.7027,1429449.639,1107.311582
B04644,389771.289,1429485.818,1107.359043,NA,NA,NA,NA,0,389771.289,1429485.818,1107.359043
B04645,389884.8177,1429500.781,1108.321394,NA,NA,NA,NA,0,389884.8177,1429500.781,1108.321394
B04646,389884.2913,1429559.384,1107.548684,NA,NA,NA,NA,0,389884.2913,1429559.384,1107.548684
B04647,389966.3771,1429562.29,1109.380307,NA,NA,NA,NA,0,389966.3771,1429562.29,1109.380307
B04648,389905.289,1429751.562,1104.112183,NA,NA,NA,NA,0,389905.289,1429751.562,1104.112183
B04649,389983.5931,1429775.173,1105.454984,1104.58,192,247,247,0,389983.5931,1429775.173,1105.454984
B04650,390115.8128,1429674.137,1108.786654,NA,NA,NA,NA,0,390115.8128,1429674.137,1108.786654
B04651,389911.5831,1429815.195,1103.174978,NA,NA,NA,NA,0,389911.5831,1429815.195,1103.174978
B04652,389995.2557,1429891.404,1101.523762,NA,NA,NA,NA,0,389995.2557,1429891.404,1101.523762
B04653,390153.1505,1429858.997,1108.150483,NA,NA,NA,NA,0,390153.1505,1429858.997,1108.150483
B04654,390220.4994,1429818.094,1108.006809,1107.53,147,157,157,0,390220.4994,1429818.094,1108.006809
B04655,390033.8908,1429973.058,1100.86902,NA,NA,NA,NA,0,390033.8908,1429973.058,1100.86902
B04656,390114.516,1429996.464,1099.889264,NA,NA,NA,NA,0,390114.516,1429996.464,1099.889264
B04657,390226.7532,1429908.624,1106.000592,NA,NA,NA,NA,0,390226.7532,1429908.624,1106.000592
B04658,390321.6739,1429882.563,1106.548075,1106.61,125,135,135,0,390321.6739,1429882.563,1106.548075
B04659,390035.6121,1430058.227,1099.062242,NA,NA,NA,NA,0,390035.6121,1430058.227,1099.062242
B04660,390125.0299,1430036.039,1098.773411,NA,NA,NA,NA,0,390125.0299,1430036.039,1098.773411
B04661,390237.4179,1430037.576,1096.801839,NA,NA,NA,NA,0,390237.4179,1430037.576,1096.801839
B04662,390356.8984,1429981.365,1094.230805,1094.1,80,120,120,0,390356.8984,1429981.365,1094.230805
B04663,390451.1653,1429978.189,1089.553288,NA,NA,NA,NA,0,390451.1653,1429978.189,1089.553288
B04664,390107.5051,1430144.18,1097.500217,NA,NA,NA,NA,0,390107.5051,1430144.18,1097.500217
B04665,390231.7265,1430112.749,1096.822596,1100.3,112,142,142,0,390231.7265,1430112.749,1096.822596
B04666,390305.0903,1430103.482,1092.87781,NA,NA,NA,NA,0,390305.0903,1430103.482,1092.87781
B04667,390505.5065,1429997.131,1086.93448,1086.44,53,68,68,0,390505.5065,1429997.131,1086.93448
B04668,390396.3069,1430167.179,1077.960664,NA,NA,NA,NA,0,390396.3069,1430167.179,1077.960664
B04669,390530.2112,1430222.148,1072.613507,1072.01,50,60,60,0,390530.2112,1430222.148,1072.613507
B04670,390562.9171,1430235.989,1070.435398,1070.77,50,105,105,0,390562.9171,1430235.989,1070.435398
B04671,389870.85,1429510.55,1107.99,NA,NA,NA,NA,0,389870.85,1429510.55,1107.99
B04672,389889,1429505.79,1108.55,NA,NA,NA,NA,0,389889,1429505.79,1108.55
B04673,389920.43,1429495.4,1109.93,NA,NA,NA,NA,0,389920.43,1429495.4,1109.93
B04674,389899.61,1429546.64,1107.72,NA,NA,NA,NA,0,389899.61,1429546.64,1107.72
B04675,389955.4,1429574.5,1109.32,NA,NA,NA,NA,0,389955.4,1429574.5,1109.32
B04676,389849.77,1429655.09,1106.71,NA,NA,NA,NA,0,389849.77,1429655.09,1106.71
B04677,389909.14,1429645.8,1108.03,NA,NA,NA,NA,0,389909.14,1429645.8,1108.03
B04678,389982.02,1429633.9,1108.89,NA,NA,NA,NA,0,389982.02,1429633.9,1108.89
B04679,389962.9,1429710.4,1104.8,NA,NA,NA,NA,0,389962.9,1429710.4,1104.8
B04680,389965.38,1429738.79,1105.4,NA,NA,NA,NA,0,389965.38,1429738.79,1105.4
B04681,391060.7021,1430915.315,1026.805601,1026.57,NA,NA,NA,0,391060.7021,1430915.315,1026.805601
B04682,391063.8021,1430918.315,1026.805601,1026.57,60,70,70,0,391063.8021,1430918.315,1026.805601
B04683,391056.3021,1430915.215,1026.805601,1026.57,85,100,100,0,391056.3021,1430915.215,1026.805601
B04684,391126.4137,1430845.777,1029.287306,1029.03,NA,NA,NA,0,391126.4137,1430845.777,1029.287306
B04685,391129.5137,1430846.277,1029.287306,1029.03,50,60,60,0,391129.5137,1430846.277,1029.287306
B04686,391124.0137,1430841.677,1029.287306,1029.03,75,100,100,0,391124.0137,1430841.677,1029.287306
B04687,391188.6171,1430774.432,1034.664506,1034.52,NA,NA,NA,0,391188.6171,1430774.432,1034.664506
B04688,391190.7171,1430778.432,1034.664506,1034.52,NA,NA,NA,0,391190.7171,1430778.432,1034.664506
B04689,391187.2171,1430772.832,1034.664506,1034.52,87.4,97.4,97.4,0,391187.2171,1430772.832,1034.664506
B04690,391128.2617,1430868.743,1027.26585,1027.22,35.5,55.5,55.5,0,391128.2617,1430868.743,1027.26585
B04691,391177.692,1430820.433,1031.786246,1031.6,45,55,55,0,391177.692,1430820.433,1031.786246
B04692,391231.2309,1430770.938,1039.872027,1039.79,70,80,80,0,391231.2309,1430770.938,1039.872027
B04693,391123.3776,1430904.526,1024.680849,1024.11,NA,NA,NA,0,391123.3776,1430904.526,1024.680849
B04694,391125.9776,1430907.026,1024.680849,1024.11,NA,NA,NA,0,391125.9776,1430907.026,1024.680849
B04695,391120.9776,1430903.426,1024.680849,1024.11,75,95,95,0,391120.9776,1430903.426,1024.680849
B04696,391158.522,1430870.498,1028.476624,1028.44,NA,NA,NA,0,391158.522,1430870.498,1028.476624
B04697,391159.622,1430876.998,1028.476624,1028.44,NA,NA,NA,0,391159.622,1430876.998,1028.476624
B04698,391157.122,1430868.898,1028.476624,1028.44,83,93,93,0,391157.122,1430868.898,1028.476624
B04699,391227.6783,1430807.83,1036.07722,1035.67,48,58,58,0,391227.6783,1430807.83,1036.07722
B04700,391230.2783,1430810.83,1036.07722,1035.67,NA,NA,NA,0,391230.2783,1430810.83,1036.07722
B04701,391225.2783,1430806.23,1036.07722,1035.67,90,110,110,0,391225.2783,1430806.23,1036.07722
B04702,391085.92,1430912.8,1025,NA,NA,NA,NA,0,391085.92,1430912.8,1025
B04703,391085.62,1430915.12,1025,NA,NA,NA,NA,0,391085.62,1430915.12,1025
B04704,391107.4279,1430894.732,1024.767402,NA,NA,NA,NA,0,391107.4279,1430894.732,1024.767402
B04705,391108.0279,1430892.232,1024.767402,NA,NA,NA,NA,0,391108.0279,1430892.232,1024.767402
B04706,391117.6377,1430882.396,1025.797284,NA,NA,NA,NA,0,391117.6377,1430882.396,1025.797284
B04707,391119.7377,1430882.396,1025.797284,1025.94,53,68,68,0,391119.7377,1430882.396,1025.797284
B04708,391141.3324,1430861.655,1027.669828,NA,NA,NA,NA,0,391141.3324,1430861.655,1027.669828
B04709,391138.9324,1430861.155,1027.669828,NA,NA,NA,NA,0,391138.9324,1430861.155,1027.669828
B04710,391163.6956,1430841.969,1030.384892,NA,NA,NA,NA,0,391163.6956,1430841.969,1030.384892
B04711,391159.2956,1430840.469,1030.384892,NA,NA,NA,NA,0,391159.2956,1430840.469,1030.384892
B04712,391189.056,1430812.484,1032.680019,NA,NA,NA,NA,0,391189.056,1430812.484,1032.680019
B04713,391192.656,1430811.984,1032.680019,NA,NA,NA,NA,0,391192.656,1430811.984,1032.680019
B04714,391208.6783,1430796.575,1034.848773,NA,NA,NA,NA,0,391208.6783,1430796.575,1034.848773
B04715,391207.2783,1430796.075,1034.848773,1034.71,68,88,88,0,391207.2783,1430796.075,1034.848773
B04716,391227.0856,1430777.746,1038.706919,NA,NA,NA,NA,0,391227.0856,1430777.746,1038.706919
B04717,391230.1856,1430774.746,1038.706919,NA,NA,NA,NA,0,391230.1856,1430774.746,1038.706919
B04718,391251.7876,1430756.247,1042.48429,NA,NA,NA,NA,0,391251.7876,1430756.247,1042.48429
B04719,391247.8876,1430756.247,1042.48429,NA,NA,NA,NA,0,391247.8876,1430756.247,1042.48429
B04720,391266.7323,1430730.748,1047.122828,NA,NA,NA,NA,0,391266.7323,1430730.748,1047.122828
B04721,391078.5187,1430908.909,1025.132208,NA,NA,NA,NA,0,391078.5187,1430908.909,1025.132208
B04722,391105.8015,1430879.636,1025.772986,NA,NA,NA,NA,0,391105.8015,1430879.636,1025.772986
B04723,391139.6896,1430846.02,1029.297963,NA,NA,NA,NA,0,391139.6896,1430846.02,1029.297963
B04724,391188.0979,1430802.426,1033.122878,NA,NA,NA,NA,0,391188.0979,1430802.426,1033.122878
B04725,391215.7079,1430773.917,1037.469464,NA,NA,NA,NA,0,391215.7079,1430773.917,1037.469464
B04726,391263.0433,1430728.763,1046.489896,NA,NA,NA,NA,0,391263.0433,1430728.763,1046.489896
B04729,390118.3434,1430295.875,1096.7587,1096.24,80,90,90,0,390118.3434,1430295.875,1096.7587
B04730,390124.4902,1430293.687,1096.7575,1096.5,125,135,135,0,390124.4902,1430293.687,1096.7575
B04731,390189.941,1431015.566,1079.6241,NA,NA,NA,NA,0,390189.941,1431015.566,1079.6241
B04732D,390309.796,1431181.549,1038.7817,NA,NA,NA,NA,0,390309.796,1431181.549,1038.7817
B04732S,390301.8689,1431184.593,1038.9144,NA,NA,NA,NA,0,390301.8689,1431184.593,1038.9144
B04733,390601.4886,1431264.668,1030.7094,NA,NA,NA,NA,0,390601.4886,1431264.668,1030.7094
B04734,391031.1198,1430965.356,1031.9145,1031.75,48,58,58,0,391031.1198,1430965.356,1031.9145
B04735,391037.3152,1430969.391,1031.92,1031.52,65,75,75,0,391037.3152,1430969.391,1031.92
B04736,391037.0776,1430962.78,1031.3186,1030.94,88,98,98,0,391037.0776,1430962.78,1031.3186
B04737,391293.4254,1430701.575,1053.6798,1053.2,42,52,52,0,391293.4254,1430701.575,1053.6798
B04FRAC,389952.9567,1429600.879,1109.13,NA,NA,NA,NA,0,389952.9567,1429600.879,1109.13
B04MIP01,389868.1052,1429538.069,1107.57,NA,NA,NA,NA,0,389868.1052,1429538.069,1107.57
B04MIP02,389896.6821,1429525.369,1107.89,NA,NA,NA,NA,0,389896.6821,1429525.369,1107.89
B04MIP03,389873.9411,1429553.591,1107.51,NA,NA,NA,NA,0,389873.9411,1429553.591,1107.51
B04MIP04,389945.7287,1429700.76,1105.61,NA,NA,NA,NA,0,389945.7287,1429700.76,1105.61
B04MIP05,389912.2573,1429593.959,1107.49,NA,NA,NA,NA,0,389912.2573,1429593.959,1107.49
B04MIP06,389898.9199,1429611.039,1107.28,NA,NA,NA,NA,0,389898.9199,1429611.039,1107.28
B04MIP07,389965.6731,1429676.815,1108.63,NA,NA,NA,NA,0,389965.6731,1429676.815,1108.63
B04MIP08,389906.9963,1429544.371,1108.01,NA,NA,NA,NA,0,389906.9963,1429544.371,1108.01
B04MIP09,389881.662,1429655.24,1107.33,NA,NA,NA,NA,0,389881.662,1429655.24,1107.33
B04MIP10,389932.7397,1429702.616,1105.65,NA,NA,NA,NA,0,389932.7397,1429702.616,1105.65
B04MIP11,389927.0653,1429647.014,1108.53,NA,NA,NA,NA,0,389927.0653,1429647.014,1108.53
B04MIP12,389992.8086,1429645.906,1108.76,NA,NA,NA,NA,0,389992.8086,1429645.906,1108.76
B04MIP13,389952.3064,1429648.205,1108.71,NA,NA,NA,NA,0,389952.3064,1429648.205,1108.71
B04MIP14,389956.8542,1429579.463,1109.32,NA,NA,NA,NA,0,389956.8542,1429579.463,1109.32
B04MIP15,389914.704,1429568.365,1108.08,NA,NA,NA,NA,0,389914.704,1429568.365,1108.08
B04MIP19,389983.5768,1429603.216,1109.05,NA,NA,NA,NA,0,389983.5768,1429603.216,1109.05
B04MIP21,389940.7121,1429557.502,1109.49,NA,NA,NA,NA,0,389940.7121,1429557.502,1109.49
B04MIP25,389919.3133,1429557.395,1108.71,NA,NA,NA,NA,0,389919.3133,1429557.395,1108.71
B04MPC03A,389874.5858,1429551.981,1107.5,NA,NA,NA,NA,0,389874.5858,1429551.981,1107.5
B04MPC03B,389874.7893,1429552.72,1107.51,NA,NA,NA,NA,0,389874.7893,1429552.72,1107.51
B04MPC03C,389874.9844,1429553.417,1107.51,NA,NA,NA,NA,0,389874.9844,1429553.417,1107.51
B04MPC04A,389946.2118,1429699.489,1105.6,NA,NA,NA,NA,0,389946.2118,1429699.489,1105.6
B04MPC04B,389945.3357,1429699.658,1105.6,NA,NA,NA,NA,0,389945.3357,1429699.658,1105.6
B04MPC04C,389944.5458,1429699.939,1105.61,NA,NA,NA,NA,0,389944.5458,1429699.939,1105.61
B04MPC09A,389878.9535,1429650.145,1107.33,NA,NA,NA,NA,0,389878.9535,1429650.145,1107.33
B04MPC09B,389883.0483,1429652.938,1107.35,NA,NA,NA,NA,0,389883.0483,1429652.938,1107.35
B04MPC09C,389878.3217,1429648.783,1107.32,NA,NA,NA,NA,0,389878.3217,1429648.783,1107.32
B04MPC14A,389954.8552,1429577.297,1109.33,NA,NA,NA,NA,0,389954.8552,1429577.297,1109.33
B04MPC14B,389953.7757,1429577.662,1109.34,NA,NA,NA,NA,0,389953.7757,1429577.662,1109.34
B04MPC14C,389952.5254,1429578.082,1109.31,NA,NA,NA,NA,0,389952.5254,1429578.082,1109.31
B04PZA,390802.236,1430622.798,1031.96,NA,NA,NA,NA,0,390802.236,1430622.798,1031.96
B04PZB,390795.587,1430620.57,1032.08,NA,NA,NA,NA,0,390795.587,1430620.57,1032.08
B102MW-1,389656.9744,1428034.385,1105.79,1104.33,22.2,37.2,37.2,0,389656.9744,1428034.385,1105.79
B102MW-2,390028.3098,1427754.392,1095.36,1082,21.6,36.6,36.6,0,390028.3098,1427754.392,1095.36
B102MWB,389778.4009,1427791.028,1102.06,1082,203,213,213,0,389778.4009,1427791.028,1102.06
B10518,389387.99,1427244.97,1091.9,NA,NA,NA,NA,0,389387.99,1427244.97,1091.9
B10520,389548.13,1427482.13,1078.76,NA,NA,NA,NA,0,389548.13,1427482.13,1078.76
B10522,389869.95,1427659.54,1093.65,NA,NA,NA,NA,0,389869.95,1427659.54,1093.65
B10524,390226.39,1427502.46,1058.74,NA,NA,NA,NA,0,390226.39,1427502.46,1058.74
B10525,390225.5,1427252.89,1054.2,NA,NA,NA,NA,0,390225.5,1427252.89,1054.2
B10526,389944.15,1427186.62,1084.96,NA,NA,NA,NA,0,389944.15,1427186.62,1084.96
B10527,389838.09,1428133.79,1105.09,1104.79,27,37,37,0,389838.09,1428133.79,1105.09
B10528,390602.84,1426744.99,1077.37,1077.09,53,63,63,0,390602.84,1426744.99,1077.37
B10587,390916.9216,1427296.424,1045.9971,1048.52,10,20,20,0,390916.9216,1427296.424,1045.9971
B10A1,389492.08,1427123.18,1087.21,1090.38,NA,NA,NA,0,389492.08,1427123.18,1087.21
B10A2,389770.4531,1427032.39,1082.95441,1085.67,14.3,34.3,34.3,0,389770.4531,1427032.39,1082.95441
B10B1,389675.55,1427150.47,1080.41,1083.24,22,42,42,0,389675.55,1427150.47,1080.41
B10B10,390129.9107,1426971.037,1080.46229,1082.46,35.25,50.3,50.3,0,390129.9107,1426971.037,1080.46229
B10B11,390220.84,1427287.91,1054.78,1056.13,55.35,95,95,0,390220.84,1427287.91,1054.78
B10B2,389313.54,1427083.2,1091.24,1093.41,19,39,39,0,389313.54,1427083.2,1091.24
B10B4,389537.48,1427226.49,1079.21,1095.25,5.4,20.4,20.4,0,389537.48,1427226.49,1079.21
B10B5,389481.11,1427101.98,1086.73,1089.22,11.4,26.4,26.4,0,389481.11,1427101.98,1086.73
B10B8,389489.59,1427150.9,1084.67,1087.26,35,40,40,0,389489.59,1427150.9,1084.67
B10B9,389474.13,1427130.19,1088.01,1089.99,16,31,31,0,389474.13,1427130.19,1088.01
B10MW1,389255.21,1428289.29,1103.56,1103.33,NA,NA,NA,0,389255.21,1428289.29,1103.56
B10MWA,389765.22,1427798.75,1103.1,1104.33,NA,NA,NA,0,389765.22,1427798.75,1103.1
B10MWC,389258.65,1428290.38,1103.6,1103.12,NA,NA,NA,0,389258.65,1428290.38,1103.6
B10MWD,389925.2,1428068.82,1103,1102.6,26.31,41.63,41.63,0,389925.2,1428068.82,1103
B10MWL,390992.97,1427033.56,1040.87,1043.1,4.5,19.5,19.5,0,390992.97,1427033.56,1040.87
B10MWM,390999.06,1427021.76,1040.48,1043.82,NA,NA,NA,0,390999.06,1427021.76,1040.48
B10VW1,389484.93,1427121.77,1087.32,1087.15,2.5,22.5,22.5,0,389484.93,1427121.77,1087.32
B4MWA,391058.1,1429128.75,1103.8,1103.51,41,56,56,0,391058.1,1429128.75,1103.8
B4MWAA,390201.64,1431421.59,1069.4,1071.47,59.35,74.51,74.51,0,390201.64,1431421.59,1069.4
B4MWBB,389935.31,1430374.37,1093.7,1093.26,29,44.23,44.23,0,389935.31,1430374.37,1093.7
B4MWDD,391954.23,1429350.92,1095.7,1097.9,41,56,56,0,391954.23,1429350.92,1095.7
B4MWF,389651.02,1430751.23,1084.88,1091.62,NA,NA,NA,0,389651.02,1430751.23,1084.88
B4MWFF,391749.14,1429822.1,1099.27,1101.36,NA,NA,NA,0,391749.14,1429822.1,1099.27
B4MWH,390505.9355,1430372.926,1077.076,1076.87,64,79,79,0,390505.9355,1430372.926,1077.076
B4MWHH-A,391039.59,1429828.42,1103.11,1104.08,425,435,435,0,391039.59,1429828.42,1103.11
B4MWHH-B,391041.69,1429830.42,1103.11,1104.08,195,245,245,0,391041.69,1429830.42,1103.11
B4MWI-A,390520.8307,1430367.429,1076.68744,NA,NA,NA,NA,0,390520.8307,1430367.429,1076.68744
B4MWI-B,390524.9307,1430370.929,1076.68744,NA,NA,NA,NA,0,390524.9307,1430370.929,1076.68744
B4MWI-C,390518.4307,1430365.329,1076.68744,NA,NA,NA,NA,0,390518.4307,1430365.329,1076.68744
B4MWQ,390642.23,1430791.46,1062.3,1064.99,NA,NA,NA,0,390642.23,1430791.46,1062.3
B4MWT,389992.37,1429611.25,1109.1,1108.52,NA,NA,NA,0,389992.37,1429611.25,1109.1
B4MWU,390264.7,1430131.16,1095.5,1095.27,104,119,119,0,390264.7,1430131.16,1095.5
B4MWV,390711.45,1429390.55,1107.4,1107.12,83.2,98.2,98.2,0,390711.45,1429390.55,1107.4
B4MWZ,390200,1430984,ND,NA,NA,NA,NA,0,390200,1430984,ND
B6,390636.96,1427025.62,1064.63,NA,18.5,33.5,33.5,0,390636.96,1427025.62,1064.63
B90529,392256.12,1427289.46,1049.23,1048.92,60,70,70,0,392256.12,1427289.46,1049.23
B90554,392124.95,1428730.21,1064.52,1067.52,93,103,103,0,392124.95,1428730.21,1064.52
B90555,392883.71,1427881.77,1053.66,NA,NA,NA,NA,0,392883.71,1427881.77,1053.66
B90A,392437.03,1428500.41,1069.2,1072,13,23,23,0,392437.03,1428500.41,1069.2
B90B,392514.76,1428428.84,1068.03,1069.59,13,23,23,0,392514.76,1428428.84,1068.03
B90B1,392574.48,1428280.7,1065.04,1067.98,33,43,43,0,392574.48,1428280.7,1065.04
B90B10,392485.59,1427310.73,1029.28,1029.9,22.19,32.22,32.22,0,392485.59,1427310.73,1029.28
B90B2,392238.86,1427976.17,1052.58,1054.86,20,30,30,0,392238.86,1427976.17,1052.58
B90B3,392396.03,1427929.04,1051.34,1053.32,20,30,30,0,392396.03,1427929.04,1051.34
B90B4,392563.39,1427930.59,1050.44,1052.13,20,30,30,0,392563.39,1427930.59,1050.44
B90B5,392508.75,1428533.41,1071.69,1072.62,19,29,29,0,392508.75,1428533.41,1071.69
B90B6,392778.84,1428060.62,1055.72,1057.37,18.5,33.5,33.5,0,392778.84,1428060.62,1055.72
B90B7,392353.14,1428569.86,1065.89,1067.64,16,56,56,0,392353.14,1428569.86,1065.89
B90B8,392554.48,1427426.48,1020.4,1021.5,28.56,38.59,38.59,0,392554.48,1427426.48,1020.4
B90BR1,392351.34,1428391.11,1066.38,1068.04,31,31,31,0,392351.34,1428391.11,1066.38
B90BR2,392346.19,1427766.11,1029.82,1030.52,28.12,28.12,28.12,0,392346.19,1427766.11,1029.82
B90BR3,392368.89,1427763.81,1030.68,1032.98,177,223,223,0,392368.89,1427763.81,1030.68
B90C,392535.39,1428414.14,1066.04,1068.27,11.5,21.5,21.5,0,392535.39,1428414.14,1066.04
B90D,392543.85,1428385.68,1066.17,1068.55,14.5,24.5,24.5,0,392543.85,1428385.68,1066.17
B90D1,392313.77,1427791.43,1029.85,1030.31,10.2,30,30,0,392313.77,1427791.43,1029.85
B90D2,392666.39,1427877.37,1040.31,1041.33,17,67,67,0,392666.39,1427877.37,1040.31
B90D3,392148.24,1427814.95,1035.83,1036.71,10,40,40,0,392148.24,1427814.95,1035.83
B90D4,392534.12,1427692.04,1032.07,1035.37,17,47,47,0,392534.12,1427692.04,1032.07
B90D5R,392830.18,1427885.78,1052.64,1053.75,30,75,75,0,392830.18,1427885.78,1052.64
B90D6,392992.55,1428040.58,1042.61,1043.84,16,46,46,0,392992.55,1428040.58,1042.61
B90D7,392861.75,1427407.49,1035.78,1036.9,18,48,48,0,392861.75,1427407.49,1035.78
B90E1,392825.07,1428478.36,1052.92,1054.16,17,57,57,0,392825.07,1428478.36,1052.92
B90E2,393257.9,1428058.85,1031.7,1032.58,13,38,38,0,393257.9,1428058.85,1031.7
B90E3,393692.76,1427382.72,1000.36,999.25,13,28,28,0,393692.76,1427382.72,1000.36
B90E4,392174.1,1427551.02,1057.01,1059.13,40,50,50,0,392174.1,1427551.02,1057.01
B90E5,391863.63,1427868.22,1074.91,1076.36,30,50,50,0,391863.63,1427868.22,1074.91
B90E6,391890.97,1428247.13,1066.38,1067.6,20,45,45,0,391890.97,1428247.13,1066.38
B90E7,392364.59,1427627.74,1020.5,1021.65,NA,NA,NA,0,392364.59,1427627.74,1020.5
B90E9,392343,1427614.01,1021.7,1025.24,3,9,9,0,392343,1427614.01,1021.7
B90MWA,392082.88,1427986.56,1064.4,1066.97,NA,NA,NA,0,392082.88,1427986.56,1064.4
B90MWB,392533.96,1427697.81,1033.6,1034.96,NA,NA,NA,0,392533.96,1427697.81,1033.6
B90MWD,392729.88,1427361.49,1021,1020.75,NA,NA,NA,0,392729.88,1427361.49,1021
B90MWE,391946.82,1428581.78,1069.1,1068.5,NA,NA,NA,0,391946.82,1428581.78,1069.1
B90MWG,392766.32,1427344.88,1020.8,1020.79,40,70,70,0,392766.32,1427344.88,1020.8
B90MWGA,392656.48,1427427.44,1021.7,NA,NA,NA,NA,0,392656.48,1427427.44,1021.7
B90MWH,392763.04,1427785.22,1048.1,1048.08,45,75,75,0,392763.04,1427785.22,1048.1
B90MWI,392126.23,1428795.28,1066.47,1068.73,64,79,79,0,392126.23,1428795.28,1066.47
B90MWJ,393097.64,1427762.67,1046.8,1047.27,NA,NA,NA,0,393097.64,1427762.67,1046.8
B90MWK,392987.74,1427012.35,1004.92,1005.77,NA,NA,NA,0,392987.74,1427012.35,1004.92
B90MWL,392986.95,1427021,1004.72,1006.96,5,20,20,0,392986.95,1427021,1004.72
B90N2,392092.63,1427985.74,1064.16,1067.27,21.5,31.5,31.5,0,392092.63,1427985.74,1064.16
B90PZ1,392667.18,1427766.4,1037.53,1040.27,36.6,46.6,46.6,0,392667.18,1427766.4,1037.53
B90RW1,392574.76,1427773.47,1037.15,1037.25,13.4,73.5,73.5,0,392574.76,1427773.47,1037.15
B90RW2,392669.73,1427838.64,1040.45,1042.62,21.6,71.7,71.7,0,392669.73,1427838.64,1040.45
B90RW3A,392742.72,1427877.13,1043.73,1045.94,16.8,76.8,76.8,0,392742.72,1427877.13,1043.73
BSSD01,387487.7435,1433541.672,1051.4696,NA,NA,NA,NA,0,387487.7435,1433541.672,1051.4696
BSSD02,387671.8557,1433242.187,1048.9081,NA,NA,NA,NA,0,387671.8557,1433242.187,1048.9081
BSSD03,387918.3337,1433000.105,1046.7656,NA,NA,NA,NA,0,387918.3337,1433000.105,1046.7656
BSSD04,389453.8908,1432707.396,1029.388,NA,NA,NA,NA,0,389453.8908,1432707.396,1029.388
BSSD05,390900.6186,1433246.747,1017.9636,NA,NA,NA,NA,0,390900.6186,1433246.747,1017.9636
BSSD06,392067.3853,1422164.717,1000.0893,NA,NA,NA,NA,0,392067.3853,1422164.717,1000.0893
BSSD07,392210.0336,1422002.225,998.18,NA,NA,NA,NA,0,392210.0336,1422002.225,998.18
BSSD08,392599.4728,1421983.48,999.2782,NA,NA,NA,NA,0,392599.4728,1421983.48,999.2782
BSSD09,393954.1596,1418504.37,986.2758,NA,NA,NA,NA,0,393954.1596,1418504.37,986.2758
BSSD10,394188.1398,1418253.255,978.5669,NA,NA,NA,NA,0,394188.1398,1418253.255,978.5669
BSSO01,386754.6373,1431606.915,1073.2544,NA,NA,NA,NA,0,386754.6373,1431606.915,1073.2544
BSSO02,387550.3033,1432046.895,1060.1979,NA,NA,NA,NA,0,387550.3033,1432046.895,1060.1979
BSSO03,387893.5416,1431001.508,1108.1203,NA,NA,NA,NA,0,387893.5416,1431001.508,1108.1203
BSSO04,387237.6535,1429173.374,1107.5486,NA,NA,NA,NA,0,387237.6535,1429173.374,1107.5486
BSSO05,386853.5816,1428925.049,1139.9601,NA,NA,NA,NA,0,386853.5816,1428925.049,1139.9601
BSSO06,386180.99,1427316.603,1088.7732,NA,NA,NA,NA,0,386180.99,1427316.603,1088.7732
BSSO07,395811.2245,1425840.458,989.3579,NA,NA,NA,NA,0,395811.2245,1425840.458,989.3579
BSSO08,394006.3302,1418284.378,999.393,NA,NA,NA,NA,0,394006.3302,1418284.378,999.393
BSSO10,396931.7685,1419323.692,984.8454,NA,NA,NA,NA,0,396931.7685,1419323.692,984.8454
BSSO11,394032.0936,1428661.842,1030.2609,NA,NA,NA,NA,0,394032.0936,1428661.842,1030.2609
BSSO12,395693.2922,1428724.754,953.1759,NA,NA,NA,NA,0,395693.2922,1428724.754,953.1759
BSSO13,395285.8097,1428932.973,968.3158,NA,NA,NA,NA,0,395285.8097,1428932.973,968.3158
BSSO14,394468.6286,1428275.25,1015.6079,NA,NA,NA,NA,0,394468.6286,1428275.25,1015.6079
BSSO15,393775.2066,1427839.344,1023.4094,NA,NA,NA,NA,0,393775.2066,1427839.344,1023.4094
BSSO16,394465.7778,1427663.935,1018.5687,NA,NA,NA,NA,0,394465.7778,1427663.935,1018.5687
BSSO17,394839.6234,1427082.659,974.728,NA,NA,NA,NA,0,394839.6234,1427082.659,974.728
BSSO18,394343.0344,1426246.333,969.3777,NA,NA,NA,NA,0,394343.0344,1426246.333,969.3777
BSSO19,395528.8618,1426438.852,973.4587,NA,NA,NA,NA,0,395528.8618,1426438.852,973.4587
BSSO20,395754.6604,1426153.781,986.5967,NA,NA,NA,NA,0,395754.6604,1426153.781,986.5967
BSSO21,397426.9716,1426288.037,987.4285,NA,NA,NA,NA,0,397426.9716,1426288.037,987.4285
BSSO22,396730.729,1425686.35,976.9142,NA,NA,NA,NA,0,396730.729,1425686.35,976.9142
BSSO23,399070.563,1424266.409,1010.654,NA,NA,NA,NA,0,399070.563,1424266.409,1010.654
BSSO24,394019.4431,1419149.892,1020.1182,NA,NA,NA,NA,0,394019.4431,1419149.892,1020.1182
BSSO25,394990.0363,1418650.647,991.6946,NA,NA,NA,NA,0,394990.0363,1418650.647,991.6946
BSSO26,398313.592,1421829.315,967.2901,NA,NA,NA,NA,0,398313.592,1421829.315,967.2901
BSSO27,394905.9208,1420097.966,1024.0453,NA,NA,NA,NA,0,394905.9208,1420097.966,1024.0453
BSSO28,397383.2503,1418590.086,963.4952,NA,NA,NA,NA,0,397383.2503,1418590.086,963.4952
C5MW01,393984.79,1419943.95,1020.25,1019.33,20,30,30,0,393984.79,1419943.95,1020.25
C5MW02,394484.03,1421070.69,992.49,992.36,19,28.5,28.5,0,394484.03,1421070.69,992.49
C5MW03,394558.86,1421193.43,990.14,992.84,19.13,29.13,29.13,0,394558.86,1421193.43,990.14
C5MW04,394674.67,1421237.93,975.55,978.18,9,19,19,0,394674.67,1421237.93,975.55
C5MW05,394694.91,1421239.89,976.43,978.52,45,141,141,0,394694.91,1421239.89,976.43
C5MW06,394477.12,1421065.05,992.52,992.23,36,130,130,0,394477.12,1421065.05,992.52
C5MW07,394699.32,1420190.62,1026.31,1026.04,68,162,162,0,394699.32,1420190.62,1026.31
C5MW08,393994.86,1419943.43,1019.95,1019.63,67,161,161,0,393994.86,1419943.43,1019.95
C5MW09,394542.13,1420918.6,993.28,995.58,5,20,20,0,394542.13,1420918.6,993.28
C5MW10,394622.08,1420984.79,993.39,995.87,17,32,32,0,394622.08,1420984.79,993.39
C5MW11,394584.06,1421077.79,992.69,994.81,17,32,32,0,394584.06,1421077.79,992.69
C5MW12,394351.14,1421111.62,1006.89,1009.1,21,36,36,0,394351.14,1421111.62,1006.89
C5MW13,394476.54,1421250.42,1001.62,1001.35,23,38,38,0,394476.54,1421250.42,1001.62
C5MW14,394609.78,1421323.2,978.19,980.45,5,20,20,0,394609.78,1421323.2,978.19
C5MW15,394691.85,1421158.3,981.76,984.16,5,20,20,0,394691.85,1421158.3,981.76
C5MW16,393911.55,1421014.42,1008.87,1008.55,14,29,29,0,393911.55,1421014.42,1008.87
C5MW17,394539.44,1421015.01,993.05,992.84,13,28,28,0,394539.44,1421015.01,993.05
C5MW18,394532.66,1421057.32,992.83,992.59,14,29,29,0,394532.66,1421057.32,992.83
C5MW19,394520.15,1421131.68,992.18,994.41,13,28,28,0,394520.15,1421131.68,992.18
C5RW-1,394306.62,1420859.21,1015.53,1017.82,NA,NA,NA,0,394306.62,1420859.21,1015.53
D1-12,397698.51,1419811.03,984.8,NA,NA,NA,NA,0,397698.51,1419811.03,984.8
D1-13,397866.71,1419246.41,973.1,NA,NA,NA,NA,0,397866.71,1419246.41,973.1
D1-14,397943.71,1418781.52,952.4,NA,NA,NA,NA,0,397943.71,1418781.52,952.4
D1-15,398287.69,1419056.99,949.9,NA,NA,NA,NA,0,398287.69,1419056.99,949.9
D1-20,397904.53,1418690.41,951.9,NA,NA,NA,NA,0,397904.53,1418690.41,951.9
D1-21,398178.45,1418893.46,950.18,NA,NA,NA,NA,0,398178.45,1418893.46,950.18
D2-22,395654.48,1422421.81,979.78,NA,NA,NA,NA,0,395654.48,1422421.81,979.78
D2-23,395340.43,1422519.57,974.47,NA,NA,NA,NA,0,395340.43,1422519.57,974.47
D2-6,395667.25,1422852.35,999.8,NA,NA,NA,NA,0,395667.25,1422852.35,999.8
D2-7,395649.15,1422562.01,986.1,NA,NA,NA,NA,0,395649.15,1422562.01,986.1
D2-8,395464.62,1422487.26,982.2,NA,NA,NA,NA,0,395464.62,1422487.26,982.2
D3-24,392577.2909,1425895.276,982.88,1053.52,8,18,18,0,392577.2909,1425895.276,982.88
D3-3,392339.5,1425685,1011.9,NA,NA,NA,NA,0,392339.5,1425685,1011.9
D3-32,392502.6,1425731,978.03,NA,NA,NA,NA,0,392502.6,1425731,978.03
D3-33,392262.6,1425659,1016.44,NA,NA,NA,NA,0,392262.6,1425659,1016.44
D3-4,392236.8,1425712,1014.7,NA,NA,NA,NA,0,392236.8,1425712,1014.7
D3-5,391979.8,1425353,1028.6,NA,NA,NA,NA,0,391979.8,1425353,1028.6
D4-1,391976.18,1426157.71,1026.1,1028.77,6.5,31.5,31.5,0,391976.18,1426157.71,1026.1
D4-2,392419.9,1425957,997.3,999.59,10,30,30,0,392419.9,1425957,997.3
D5-10,390388.52,1427076.57,1059.15,1062.1,9.5,29.5,29.5,0,390388.52,1427076.57,1059.15
D5-11,390576.62,1427075.62,1063.3,1065.51,11,36,36,0,390576.62,1427075.62,1063.3
D5-26,390495.33,1427185.19,1052.68,1053.95,8,18,18,0,390495.33,1427185.19,1052.68
D5-34,390414.37,1427179.98,1053.7,1055.68,4,14,14,0,390414.37,1427179.98,1053.7
D5-35,390696.92,1427107.03,1059.12,1061.35,17,27,27,0,390696.92,1427107.03,1059.12
D5-36,390776.25,1427016.03,1061.5,1061.92,11,21,21,0,390776.25,1427016.03,1061.5
D5-37,390890.48,1426919.05,1053.49,1055.96,20,30,30,0,390890.48,1426919.05,1053.49
D5-48,390210.4,1426771,1072.48,1074.93,15,30,30,0,390210.4,1426771,1072.48
D5-49,390915.7,1427094,1041.2,1043.83,3,12,12,0,390915.7,1427094,1041.2
D5-50,390758.48,1427370.5,1049.58,1052.83,7,18,18,0,390758.48,1427370.5,1049.58
D5-51,390411.1,1426970,1071.6,NA,NA,NA,NA,0,390411.1,1426970,1071.6
D5-9,390448.73,1426727.32,1078.83,1081.45,29.5,49.5,49.5,0,390448.73,1426727.32,1078.83
D6-16,391460.88,1426774.31,1044.1,1047.63,24,44,44,0,391460.88,1426774.31,1044.1
D6-27,391576.7,1426763,1025.64,1027.93,12,22,22,0,391576.7,1426763,1025.64
D6-28,391560.9,1426639,1033.82,1035.15,25,35,35,0,391560.9,1426639,1033.82
D6-30,391144.74,1426482.65,1050.21,1052.62,24,34,34,0,391144.74,1426482.65,1050.21
D6-38,391585.29,1426856.78,1014.1,1015.52,5.5,15.5,15.5,0,391585.29,1426856.78,1014.1
D6-39,391582.48,1426861.63,1014.2,1015.85,13.5,23.5,23.5,0,391582.48,1426861.63,1014.2
D6-40,391653.21,1426489.32,1018.79,1020.98,5,20,20,0,391653.21,1426489.32,1018.79
DPT500,388769.82,1430867.27,1100.89,NA,NA,NA,NA,0,388769.82,1430867.27,1100.89
DPT501,388301.57,1431897.85,1094,NA,NA,NA,NA,0,388301.57,1431897.85,1094
DPT502,389133.22,1427850.33,1109.5,NA,NA,NA,NA,0,389133.22,1427850.33,1109.5
DPT503,388043.84,1431129.19,1094,NA,NA,NA,NA,0,388043.84,1431129.19,1094
DPT504,386930.34,1431792.08,1079.79,NA,NA,NA,NA,0,386930.34,1431792.08,1079.79
DPT505,386594.55,1431023.97,1100.51,NA,NA,NA,NA,0,386594.55,1431023.97,1100.51
DPT506,386649.51,1430336.3,1100.51,NA,NA,NA,NA,0,386649.51,1430336.3,1100.51
DPT507,388453.15,1427425.03,1105.15,NA,NA,NA,NA,0,388453.15,1427425.03,1105.15
DPT508,387407.73,1430146.54,1111.02,NA,NA,NA,NA,0,387407.73,1430146.54,1111.02
DPT509,387852.12,1430379.69,1108.21,NA,NA,NA,NA,0,387852.12,1430379.69,1108.21
DPT510,389418.01,1428424.45,1103.56,NA,NA,NA,NA,0,389418.01,1428424.45,1103.56
DPT511,389105.3,1428479.73,1103.56,NA,NA,NA,NA,0,389105.3,1428479.73,1103.56
DPT512,388108.88,1427141.85,1077.49,NA,NA,NA,NA,0,388108.88,1427141.85,1077.49
DPT513,388247.42,1430043.76,1108.21,NA,NA,NA,NA,0,388247.42,1430043.76,1108.21
DPT514,388981.11,1429813.64,1108.21,NA,NA,NA,NA,0,388981.11,1429813.64,1108.21
DPT515,389435.71,1429623.64,1108.21,NA,NA,NA,NA,0,389435.71,1429623.64,1108.21
DPT516,389684.29,1429704.2,1108.21,NA,NA,NA,NA,0,389684.29,1429704.2,1108.21
DPT517,389640.45,1429284.57,1110.39,NA,NA,NA,NA,0,389640.45,1429284.57,1110.39
DPW-1,389920.93,1429639.01,1109.37,1108.74,14,114,114,0,389920.93,1429639.01,1109.37
DPW-2,389880.03,1429699.26,1107.17,1106.56,10,180,180,0,389880.03,1429699.26,1107.17
DPW-3,389978.84,1429670.75,1109.47,1108.86,10,155,155,0,389978.84,1429670.75,1109.47
DW-1,394722.33,1421249.03,977.26,NA,NA,NA,NA,0,394722.33,1421249.03,977.26
G12-1,394642,1421294,991.45,973.34,4,24,24,0,394642,1421294,991.45
G12-2,393789,1422017,992.97,1008.88,15.5,35.5,35.5,0,393789,1422017,992.97
G12-3,393739,1421760,1061.82,993.45,5.5,20.5,20.5,0,393739,1421760,1061.82
G12-4,393770,1421873,1038.54,995.47,6,26,26,0,393770,1421873,1038.54
ITD1,389234.23,1427520.43,1098.74,1100.52,62,85,85,0,389234.23,1427520.43,1098.74
ITD2,390053.33,1427270.95,1087.04,1088.12,110,125,125,0,390053.33,1427270.95,1087.04
ITD3,389856.3904,1426870.067,1075.53785,1077.27,NA,NA,NA,0,389856.3904,1426870.067,1075.53785
ITD4,389418.67,1427247.8,1091.63,1093.09,NA,NA,NA,0,389418.67,1427247.8,1091.63
ITD5,389794.39,1427246.93,1079.99,1082.94,102,117,117,0,389794.39,1427246.93,1079.99
ITD6,389880.42,1427387.01,1089.09,1089.41,NA,NA,NA,0,389880.42,1427387.01,1089.09
ITD7,389865.85,1427483.45,1089.87,1091.8,135,150,150,0,389865.85,1427483.45,1089.87
ITD8,389104.8,1427536.4,1100.1,1101.53,NA,NA,NA,0,389104.8,1427536.4,1100.1
ITS1,389775.16,1427572.72,1083.43,1085.17,10.47,30.47,30.47,0,389775.16,1427572.72,1083.43
ITS10,389770.65,1427800.46,1102.44,1105.32,35.3,60.3,60.3,0,389770.65,1427800.46,1102.44
ITS11,389261.15,1427265.76,1094.61,1097.12,21.7,41.7,41.7,0,389261.15,1427265.76,1094.61
ITS2,390112.42,1427579.73,1074.24,1075.93,6,26,26,0,390112.42,1427579.73,1074.24
ITS3,390049.29,1427293.58,1087.37,1089.23,24,39,39,0,390049.29,1427293.58,1087.37
ITS4,389499.23,1427381.25,1079.46,1081.52,8.5,38.5,38.5,0,389499.23,1427381.25,1079.46
ITS5,389468.5403,1426715.736,1074.28045,1076.85,11.4,26.4,26.4,0,389468.5403,1426715.736,1074.28045
ITS6,389970.4317,1426726.305,1076.18844,1078.12,19,39,39,0,389970.4317,1426726.305,1076.18844
ITS7,390200.26,1426950.41,1066.22,1068.89,13,33,33,0,390200.26,1426950.41,1066.22
ITS8,390358.11,1427060.23,1074.28045,1063.09,5.4,20.4,20.4,0,390358.11,1427060.23,1074.28045
ITS9,390460.45,1427309.68,1056.47,1058.59,10,40,40,0,390460.45,1427309.68,1056.47
L11 MW-11,392355.77,1420830.04,1016.78,NA,NA,NA,NA,0,392355.77,1420830.04,1016.78
L11 MW-12,392016.78,1420763.43,1018.01,NA,NA,NA,NA,0,392016.78,1420763.43,1018.01
L11 MW-13,391861.34,1421160.94,1019.45,NA,NA,NA,NA,0,391861.34,1421160.94,1019.45
L11 MW-14,392102.21,1421234.16,1018.43,NA,NA,NA,NA,0,392102.21,1421234.16,1018.43
L11 MW-15,392309.34,1421115.18,1016.83,NA,NA,NA,NA,0,392309.34,1421115.18,1016.83
L45 MW-1,392113.27,1420322.15,1021.95,NA,NA,NA,NA,0,392113.27,1420322.15,1021.95
L45 MW-2,392349.71,1420556.69,1022.72,NA,NA,NA,NA,0,392349.71,1420556.69,1022.72
L45 MW-3,392808.48,1420543.11,1022.79,NA,NA,NA,NA,0,392808.48,1420543.11,1022.79
L45 MW-4,392871.2,1420373,1022.2,NA,NA,NA,NA,0,392871.2,1420373,1022.2
L45 MW-6,392378.03,1420233.34,1021.88,NA,NA,NA,NA,0,392378.03,1420233.34,1021.88
L6 MW-10,391996.39,1421780.89,1024.1,NA,NA,NA,NA,0,391996.39,1421780.89,1024.1
L6 MW-7,391924.18,1422038.66,1026.83,NA,NA,NA,NA,0,391924.18,1422038.66,1026.83
L6 MW-8,391560.3,1421880.91,1024.35,NA,NA,NA,NA,0,391560.3,1421880.91,1024.35
L6 MW-9,391778.32,1421780.46,1026.57,NA,NA,NA,NA,0,391778.32,1421780.46,1026.57
L65 MW-16,393074.81,1419089.84,1041.54,NA,NA,NA,NA,0,393074.81,1419089.84,1041.54
L65 MW-17,392994.54,1418851.33,1052.53,NA,NA,NA,NA,0,392994.54,1418851.33,1052.53
MP1-2-D,389919.388,1429702.443,1106.61,NA,NA,NA,NA,0,389919.388,1429702.443,1106.61
MP1-2-I,389914.956,1429699.21,1106.61,NA,NA,NA,NA,0,389914.956,1429699.21,1106.61
MP1-2-S,389914.151,1429697.54,1106.61,NA,NA,NA,NA,0,389914.151,1429697.54,1106.61
MW-03-201A,388623.017,1432402.087,1040.98,NA,NA,NA,NA,0,388623.017,1432402.087,1040.98
MW-03-201B,388603.907,1432413.389,1040.36,NA,NA,NA,NA,0,388603.907,1432413.389,1040.36
MW-03-202A,390362.803,1432200.601,1064.02,1063.72,190.15,200.15,200.15,0,390362.803,1432200.601,1064.02
MW-03-202B,390363.627,1432185.85,1064.05,1063.71,67.6,87.6,87.6,0,390363.627,1432185.85,1064.05
MW-03-203A,392065.631,1432473.829,1057.4,NA,NA,NA,NA,0,392065.631,1432473.829,1057.4
MW-03-203B,392081.999,1432473.241,1058.74,1058.62,78.66,88.66,88.66,0,392081.999,1432473.241,1058.74
MW-03-204A,394294.575,1432266.855,1040.88,NA,NA,NA,NA,0,394294.575,1432266.855,1040.88
MW-03-204B,394306.94,1432268.12,1041.5,1044.49,524.3,534.3,534.3,0,394306.94,1432268.12,1041.5
MW-03-205A,393138.079,1431144.002,1004.86,1007.68,94.7,104.7,104.7,0,393138.079,1431144.002,1004.86
MW-03-205B,393126.48,1431134.955,1003.94,1007.56,20.49,30.49,30.49,0,393126.48,1431134.955,1003.94
MW-03-206A,394833.275,1430744.973,1047.41,NA,NA,NA,NA,0,394833.275,1430744.973,1047.41
MW-03-206B,394836.67,1430744.334,1047.41,1047.19,129.9,139.9,139.9,0,394836.67,1430744.334,1047.41
MW-03-206C,394836.466,1430722.427,1047.22,NA,NA,NA,NA,0,394836.466,1430722.427,1047.22
MW-03-207A,392953.647,1428604.198,1054.89,NA,NA,NA,NA,0,392953.647,1428604.198,1054.89
MW-03-207B,392952.751,1428604.375,1054.89,NA,NA,NA,NA,0,392952.751,1428604.375,1054.89
MW-03-207C,392949.391,1428585.744,1053.53,NA,NA,NA,NA,0,392949.391,1428585.744,1053.53
MW-03-208A,393928.564,1429173.506,1041.46,1041.18,264.9,274.9,274.9,0,393928.564,1429173.506,1041.46
MW-03-208B,393926.69,1429168.596,1041.46,1041.18,155.3,165.3,165.3,0,393926.69,1429168.596,1041.46
MW-03-208C,393931.026,1429151.395,1042.51,1042.14,54,64,64,0,393931.026,1429151.395,1042.51
MW-03-209A,394845.406,1429558.509,959.17,NA,NA,NA,NA,0,394845.406,1429558.509,959.17
MW-03-209B,394789.79,1429638.638,956.01,960.85,33.98,43.98,43.98,0,394789.79,1429638.638,956.01
MW-03-209C,394836.503,1429567.981,958.82,958.44,7,12,12,0,394836.503,1429567.981,958.82
MW-03-210A,394334.71,1427776.822,1019.16,NA,NA,NA,NA,0,394334.71,1427776.822,1019.16
MW-03-210B,394319.652,1427778.326,1018.88,NA,NA,NA,NA,0,394319.652,1427778.326,1018.88
MW-03-211A,396435.673,1427812.742,959.73,NA,NA,NA,NA,0,396435.673,1427812.742,959.73
MW-03-211B,396434.31,1427793.992,959.61,NA,NA,NA,NA,0,396434.31,1427793.992,959.61
MW-03-212A,390351.651,1433278.285,1027.27,1030.12,252.9,267.9,267.9,0,390351.651,1433278.285,1027.27
MW-03-212B,390361.505,1433268.745,1027.75,1027.46,63,73,73,0,390361.505,1433268.745,1027.75
MW-16,392640,1423570,1025,NA,NA,NA,NA,0,392640,1423570,1025
MW-17,392040,1423490,1057,NA,NA,NA,NA,0,392040,1423490,1057
MW-18,392200,1423490,1030.5,NA,NA,NA,NA,0,392200,1423490,1030.5
MW-2,389668.68,1429091.72,1110.39,1111.5,NA,NA,NA,0,389668.68,1429091.72,1110.39
MW-35,392210,1423580,1030.78,1033.61,15,25,25,0,392210,1423580,1030.78
MW-36,392290,1423580,1029.91,1032.84,20,30,30,0,392290,1423580,1029.91
MW-37,392230,1423530,1030.76,1033.47,20,30,30,0,392230,1423530,1030.76
MW-38,392200,1423440,1030.51,1033.34,12,22,22,0,392200,1423440,1030.51
MW-39,392190,1423420,1030.82,1033.52,16,26,26,0,392190,1423420,1030.82
MW-42,392300,1423470,1031.05,1031.05,20,30,30,0,392300,1423470,1031.05
MW-W1,389787.91,1429465.25,1107.2,1106.12,30,40,40,0,389787.91,1429465.25,1107.2
MW-W1R,389781.24,1429468.37,1107.26,1107.05,30,40,40,0,389781.24,1429468.37,1107.26
MW-W2,390408.67,1429978.66,1092.73,1093.79,180,190,190,0,390408.67,1429978.66,1092.73
MW-W3,391789.54,1430354.63,1078.6,1078.54,176,186,186,0,391789.54,1430354.63,1078.6
MW-W4,391681.44,1430504.59,1064.1,1063.57,60,70,70,0,391681.44,1430504.59,1064.1
MW-W5,391876.28,1430396.41,1073.2,1073.16,190,200,200,0,391876.28,1430396.41,1073.2
MW-W6,392045.4,1430453.14,1053.7,1052.18,77,87,87,0,392045.4,1430453.14,1053.7
MW-W7,391889.55,1430548.97,1039.15,1039.15,41,51,51,0,391889.55,1430548.97,1039.15
MW00-101,392085.96,1431729.7,1024.11,1024.14,198,213,213,0,392085.96,1431729.7,1024.11
MW00-102A,391997.03,1431220.32,1006.33,1008.86,265,280,280,0,391997.03,1431220.32,1006.33
MW00-102B,391965.62,1431219.43,1006.09,1008.86,20.5,27.5,27.5,0,391965.62,1431219.43,1006.09
MW00-103A,392436.81,1431510.42,1051.1,1053.89,521,551,551,0,392436.81,1431510.42,1051.1
MW00-103B,392428.21,1431505.43,1050.98,1053.29,88,98,98,0,392428.21,1431505.43,1050.98
MW00-104,392212.34,1430917.09,1002.83,1005.86,263,278,278,0,392212.34,1430917.09,1002.83
MW00-105A,392962.31,1430136.74,1023.93,1026.78,180,195,195,0,392962.31,1430136.74,1023.93
MW00-105B,392951.95,1430137.25,1024.02,1026.3,18.8,23.8,23.8,0,392951.95,1430137.25,1024.02
MW00-106A,393803.59,1430537.35,998.8,998.58,265.6,280.6,280.6,0,393803.59,1430537.35,998.8
MW00-106B,393802.26,1430537.37,998.8,998.65,75.6,90.6,90.6,0,393802.26,1430537.37,998.8
MW00-107A,392362.04,1429312.36,1071.3,1073.26,286,301,301,0,392362.04,1429312.36,1071.3
MW00-107B,392359.08,1429314.62,1071.3,1073.29,128,143,143,0,392359.08,1429314.62,1071.3
MW00-107C,392360.04,1429299.33,1071.28,1073.29,55,65,65,0,392360.04,1429299.33,1071.28
MW03,387688.97,1429045.07,1110.53,1112.58,10,20,20,0,387688.97,1429045.07,1110.53
MW1,390098.28,1430102.41,1098.35,1097.88,25.5,30.5,30.5,0,390098.28,1430102.41,1098.35
MW1-DARB,397965.34,1421182.38,ND,NA,NA,NA,NA,0,397965.34,1421182.38,ND
MW11,391342.65,1428154.17,1066.36,NA,NA,NA,NA,0,391342.65,1428154.17,1066.36
MW13,394599.35,1421929.44,992.41,NA,NA,NA,NA,0,394599.35,1421929.44,992.41
MW14,394405.17,1420769.71,1021.95,1023.22,NA,NA,NA,0,394405.17,1420769.71,1021.95
MW15,394150.54,1420914.67,1008.81,1010.1,NA,NA,NA,0,394150.54,1420914.67,1008.81
MW19,391130,1422530,ND,NA,NA,NA,NA,0,391130,1422530,ND
MW2-DARB,398077.41,1420947.88,ND,NA,NA,NA,NA,0,398077.41,1420947.88,ND
MW20,392030,1421180,ND,0,NA,NA,NA,0,392030,1421180,ND
MW21,392020,1420690,ND,0,NA,NA,NA,0,392020,1420690,ND
MW22,389246.87,1427501.11,1098.09,1100.11,36.5,41.5,41.5,0,389246.87,1427501.11,1098.09
MW23,389708.4,1427253.61,1080.37,1083.73,35,40,40,0,389708.4,1427253.61,1080.37
MW24,389890.98,1427303.14,1088.75,1090.76,39.8,44.8,44.8,0,389890.98,1427303.14,1088.75
MW25,389841.18,1427469.74,1085.83,1087.89,32,37,37,0,389841.18,1427469.74,1085.83
MW26,389939.7179,1429596.936,1109.52509,1112.11,44.8,49.8,49.8,0,389939.7179,1429596.936,1109.52509
MW27,390355.32,1429988.4,1094.14,1096.81,50,55,55,0,390355.32,1429988.4,1094.14
MW29,390849.29,1430558.13,1039.49,1042.67,25.5,30.5,30.5,0,390849.29,1430558.13,1039.49
MW3-DARB,397947.38,1420795.65,ND,NA,NA,NA,NA,0,397947.38,1420795.65,ND
MW30A,391100.59,1430872.21,1027,1030.18,20.5,25.5,25.5,0,391100.59,1430872.21,1027
MW30AR,391101.5086,1430876.893,1026.648179,1030.18,20.5,25.5,25.5,0,391101.5086,1430876.893,1026.648179
MW30B,391096.78,1430876.38,1027.3,1029.55,52,62,62,0,391096.78,1430876.38,1027.3
MW30BR,391097.3969,1430881.343,1026.195551,1030.18,20.5,25.5,25.5,0,391097.3969,1430881.343,1026.195551
MW31,390991.64,1430196.22,1063.2,1065.54,25.5,30.5,30.5,0,390991.64,1430196.22,1063.2
MW32,394313.23,1420858,1015.64,1017.65,NA,NA,NA,0,394313.23,1420858,1015.64
MW33,394336.55,1420622.66,1015.24,1017.72,NA,NA,NA,0,394336.55,1420622.66,1015.24
MW34,394266.76,1420728.98,1013.57,1016.54,NA,NA,NA,0,394266.76,1420728.98,1013.57
MW34B,394267.99,1420728.63,1013.81,1015.93,NA,NA,NA,0,394267.99,1420728.63,1013.81
MW40,392180,1423510,ND,NA,NA,NA,NA,0,392180,1423510,ND
MW41,392160,1423420,1015.13,NA,2.1,7.1,7.1,0,392160,1423420,1015.13
MW43,394447.08,1420872.04,995.48,997.62,NA,NA,NA,0,394447.08,1420872.04,995.48
MW43B,394451.38,1420866.52,995.4,997.75,NA,NA,NA,0,394451.38,1420866.52,995.4
MW44,394138.75,1421026.36,1009.09,1011.94,NA,NA,NA,0,394138.75,1421026.36,1009.09
MW45,394205.14,1420847.94,1011.62,1013.76,NA,NA,NA,0,394205.14,1420847.94,1011.62
MW46,394257.04,1420971.83,1006.37,1008.65,NA,NA,NA,0,394257.04,1420971.83,1006.37
MW47,394412.17,1421032.81,994.99,997.27,NA,NA,NA,0,394412.17,1421032.81,994.99
MW48,394512.81,1421959.15,996.25,998.96,16,26,26,0,394512.81,1421959.15,996.25
MW49,394583.26,1421841.83,992.49,992.81,16,26,26,0,394583.26,1421841.83,992.49
MW5,390538.26,1430020.14,1086.96,1089.47,56,66,66,0,390538.26,1430020.14,1086.96
MW50A,394390.14,1420953.86,995.26,997.96,10,20,20,0,394390.14,1420953.86,995.26
MW50B,394396.14,1420950.73,995.39,997.65,NA,NA,NA,0,394396.14,1420950.73,995.39
MW51,394055.14,1420704.8,1012.76,921.09,8,18,18,0,394055.14,1420704.8,1012.76
MW51-COE,394720,1421890,ND,1012.71,13.5,33.5,33.5,0,394720,1421890,ND
MW52,391791.33,1430049.17,1089.32,1091.43,17,27,27,0,391791.33,1430049.17,1089.32
MW52-COE,394066.4,1420841.71,1011.7,1011.36,19,39,39,0,394066.4,1420841.71,1011.7
MW53,391515.65,1430113.84,1099.78,1102.4,18.5,28.5,28.5,0,391515.65,1430113.84,1099.78
MW53-COE,394508.24,1420633.87,1037.42,1039.97,32.4,52.4,52.4,0,394508.24,1420633.87,1037.42
MW54,391469.75,1430193.22,1082.64,1084.93,20,30,30,0,391469.75,1430193.22,1082.64
MW54-COE,394682.39,1420480.09,1047.91,1050.7,38,45.5,45.5,0,394682.39,1420480.09,1047.91
MW55-COE,394068.65,1420951.06,1010.1,1009.98,20,40,40,0,394068.65,1420951.06,1010.1
MW56,391363.95,1430438.33,1068.1,1070.4,14,24,24,0,391363.95,1430438.33,1068.1
MW56-COE,394334.95,1420809.79,1017.93,1017.66,20,40,40,0,394334.95,1420809.79,1017.93
MW57,394194.66,1420946.58,1008.03,1008.03,16,36,36,0,394194.66,1420946.58,1008.03
MW58-COE,394344.18,1420905.29,1004.1,1007.14,12,27,27,0,394344.18,1420905.29,1004.1
MW59-COE,394128.48,1420967.63,1009.94,1009.75,19,44,44,0,394128.48,1420967.63,1009.94
MW6,390375.42,1429767.19,1106.97,1108.51,NA,NA,NA,0,390375.42,1429767.19,1106.97
MW60-COE,394256.77,1420921.87,1005.45,1008.33,13.5,33.5,33.5,0,394256.77,1420921.87,1005.45
MW7,391637.29,1430175.61,969.93,1101.18,NA,NA,NA,0,391637.29,1430175.61,969.93
MW9,389713,1427563.19,1079.26,1080.57,32,37,37,0,389713,1427563.19,1079.26
MW99-01A,391862.77,1430282.71,1084.88,1084.87,100,120,120,0,391862.77,1430282.71,1084.88
MW99-01B,391848.73,1430293.32,1084.92,1084.91,30,40,40,0,391848.73,1430293.32,1084.92
MW99-02A,391966.05,1430054,1083.04,1082.78,110,130,130,0,391966.05,1430054,1083.04
MW99-02B,391952.99,1430041.29,1083.22,1083.08,19,24,24,0,391952.99,1430041.29,1083.22
MW99-03A,392173.86,1429864.13,1065.46,1065.1,170,194,194,0,392173.86,1429864.13,1065.46
MW99-03B,392176.46,1429864.63,1065.46,1065.21,54,75,75,0,392176.46,1429864.63,1065.46
MWG1,389951.44,1429630.23,1109.2,1111.87,102.3,127,127,0,389951.44,1429630.23,1109.2
MWG10,390358.87,1430287.86,1080.29,1082.95,53.5,63.5,63.5,0,390358.87,1430287.86,1080.29
MWG11,390841.83,1430616.58,1035.01,1037.55,62,87,87,0,390841.83,1430616.58,1035.01
MWG12,391633.43,1429886.81,1100.53,1102.91,20,40.7,40.7,0,391633.43,1429886.81,1100.53
MWG14,391368.36,1430003.25,1101.7,1100.66,7.5,20.8,20.8,0,391368.36,1430003.25,1101.7
MWG15,391335.53,1430101.7,1091.32,1093.6,27,37,37,0,391335.53,1430101.7,1091.32
MWG16,391645.56,1430136.14,1100.54,1102.86,15,35,35,0,391645.56,1430136.14,1100.54
MWG17,391718.66,1430136.86,1099.18,1101.87,18.8,28.8,28.8,0,391718.66,1430136.86,1099.18
MWG19,391646.29,1430132.59,1100.65,1102.96,55,60,60,0,391646.29,1430132.59,1100.65
MWG1A,389950.3739,1429626.73,1109.08716,1111.68,60.7,71,71,0,389950.3739,1429626.73,1109.08716
MWG2,390162.47,1429689.52,1108.88,1111.45,65.5,83.5,83.5,0,390162.47,1429689.52,1108.88
MWG20,391635.89,1430299.92,1083.69,1086.13,19.8,29.8,29.8,0,391635.89,1430299.92,1083.69
MWG21,391354.63,1430435.35,1068.43,1070.27,31.2,41.2,41.2,0,391354.63,1430435.35,1068.43
MWG22,391499.62,1430490.72,1069.1,1071.27,36.5,46.5,46.5,0,391499.62,1430490.72,1069.1
MWG24,394277.95,1420835.69,1014.22,1015.96,NA,NA,NA,0,394277.95,1420835.69,1014.22
MWG3,389836.31,1429719.02,1104.47,1107.31,30.5,48,48,0,389836.31,1429719.02,1104.47
MWG31,390990.74,1430197.22,1063.17,NA,NA,NA,NA,0,390990.74,1430197.22,1063.17
MWG3R,389835.96,1429722.61,1104.47,1105.11,32.5,47.5,47.5,0,389835.96,1429722.61,1104.47
MWG4,390562.01,1429820.81,1105.18,1108.55,66.8,76.8,76.8,0,390562.01,1429820.81,1105.18
MWG5,390432.26,1429974.05,1090.75,1093.58,65.7,80.7,80.7,0,390432.26,1429974.05,1090.75
MWG5-5R,390639.06,1430789.88,1062.45,1064.9,67.9,82.9,82.9,0,390639.06,1430789.88,1062.45
MWG5-6,390729.87,1430718.45,1038.8,1041.04,16.5,36.5,36.5,0,390729.87,1430718.45,1038.8
MWG6,390485.37,1430546.76,1074.66,1075.84,49.5,59.5,59.5,0,390485.37,1430546.76,1074.66
MWG7,390844.21,1429759.71,1104.49,1107.14,41.5,51.5,51.5,0,390844.21,1429759.71,1104.49
MWOS-01,390640.46,1431650.49,1040.65,1040.64,NA,NA,NA,0,390640.46,1431650.49,1040.65
MWOS-02,391425.44,1431128.09,1012.73,1012.63,NA,NA,NA,0,391425.44,1431128.09,1012.73
MWOS-03,391430.84,1431125.09,1012.73,1015.85,11,21,21,0,391430.84,1431125.09,1012.73
MWOS-04,391797.52,1430389.51,1075.16,1078.09,13,23,23,0,391797.52,1430389.51,1075.16
MWOS-05,393325.98,1430614.96,1007.08,1007.4,NA,NA,NA,0,393325.98,1430614.96,1007.08
MWOS-06,393320.94,1430613.01,1008.56,1008.06,31.5,41.5,41.5,0,393320.94,1430613.01,1008.56
MWOS-07,393806.29,1430549.17,998.55,997.98,NA,NA,NA,0,393806.29,1430549.17,998.55
MWOS-08,393811.45,1430544.02,998.45,998.03,14,24,24,0,393811.45,1430544.02,998.45
MWOS-09,392250.5,1430914.92,1002.99,1003.05,51.5,61.5,61.5,0,392250.5,1430914.92,1002.99
MWOS-10,392239.14,1430920.36,1002.99,1003.13,NA,NA,NA,0,392239.14,1430920.36,1002.99
MWOS-11,392353.4,1430980.6,1009.94,1013.38,35,45,45,0,392353.4,1430980.6,1009.94
MWOS-12,392352.28,1430989.71,1012.21,1015.75,NA,NA,NA,0,392352.28,1430989.71,1012.21
OB,391103,1430908.8,ND,NA,NA,NA,NA,0,391103,1430908.8,ND
OB101A,390064.98,1427209.87,1085.04,1084.79,38.47,78.51,78.51,0,390064.98,1427209.87,1085.04
OB103A,389705.84,1427040.19,1083.64,1083.38,29.34,69.34,69.34,0,389705.84,1427040.19,1083.64
OB201A,390483.21,1431264.71,1029.5,1029.29,16.4,21.4,21.4,0,390483.21,1431264.71,1029.5
OB201B,390484.36,1431259.43,1029.5,1028.82,NA,NA,NA,0,390484.36,1431259.43,1029.5
OB202A,390870.36,1431057.97,1053.5,1055.27,NA,NA,NA,0,390870.36,1431057.97,1053.5
OB202B,390789.49,1431096.55,1058.1,1058.87,NA,NA,NA,0,390789.49,1431096.55,1058.1
OB202C,390867.77,1431054.64,1053.75,1055.15,29.5,34.5,34.5,0,390867.77,1431054.64,1053.75
OB203A,390955.64,1430884.9,1035.41,1037.45,NA,NA,NA,0,390955.64,1430884.9,1035.41
OB203B,391045.14,1430921.31,1027.23,1028.89,NA,NA,NA,0,391045.14,1430921.31,1027.23
OB203C,391048.82,1430918.03,1026.96,1028.08,24.2,29.2,29.2,0,391048.82,1430918.03,1026.96
OB203CR,391047.5222,1430924.487,1027.150127,1028.08,24.2,29.2,29.2,0,391047.5222,1430924.487,1027.150127
OB204A,391400.32,1430633.24,1072.6,1074.07,NA,NA,NA,0,391400.32,1430633.24,1072.6
OB204B,391358.91,1430664.95,1066.76,1066.46,NA,NA,NA,0,391358.91,1430664.95,1066.76
OB204C,391432.91,1430580.95,1071.88,1073.37,NA,NA,NA,0,391432.91,1430580.95,1071.88
OB205A,391491.51,1430489.43,1068.55,1068.44,NA,NA,NA,0,391491.51,1430489.43,1068.55
OB205B,391441.81,1430477.28,1067.77,1069.09,NA,NA,NA,0,391441.81,1430477.28,1067.77
OB206A,391668.31,1430244.76,1093.92,1095.69,NA,NA,NA,0,391668.31,1430244.76,1093.92
OB208A,390685.68,1431210.27,1036.57,1037.52,60,160,160,0,390685.68,1431210.27,1036.57
OB208B,390621.52,1431167.34,1036.4,1038.23,37.5,147.5,147.5,0,390621.52,1431167.34,1036.4
OB208C,390619.55,1431253.09,1031.9,1031.6,NA,NA,NA,0,390619.55,1431253.09,1031.9
OB209A,391305.5,1430739.61,1053.28,1053.03,NA,NA,NA,0,391305.5,1430739.61,1053.28
OB302A,392814.21,1427915.52,1049.25,1051.37,20.5,35.5,35.5,0,392814.21,1427915.52,1049.25
OB302B,392832.61,1427890.23,1052.61,1054.59,66.29,106.3,106.3,0,392832.61,1427890.23,1052.61
OB302C,392756.64,1427885.85,1044.57,1046.43,77.08,117.1,117.1,0,392756.64,1427885.85,1044.57
OB303A,392417.88,1427776.97,1032.4,1032.28,19.48,59.5,59.5,0,392417.88,1427776.97,1032.4
OW1A,391111.5549,1430775.972,1031.15,975.01,24.5,29.5,29.5,0,391111.5549,1430775.972,1031.15
OW1B,394939.04,1421366.75,974.41,974.19,5.5,10.5,10.5,0,394939.04,1421366.75,974.41
OW2,391124.72,1430797.07,1031.57,1031.58,NA,NA,NA,0,391124.72,1430797.07,1031.57
OW2A,395080.32,1421453.46,970.93,974.09,32,34.5,34.5,0,395080.32,1421453.46,970.93
OW2B,395081.08,1421449.88,969.93,972.09,5.5,10.5,10.5,0,395081.08,1421449.88,969.93
OW3,391146.62,1430766.51,1033.4,1033.17,NA,NA,NA,0,391146.62,1430766.51,1033.4
OW5A,389893.74,1427431.72,1088.53,1087.72,120,150,150,0,389893.74,1427431.72,1088.53
OW6,390008.93,1427552.48,1092.23,1092.37,100,150,150,0,390008.93,1427552.48,1092.23
OW7,390020.46,1427487.53,1090.73,1090.72,61,91,91,0,390020.46,1427487.53,1090.73
OW8,389901.2,1427396.93,1088.48,1088.41,91,121.5,121.5,0,389901.2,1427396.93,1088.48
PER536,386679.82,1428451.65,1109.56,1109.18,8,18,18,0,386679.82,1428451.65,1109.56
PER537,386671.61,1430283.47,1110,1112.11,61,71,71,0,386671.61,1430283.47,1110
PER538,389097.88,1431719.21,1098.85,1098.39,51,61,61,0,389097.88,1431719.21,1098.85
PER556,386939.81,1431776.59,1070.07,NA,NA,NA,NA,0,386939.81,1431776.59,1070.07
PER566,390147.093,1424064.592,1043.06,1042.36,80,600,600,0,390147.093,1424064.592,1043.06
PER567,387360.087,1424569.784,1095.09,NA,NA,NA,NA,0,387360.087,1424569.784,1095.09
PER568,392354.493,1425771.174,1007.05,1006.64,396.5,406.5,406.5,0,392354.493,1425771.174,1007.05
PER569,386882.479,1429233.832,1134.76,1134.51,92,480,480,0,386882.479,1429233.832,1134.76
PER727,387251.4736,1424698.751,1094.1907,1093.75,125,135,135,0,387251.4736,1424698.751,1094.1907
PER728,390815.9026,1421109.803,1048.6735,1048.37,57,67,67,0,390815.9026,1421109.803,1048.6735
PMW1,388229.2,1431969.9,1094,1093.72,37,52,52,0,388229.2,1431969.9,1094
PMW10,390418.25,1428235.55,1107.08,1107.07,66,81,81,0,390418.25,1428235.55,1107.08
PMW10D,390416.14,1428224.26,1107.05,1107.04,NA,NA,NA,0,390416.14,1428224.26,1107.05
PMW11,388347.45,1426869.62,1077.74,1077.53,59,74,74,0,388347.45,1426869.62,1077.74
PMW11D,388344.68,1426860.97,1077.49,1077.48,NA,NA,NA,0,388344.68,1426860.97,1077.49
PMW12D,386240.22,1427012.89,1090.18,1090.19,NA,NA,NA,0,386240.22,1427012.89,1090.18
PMW12R,386245.61,1427020.45,1090.02,1089.63,38,53,53,0,386245.61,1427020.45,1090.02
PMW13D,386717.78,1430674.08,1100.51,1100.5,NA,NA,NA,0,386717.78,1430674.08,1100.51
PMW14DR,386707.18,1431453.19,1079.79,1079.78,NA,NA,NA,0,386707.18,1431453.19,1079.79
PMW1D,388229.37,1431965.15,1094,1093.99,139,159,159,0,388229.37,1431965.15,1094
PMW2,387399.1,1431472.3,1075.8,1075.53,67,82,82,0,387399.1,1431472.3,1075.8
PMW3,387027.7,1430453.3,1111.4,1111.2,66,81,81,0,387027.7,1430453.3,1111.4
PMW4,387366.7,1428912.4,1109.4,1109.31,11,26,26,0,387366.7,1428912.4,1109.4
PMW5,386567.94,1427624.4,1094.37,1094.26,21,36,36,0,386567.94,1427624.4,1094.37
PMW6,388369.87,1427269.7,1105.15,1105.12,47,62,62,0,388369.87,1427269.7,1105.15
PMW7,390024.93,1431438.81,1081.96,1082.8,87.5,102.5,102.5,0,390024.93,1431438.81,1081.96
PMW7D,390038.39,1431433.98,1082.83,1082.82,NA,NA,NA,0,390038.39,1431433.98,1082.83
PMW8,389087.9,1431755.5,1098.8,1098.46,43,58,58,0,389087.9,1431755.5,1098.8
PMW8D,389095.72,1431752.23,1098.35,1098.34,NA,NA,NA,0,389095.72,1431752.23,1098.35
PMW9,389076.57,1430510.25,1100.92,1100.68,30,45,45,0,389076.57,1430510.25,1100.92
PMW9D,389082.8,1430497.3,1100.89,1100.89,NA,NA,NA,0,389082.8,1430497.3,1100.89
PS,391456.3368,1430511.681,1068.6596,NA,NA,NA,NA,0,391456.3368,1430511.681,1068.6596
PZ-1A,390207.88,1427393.65,1056.77,1056.76,6.3,21.3,21.3,0,390207.88,1427393.65,1056.77
PZ-1B,390209.59,1427394.7,1057,1059.44,25,35,35,0,390209.59,1427394.7,1057
PZ-1C,390213.3,1427396.52,1056.9,1059.23,43,53,53,0,390213.3,1427396.52,1056.9
PZ-2A,390286.34,1427400.49,1056.8,1059.72,5.5,15.5,15.5,0,390286.34,1427400.49,1056.8
PZ-2B,390283.71,1427403.98,1056.6,1059.48,19.8,29.8,29.8,0,390283.71,1427403.98,1056.6
PZ-2C,390281.36,1427407.64,1056.5,1059.42,34.3,44.3,44.3,0,390281.36,1427407.64,1056.5
PZ-3A,390366.98,1427256.28,1050.4,1052.82,10.5,15.5,15.5,0,390366.98,1427256.28,1050.4
PZ-3B,390367.97,1427257.64,1050,1052.68,20.5,30.5,30.5,0,390367.97,1427257.64,1050
PZ-3C,390370.88,1427261.02,1049,1051.89,32.5,42.5,42.5,0,390370.88,1427261.02,1049
PZ-4A,390452.87,1427288.06,1056.3,1059.34,16,26,26,0,390452.87,1427288.06,1056.3
PZ-4B,390453.76,1427291.83,1056.5,1059.25,24.5,34.5,34.5,0,390453.76,1427291.83,1056.5
PZ-4C,390454.98,1427295.67,1057,1059.72,49.1,59.1,59.1,0,390454.98,1427295.67,1057
PZ01,391269.01,1432327.61,1018.24,NA,NA,NA,NA,0,391269.01,1432327.61,1018.24
PZ02,391386.04,1431147.23,1015.1,NA,NA,NA,NA,0,391386.04,1431147.23,1015.1
PZ03,392400.08,1430907.28,1002.58,1003.48,3,13,13,0,392400.08,1430907.28,1002.58
PZ04,392863.13,1431017.39,999.41,NA,NA,NA,NA,0,392863.13,1431017.39,999.41
PZ05,395039.79,1429645.39,957.39,957.98,4,14,14,0,395039.79,1429645.39,957.39
RW-1,392677.52,1428522.15,1058.96,1061.16,12,22,22,0,392677.52,1428522.15,1058.96
RW-2,392551.49,1428513,1067.48,1069.6,15,25,25,0,392551.49,1428513,1067.48
RW-3,392723.92,1428449.96,1057.13,1059.27,12,22,22,0,392723.92,1428449.96,1057.13
RW-4,392377.44,1428375.63,1066.95,1069.08,17.5,27.5,27.5,0,392377.44,1428375.63,1066.95
RW-5,392616.32,1428377.64,1064.51,1066.83,23.5,33.5,33.5,0,392616.32,1428377.64,1064.51
RW-6,392725.83,1428319.51,1061.82,1063.99,24,34,34,0,392725.83,1428319.51,1061.82
RW-7,392529.12,1428330.12,1066.89,1068.9,22,32,32,0,392529.12,1428330.12,1066.89
RW-8,392659.63,1428252.25,1061.74,1064.04,22,32,32,0,392659.63,1428252.25,1061.74
RW101,390065.36,1427199.65,1085.19,1084.7,40.46,80.48,80.48,0,390065.36,1427199.65,1085.19
RW102C,389855.106,1427522.83,1089.72,1088.43,113,133,133,0,389855.106,1427522.83,1089.72
RW103,389701.35,1427050.09,1084.57,1083.35,29.6,69.7,69.7,0,389701.35,1427050.09,1084.57
RW201,390525.19,1431289.48,1029.65,1028.44,NA,NA,NA,0,390525.19,1431289.48,1029.65
RW202,390859.36,1431064.02,1052.44,1053.55,NA,NA,NA,0,390859.36,1431064.02,1052.44
RW203,391035.78,1430934.07,1027.74,1025.03,NA,NA,NA,0,391035.78,1430934.07,1027.74
RW204,391389.28,1430635.3,1071.88,1073.54,NA,NA,NA,0,391389.28,1430635.3,1071.88
RW205,391495.54,1430501.42,1069.06,1070.97,NA,NA,NA,0,391495.54,1430501.42,1069.06
RW206,391613.51,1430265.29,1084.09,1083.79,NA,NA,NA,0,391613.51,1430265.29,1084.09
RW207,391155.36,1430836.18,1031.89,1031.94,NA,NA,NA,0,391155.36,1430836.18,1031.89
RW208,390687.66,1431210.99,1036.7,1036.3,52,152,152,0,390687.66,1431210.99,1036.7
RW209,391312.18,1430733.96,1054.54,1056.04,NA,NA,NA,0,391312.18,1430733.96,1054.54
RW301,392566.93,1427750.21,1036.92,1035.9,NA,NA,NA,0,392566.93,1427750.21,1036.92
RW302,392821.83,1427920.11,1050.87,1050.55,75.08,115.11,115.11,0,392821.83,1427920.11,1050.87
RW303,392416.13,1427759.29,1033.53,1031.75,19.81,79.95,79.95,0,392416.13,1427759.29,1033.53
SC25MW-12,394555.369,1420548.696,1038.88,NA,NA,NA,NA,0,394555.369,1420548.696,1038.88
SC37MW-2,393896.8684,1421111.974,1008.01,NA,NA,NA,NA,0,393896.8684,1421111.974,1008.01
SC83MW-3,392146.2576,1422745.142,1030.49,NA,NA,NA,NA,0,392146.2576,1422745.142,1030.49
SC83MWB-7,392311.172,1423275.851,1030.42,NA,NA,NA,NA,0,392311.172,1423275.851,1030.42
SC83MWB-8,392348.3494,1422998.021,1028.05,NA,NA,NA,NA,0,392348.3494,1422998.021,1028.05
SC96MW-6,394529.9126,1422284.328,999.36,NA,NA,NA,NA,0,394529.9126,1422284.328,999.36
SC96MWB-1,393519.1939,1422889.179,1024.66,NA,NA,NA,NA,0,393519.1939,1422889.179,1024.66
SC96MWB-2,393706.0427,1422757.701,1024.93,NA,NA,NA,NA,0,393706.0427,1422757.701,1024.93
SC96MWB-3,393483.8998,1422340.453,1022.57,NA,NA,NA,NA,0,393483.8998,1422340.453,1022.57
SC96MWB-4,393912.5817,1422608.602,1017.3,NA,NA,NA,NA,0,393912.5817,1422608.602,1017.3
SC96MWB-5,393966.8461,1422796.668,1017.84,NA,NA,NA,NA,0,393966.8461,1422796.668,1017.84
SC96MWB-6,394528.7692,1422296.533,999.9,NA,NA,NA,NA,0,394528.7692,1422296.533,999.9
SC98MWB-10,394783.6383,1421795.156,985.61,NA,NA,NA,NA,0,394783.6383,1421795.156,985.61
SC98MWB-11,394527.0555,1421903.689,992.37,NA,NA,NA,NA,0,394527.0555,1421903.689,992.37
SC98MWB-9,394990.1242,1421512.828,970.54,NA,NA,NA,NA,0,394990.1242,1421512.828,970.54
SCT1 [A],391597.77,1431492.59,1010.01,NA,NA,NA,NA,0,391597.77,1431492.59,1010.01
SCT1 [B],391600.87,1431498.59,1010.01,NA,NA,NA,NA,0,391600.87,1431498.59,1010.01
SCT1 [C],391593.37,1431492.49,1010.01,NA,NA,NA,NA,0,391593.37,1431492.49,1010.01
SCT2 [A],391206.18,1431184.98,1026,NA,NA,NA,NA,0,391206.18,1431184.98,1026
SCT2 [B],391208.28,1431189.98,1026,NA,NA,NA,NA,0,391208.28,1431189.98,1026
SCT2 [C],391205.78,1431182.88,1026,NA,NA,NA,NA,0,391205.78,1431182.88,1026
SCT3,391220.25,1431186.94,1026,1026.48,65,95,95,0,391220.25,1431186.94,1026
SCT4,392147.54,1431407.84,1009,1014.8,NA,NA,NA,0,392147.54,1431407.84,1009
SCT5,392147.92,1431417.5,1009,1014.17,57,77,77,0,392147.92,1431417.5,1009
SCT6,391276.34,1432195.27,1026,1027.87,NA,NA,NA,0,391276.34,1432195.27,1026
SCT7,391281.83,1432187.92,1025,1029.28,35,55,55,0,391281.83,1432187.92,1025
SG01,391268.29,1432344.46,NA,NA,NA,NA,NA,0,391268.29,1432344.46,NA
SG02,391385.53,1431157.13,NA,NA,NA,NA,NA,0,391385.53,1431157.13,NA
SG03,392320.41,1430912.02,NA,NA,NA,NA,NA,0,392320.41,1430912.02,NA
SG04,392898.98,1431010.87,NA,NA,NA,NA,NA,0,392898.98,1431010.87,NA
SG05,395269.32,1429536.83,NA,NA,NA,NA,NA,0,395269.32,1429536.83,NA
SG06,390266.88,1427369.78,NA,NA,NA,NA,NA,0,390266.88,1427369.78,NA
SG07,392358.27,1427617.95,NA,NA,NA,NA,NA,0,392358.27,1427617.95,NA
SWMU19MW-1A,390897.8085,1431023.379,1051.26,1050.81,124.35,144.35,144.35,0,390897.8085,1431023.379,1051.26
SWMU19MW-1B,390899.4085,1431028.879,1051.26,1050.79,74.45,94.45,94.45,0,390899.4085,1431028.879,1051.26
SWMU19MW-1C,390894.4085,1431021.279,1051.26,1050.9,34.46,54.46,54.46,0,390894.4085,1431021.279,1051.26
SWMU19MW-2A,390943.9183,1431017.8,1046.42,1045.52,93,113,113,0,390943.9183,1431017.8,1046.42
SWMU19MW-2B,390941.5183,1431016.3,1046.42,1045.53,65.43,85.43,85.43,0,390941.5183,1431016.3,1046.42
SWMU19MW-3A,390978.8916,1431024.728,1042.6,1041.92,103.05,118.05,118.05,0,390978.8916,1431024.728,1042.6
SWMU19MW-3B,390987.4916,1431027.228,1042.6,1041.88,75.77,90.77,90.77,0,390987.4916,1431027.228,1042.6
SWMU19MW-3C,390976.4916,1431025.128,1042.6,1041.58,36.02,51.02,51.02,0,390976.4916,1431025.128,1042.6
SWMU19MW-4A,390989.896,1430979.723,1035.43,1035.1,94.67,114.67,114.67,0,390989.896,1430979.723,1035.43
SWMU19MW-4B,390991.996,1430977.723,1035.43,1034.81,63.73,83.73,83.73,0,390991.996,1430977.723,1035.43
SWMU19MW-4C,390988.996,1430976.123,1035.43,1034.93,33.91,48.91,48.91,0,390988.996,1430976.123,1035.43
SWPS1,390730,1430618,ND,NA,NA,NA,NA,0,390730,1430618,ND
SWPS2,390721,1430588,ND,NA,NA,NA,NA,0,390721,1430588,ND
SWPS5,390721,1430642,ND,NA,NA,NA,NA,0,390721,1430642,ND
U-133,392658.48,1427140.17,1018.3,NA,NA,NA,NA,0,392658.48,1427140.17,1018.3
U-134,392312.97,1427368.04,1049.14,1050.72,NA,NA,NA,0,392312.97,1427368.04,1049.14
VE-A (finish),389766.9785,1429415.987,1107.021106,NA,NA,NA,NA,0,389766.9785,1429415.987,1107.021106
VE-A (start),390244.3307,1430267.544,1095.071452,NA,NA,NA,NA,0,390244.3307,1430267.544,1095.071452
VE1,389886.75,1429648.08,1107.49,1107.29,52,62,62,0,389886.75,1429648.08,1107.49
VE2,389972.58,1429733.43,1105.57,1105.63,50,60,60,0,389972.58,1429733.43,1105.57
VE3,389923.02,1429716.93,1105.46,1105.43,50,60,60,0,389923.02,1429716.93,1105.46
VE4,389928.62,1429518.92,1109.88,1109.36,50,60,60,0,389928.62,1429518.92,1109.88
VE5,389945.6037,1429575.785,1109.38252,1109.02,50,60,60,0,389945.6037,1429575.785,1109.38252
VE6,389855.41,1429508.41,1107.69,1107.37,30,40,40,0,389855.41,1429508.41,1107.69
VE7,389876.5,1429571.13,ND,1107.31,50,60,60,0,389876.5,1429571.13,ND
VE8,389845.1,1429644.55,1106.88,1106.25,50,60,60,0,389845.1,1429644.55,1106.88
VE9,389873.26,1429623.16,1107.42,1106.47,50,60,60,0,389873.26,1429623.16,1107.42
VEP-1,394457.89,1420976.42,993.89,NA,7,20,20,0,394457.89,1420976.42,993.89
VM-1A,394473.37,1420958.04,994.92,NA,NA,NA,NA,0,394473.37,1420958.04,994.92
VM-1B,394472.47,1420961.04,994.92,NA,NA,NA,NA,0,394472.47,1420961.04,994.92
VM-1C,394468.47,1420957.94,994.92,994.54,10,12,12,0,394468.47,1420957.94,994.92
VM-2A,394456.18,1420986.79,993.78,NA,NA,NA,NA,0,394456.18,1420986.79,993.78
VM-2B,394459.28,1420990.79,993.78,NA,NA,NA,NA,0,394459.28,1420990.79,993.78
VM-2C,394454.78,1420987.19,993.78,993.18,10,12,12,0,394454.78,1420987.19,993.78
VM-3A,394478.77,1421018.61,993.44,NA,NA,NA,NA,0,394478.77,1421018.61,993.44
VM-3B,394481.37,1421016.11,993.44,NA,NA,NA,NA,0,394481.37,1421016.11,993.44
VM-3C,394474.37,1421015.51,993.44,993.23,11,13,13,0,394474.37,1421015.51,993.44
