"","ints","mean.K","mean.EC","mean.ECD","mean.PID","mean.FID","max.K","max.EC","max.ECD","max.PID","max.FID","MiHPT_ID","max.depth","top","bottom"
"1","(-5e-09,5]",NA,2.4061038961039,226166.56,12720.84,36817.82,-Inf,3.56,249031,12970,48830,"MIHPT-02",88.55,0,5
"2","(5,10]",NA,6.1033,217633.58,12421.07,41212.52,-Inf,10.74,544450,12741,53713,"MIHPT-02",88.55,5,10
"3","(10,15]",NA,7.8132,344297.66,12183.69,45900.19,-Inf,13.11,990020,12436,68361,"MIHPT-02",88.55,10,15
"4","(15,20]",NA,6.2592,406836.16,11977.87,53810.44,-Inf,12.37,1887265,12284,126957,"MIHPT-02",88.55,15,20
"5","(20,25]",NA,4.7161,209967.36,11745.01,40675.39,-Inf,7.75,450453,12055,58596,"MIHPT-02",88.55,20,25
"6","(25,30]",NA,3.7916,228009.91,11522.13,38185.06,-Inf,5.58,556658,11750,48830,"MIHPT-02",88.55,25,30
"7","(30,35]",NA,4.4705,250093.08,11317.84,44337.56,-Inf,6.26,563982,11521,87893,"MIHPT-02",88.55,30,35
"8","(35,40]",2.07892307054538,4.0927,177666.56,11075.29,35987.71,14,7.42,219733,11292,43947,"MIHPT-02",88.55,35,40
"9","(40,45]",14.4750000029057,3.5549,211456.7,9980.27,41261.35,27,4.68,312510,11063,48830,"MIHPT-02",88.55,40,45
"10","(45,50]",22.3379999981076,3.6873,259431.77,9267.74,44191.15,27,5.3,379650,9461,53713,"MIHPT-02",88.55,45,50
"11","(50,55]",18.4097999966145,4.2187,244856.13,9097.61,44288.81,25,6.02,285653,9308,53713,"MIHPT-02",88.55,50,55
"12","(55,60]",0.247500000596046,6.4709,189654.32,8967.19,44288.81,5.09999990463257,8.43,207526,9308,53713,"MIHPT-02",88.55,55,60
"13","(60,65]",7.57250000424683,5.5909,185455.05,8820.57,44777.11,23,9.67,189215,9003,58596,"MIHPT-02",88.55,60,65
"14","(65,70]",8.56666652361552,6.675,192877.166666667,8774,59409.5,9.80000019073486,7.2,200201,8850,68361,"MIHPT-02",88.55,65,70
"15","(70,75]",11.7916161645241,5.95111111111111,165823.323232323,1463.66666666667,28558.1515151515,78,11.54,197760,1602,48830,"MIHPT-02",88.55,70,75
"16","(75,80]",0.100000001490116,7.129,159611.81,1596.13,28174.91,0.100000001490116,13.18,166021,1679,34181,"MIHPT-02",88.55,75,80
"17","(80,85]",0.100000001490116,10.3671,157536.69,1688.66,28663.21,0.100000001490116,48.9,163579,1907,39064,"MIHPT-02",88.55,80,85
"18","(85,90]",25.0022222229176,5.43666666666667,160234.36,1779.36,28028.42,63,6.73,164800,1984,39064,"MIHPT-02",88.55,85,90
"19","(25,30]",NA,NA,156438,2231.85,19043.6,-Inf,-Inf,158696,2365,20753,"MIHPT-03",98.3,25,30
"20","(30,35]",NA,5.1460824742268,164824.41,2266.87,23194.14,-Inf,10.11,200201,2518,63478,"MIHPT-03",98.3,30,35
"21","(35,40]",7.96818183802746,3.3035,257454.14,2357.44,25000.85,13,3.8,557878,2518,34181,"MIHPT-03",98.3,35,40
"22","(40,45]",8.40779999367893,3.7126,177275.95,2371.15,25501.34,19,4.07,200201,2594,31739,"MIHPT-03",98.3,40,45
"23","(45,50]",15.137000002861,3.4461,199127.2,2429.83,27234.83,19,3.77,223396,2594,32960,"MIHPT-03",98.3,45,50
"24","(50,55]",12.5869999977201,3.636,201617.48,2439.02,29566.37,18,4.03,249031,2594,46388,"MIHPT-03",98.3,50,55
"25","(55,60]",6.32209999911487,4.1806,170000.33,2461.91,29493.13,16,4.64,225837,2670,41505,"MIHPT-03",98.3,55,60
"26","(60,65]",2.42049999155104,5.0278,151262.01,2396.26,27942.86,11,8.07,156255,2518,39064,"MIHPT-03",98.3,60,65
"27","(65,70]",4.13079999886453,4.8052,154301.74,2419.14,28186.99,19,8.22,159917,2594,45167,"MIHPT-03",98.3,65,70
"28","(70,75]",1.62540001146495,6.9994,158415.51,2442.85,28479.99,24,8.73,169683,2747,74465,"MIHPT-03",98.3,70,75
"29","(75,80]",1.35990000337362,9.2949,163274.04,2401.63,25550.09,22,17.89,175787,2670,46388,"MIHPT-03",98.3,75,80
"30","(80,85]",4.15900000818074,7.6,166557.75,2392.47,23841.04,15,11.94,178228,2594,30519,"MIHPT-03",98.3,80,85
"31","(85,90]",10.0894999752194,7.5148,162993.22,2413.79,25354.85,28,15.08,174566,2594,42726,"MIHPT-03",98.3,85,90
"32","(90,95]",5.20099999815226,7.0353,165336.99,2384.08,24024.17,13,12.13,175787,2594,31739,"MIHPT-03",98.3,90,95
"33","(95,100]",10.8820512625269,8.63567164179105,163579.022727273,2408.29545454545,22250.6363636364,15,26.55,166021,2594,25636,"MIHPT-03",98.3,95,100
"34","(-5e-09,5]",NA,NA,NA,NA,NA,-Inf,-Inf,-Inf,-Inf,-Inf,"MIHPT-04",103.25,0,5
"35","(5,10]",NA,NA,NA,NA,NA,-Inf,-Inf,-Inf,-Inf,-Inf,"MIHPT-04",103.25,5,10
"36","(10,15]",NA,NA,NA,NA,NA,-Inf,-Inf,-Inf,-Inf,-Inf,"MIHPT-04",103.25,10,15
"37","(15,20]",NA,NA,NA,NA,NA,-Inf,-Inf,-Inf,-Inf,-Inf,"MIHPT-04",103.25,15,20
"38","(20,25]",NA,NA,NA,NA,NA,-Inf,-Inf,-Inf,-Inf,-Inf,"MIHPT-04",103.25,20,25
"39","(25,30]",NA,NA,NA,NA,NA,-Inf,-Inf,-Inf,-Inf,-Inf,"MIHPT-04",103.25,25,30
"40","(30,35]",NA,11.19,268375.153846154,2379.73076923077,19297.1923076923,-Inf,12.9,485855,2518,20753,"MIHPT-04",103.25,30,35
"41","(35,40]",58.8059701492537,3.0286,172722.6,2438.98,19910.37,69,9.07,250252,2594,23194,"MIHPT-04",103.25,35,40
"42","(40,45]",24.197500006333,2.9868,223065.93,2567.94,22119.81,54,6.14,319834,2823,29298,"MIHPT-04",103.25,40,45
"43","(45,50]",23.635,3.2897,321372.13,2723.79,23535.84,28,6.74,457778,2899,26856,"MIHPT-04",103.25,45,50
"44","(50,55]",22.6630000000447,3.6177,299362.1,2764.32,24402.69,26,7.33,355235,3052,28077,"MIHPT-04",103.25,50,55
"45","(55,60]",25.9269999980927,3.7963,257258.9,2787.98,25135.12,31,6.22,321055,2976,30519,"MIHPT-04",103.25,55,60
"46","(60,65]",21.6630000030249,3.3555,250398.3,2801.68,28882.87,33,5.8,336924,2976,63478,"MIHPT-04",103.25,60,65
"47","(65,70]",26.7580000026524,3.7354,216205.37,2826.07,30896.99,48,7.3,249031,3052,37843,"MIHPT-04",103.25,65,70
"48","(70,75]",16.4759999955446,3.9534,190936.09,2826.84,29712.95,33,5.29,217292,2976,43947,"MIHPT-04",103.25,70,75
"49","(75,80]",5.21560000449419,5.045,189947.28,2805.54,30823.77,30,9.45,203864,2976,48830,"MIHPT-04",103.25,75,80
"50","(80,85]",39.7699999962002,3.315,249568.18,2839.75,40052.45,61,5.08,438246,2976,63478,"MIHPT-04",103.25,80,85
"51","(85,90]",1.81300000369549,7.3111,211920.55,2807.06,29505.29,42,9.79,333262,2976,57375,"MIHPT-04",103.25,85,90
"52","(90,95]",0.218700001612305,7.2951,3507712.05,2903.89,31873.59,3.5,10.93,7080294,3128,37843,"MIHPT-04",103.25,90,95
"53","(95,100]",0.179000004306436,7.1852,1654261.9,2881.71,30677.29,4.80000019073486,9.48,3621937,3128,40284,"MIHPT-04",103.25,95,100
"54","(100,105]",0.70289474000272,8.21893939393939,756632,2812.41860465116,29269.5348837209,3.40000009536743,10.31,994903,2976,31739,"MIHPT-04",103.25,100,105
"55","(-5e-09,5]",NA,2.10441558441558,435279.39,1917.21,17456.4,-Inf,2.36,679952,2060,19532,"MIHPT-05",77.6,0,5
"56","(5,10]",NA,10.6668,2431360.82,1971.41,18591.81,-Inf,20.53,7708976,2213,24415,"MIHPT-05",77.6,5,10
"57","(10,15]",NA,6.7652,1813086.31,1997.01,43000.57,-Inf,12.27,6535840,2289,231936,"MIHPT-05",77.6,10,15
"58","(15,20]",NA,3.7621,2720346.72,1911.84,50332,-Inf,10,8415776,2060,180672,"MIHPT-05",77.6,15,20
"59","(20,25]",NA,6.8953,1953037.92,1977.52,63465.92,-Inf,11.19,3693968,2213,169680,"MIHPT-05",77.6,20,25
"60","(25,30]",NA,2.9338,646956.96,1981.38,21277.44,-Inf,6.11,2179024,2289,43952,"MIHPT-05",77.6,25,30
"61","(30,35]",NA,6.2596,278853.92,1901.15,20692.16,-Inf,10.74,557872,2060,25632,"MIHPT-05",77.6,30,35
"62","(35,40]",0.100000001490116,3.4941,275606.4,1989.72,23462.88,0.100000001490116,4.41,416272,2213,41504,"MIHPT-05",77.6,35,40
"63","(40,45]",11.0369000089914,2.5732,257478.88,1967.66,21350.88,32,3.23,406512,2136,32960,"MIHPT-05",77.6,40,45
"64","(45,50]",10.9355999971926,2.671,287020.32,1893.51,22546.88,33,3.35,432144,2060,31744,"MIHPT-05",77.6,45,50
"65","(50,55]",2.82710000149906,3.2432,294552.64,2010.35,21326.24,16,4.16,451680,2213,37840,"MIHPT-05",77.6,50,55
"66","(55,60]",9.62000000521541,2.5151,427893.76,1956.2,25075.36,24,3.13,642112,2213,35408,"MIHPT-05",77.6,55,60
"67","(60,65]",26.2190000021458,2.9046,1229554.56,1893.5,24294.08,32,3.35,3774528,2060,32960,"MIHPT-05",77.6,60,65
"68","(65,70]",30.2,2.8904,3283437.6,2016.47,24062.56,37,3.3,5814384,2213,28080,"MIHPT-05",77.6,65,70
"69","(70,75]",29.14,2.8264,2158304.96,1945.48,23610.56,39,3.29,4787744,2213,30512,"MIHPT-05",77.6,70,75
"70","(75,80]",33.08,2.97547169811321,399794.133333333,1884.4,24415.4666666667,37,3.96,518816,2060,34176,"MIHPT-05",77.6,75,80
"71","(15,20]",NA,NA,193690.8,2166.93333333333,21891.7333333333,-Inf,-Inf,336924,2289,23194,"MIHPT-07",73.4,15,20
"72","(20,25]",NA,11.9963043478261,261787.76,2092.83,21167.71,-Inf,16.34,333262,2365,25636,"MIHPT-07",73.4,20,25
"73","(25,30]",NA,9.0605,225116.77,2186.69,24451.53,-Inf,15.89,665304,2365,28077,"MIHPT-07",73.4,25,30
"74","(30,35]",NA,10.769,184429.43,2181.38,24048.53,-Inf,15.54,338145,2365,29298,"MIHPT-07",73.4,30,35
"75","(35,40]",NA,5.7943,201495.42,2208.08,25220.57,-Inf,11.51,291757,2365,46388,"MIHPT-07",73.4,35,40
"76","(40,45]",20.8568750038743,3.1067,230622.25,2176.79,23828.91,33,3.57,319834,2365,26856,"MIHPT-07",73.4,40,45
"77","(45,50]",38.58,4.2622,193426.38,1985.97,23902.12,44,4.97,273446,2289,29298,"MIHPT-07",73.4,45,50
"78","(50,55]",22.3358999982476,3.4804,461342.2,2023.44,26624.44,39,3.96,708029,2289,37843,"MIHPT-07",73.4,50,55
"79","(55,60]",26.9619999980927,5.1367,334617.2,2012.78,25306.07,36,7.33,501724,2136,28077,"MIHPT-07",73.4,55,60
"80","(60,65]",23.4929999981821,4.9963,231672.15,2029.55,25074.15,37,6.92,256356,2213,28077,"MIHPT-07",73.4,60,65
"81","(65,70]",27.1030000000447,4.7623,220197.18,2104.21,26746.54,38,6.44,261238,2289,41505,"MIHPT-07",73.4,65,70
"82","(70,75]",6.22439024506546,5.6636231884058,197759.891304348,2121.36956521739,26007.1739130435,76,7.65,230720,2289,31739,"MIHPT-07",73.4,70,75
"83","(-5e-09,5]",NA,NA,NA,NA,NA,-Inf,-Inf,-Inf,-Inf,-Inf,"MIHPT-08",89.8,0,5
"84","(5,10]",NA,NA,NA,NA,NA,-Inf,-Inf,-Inf,-Inf,-Inf,"MIHPT-08",89.8,5,10
"85","(10,15]",NA,NA,NA,NA,NA,-Inf,-Inf,-Inf,-Inf,-Inf,"MIHPT-08",89.8,10,15
"86","(15,20]",NA,NA,NA,NA,NA,-Inf,-Inf,-Inf,-Inf,-Inf,"MIHPT-08",89.8,15,20
"87","(20,25]",NA,NA,NA,NA,NA,-Inf,-Inf,-Inf,-Inf,-Inf,"MIHPT-08",89.8,20,25
"88","(25,30]",NA,NA,NA,NA,NA,-Inf,-Inf,-Inf,-Inf,-Inf,"MIHPT-08",89.8,25,30
"89","(30,35]",NA,NA,NA,NA,NA,-Inf,-Inf,-Inf,-Inf,-Inf,"MIHPT-08",89.8,30,35
"90","(35,40]",NA,NA,NA,NA,NA,-Inf,-Inf,-Inf,-Inf,-Inf,"MIHPT-08",89.8,35,40
"91","(40,45]",NA,17.93,4022574.34615385,83432.9615384615,147240.153846154,-Inf,28.32,6080508,131001,283212,"MIHPT-08",89.8,40,45
"92","(45,50]",NA,23.3419,10067836.58,148979.92,133304.81,-Inf,287.55,15496078,398877,395520,"MIHPT-08",89.8,45,50
"93","(50,55]",NA,16.5001,2266170.26,48351.3,57814.36,-Inf,405.24,3862422,68133,92776,"MIHPT-08",89.8,50,55
"94","(55,60]",NA,71.873,811743.53,22827.84,36475.99,-Inf,459.73,2248604,46464,68361,"MIHPT-08",89.8,55,60
"95","(60,65]",NA,1201.8495,386730.56,15719.3,31397.69,-Inf,9886.42,417493,17930,48830,"MIHPT-08",89.8,60,65
"96","(65,70]",NA,1545.0443,4109390.6,36954.89,5379510.06,-Inf,9900,8297373,49059,8520768,"MIHPT-08",89.8,65,70
"97","(70,75]",NA,19.9174,8793285.92,268841.35,8191314.52,-Inf,46.01,14213080,517060,8520768,"MIHPT-08",89.8,70,75
"98","(75,80]",NA,11.3666,7962120.46,543081.47,7021991.64,-Inf,20.34,13175451,598086,7778558,"MIHPT-08",89.8,75,80
"99","(80,85]",NA,13.6187,8138712.74,593324.01,6262251.54,-Inf,42.42,15510727,770974,7041230,"MIHPT-08",89.8,80,85
"100","(85,90]",NA,6.92494845360825,10176421.7567568,733143.297297297,5952000.16216216,-Inf,12.56,15509506,772118,6650594,"MIHPT-08",89.8,85,90
"101","(40,45]",109.642307692709,17.9,3691331.07692308,34262.9230769231,40190.8076923077,150,21.71,10476394,86749,92776,"MIHPT-09",92.7,40,45
"102","(45,50]",5.99380000501871,9.692,6315475.91,138608.99,122708.76,150,13.93,15699942,559252,527360,"MIHPT-09",92.7,45,50
"103","(50,55]",0.105500001236796,7.9101,2806152.47,70220.82,70412.26,0.649999976158142,11.07,8944365,159001,166021,"MIHPT-09",92.7,50,55
"104","(55,60]",0.121700001135468,5.1355,2082546.48,47862.93,67531.2,1.29999995231628,6.57,4295786,85681,107425,"MIHPT-09",92.7,55,60
"105","(60,65]",3.57769999094307,5.4296,4949748.23,105876.33,126859.26,17,6.43,8706321,180517,322275,"MIHPT-09",92.7,60,65
"106","(65,70]",1.88600000791252,5.4063,1912387.48,104046.71,163823.49,16,7.82,5365154,157628,253914,"MIHPT-09",92.7,65,70
"107","(70,75]",2.37690000765026,6.537,641230.5,49099.7,101223.89,12,9.66,850856,79730,190436,"MIHPT-09",92.7,70,75
"108","(75,80]",0.100000001490116,14.3731,455958.8,18090.57,145756.43,0.100000001490116,38.86,498062,25788,351573,"MIHPT-09",92.7,75,80
"109","(80,85]",0.100000001490116,27.6886,397583,12640.75,105472.07,0.100000001490116,79.85,441908,17624,322275,"MIHPT-09",92.7,80,85
"110","(85,90]",0.100000001490116,44.8522,405383.47,20028.53,61622.99,0.100000001490116,207.48,469985,34333,141606,"MIHPT-09",92.7,85,90
"111","(90,95]",0.100000001490116,42.404,483909.09375,37070.5,84383.5,0.100000001490116,105.94,648213,68438,141606,"MIHPT-09",92.7,90,95
"112","(-5e-09,5]",NA,4.41675324675325,463771.49,108929.68,43409.87,-Inf,14.32,543229,111240,58596,"MIHPT-10",76,0,5
"113","(5,10]",NA,10.4273,508206.54,103711.76,43214.52,-Inf,29.59,836207,133976,117191,"MIHPT-10",76,5,10
"114","(10,15]",NA,4.9615,712643.86,128054.87,93655.42,-Inf,12.65,2144841,371715,527360,"MIHPT-10",76,10,15
"115","(15,20]",NA,4.1165,3736710.73,788237.37,1907479.99,-Inf,8.59,15649892,3663747,8139896,"MIHPT-10",76,15,20
"116","(20,25]",NA,10.4583,15392437.73,3338267.14,9355168.38,-Inf,14.21,15649892,4245888,12368542,"MIHPT-10",76,20,25
"117","(25,30]",NA,11.088,15651149.23,3477034.81,10690756.02,-Inf,17.23,15657216,4033021,13496506,"MIHPT-10",76,25,30
"118","(30,35]",0.602857143751212,8.0191,15563304.6,3249740.59,2873574.01,1,16.34,15682852,3876614,10381176,"MIHPT-10",76,30,35
"119","(35,40]",3.90820002071559,7.5764,15621582.6,3084208.17,1665187.58,10,12.72,15721915,3304392,2275460,"MIHPT-10",76,35,40
"120","(40,45]",1.42059999965131,9.18,14058839.46,1637707.18,639033.25,7.09999990463257,16.27,15739006,2494125,1230506,"MIHPT-10",76,40,45
"121","(45,50]",1.16129999577999,5.5067,5885116.16,1105098.13,372862.9,9.80000019073486,11.15,15746330,1300088,532243,"MIHPT-10",76,45,50
"122","(50,55]",1.20409999683499,4.524,4483645.11,576227.57,242243.64,7.30000019073486,6.2,8446302,624866,283212,"MIHPT-10",76,50,55
"123","(55,60]",8.82199998952448,5.7737,4051063.62,634357.8,300351.01,13,7.34,6528520,725578,395520,"MIHPT-10",76,55,60
"124","(60,65]",10.4620000123978,7.5115,2626691.41,527176.73,304745.64,15,9.18,4254280,619526,385754,"MIHPT-10",76,60,65
"125","(65,70]",13.9819999963045,6.3531,1689126.23,409711,280965.63,21,9.68,2133854,477615,351573,"MIHPT-10",76,65,70
"126","(70,75]",6.08741934589481,6.8876,1329423.65306122,345147.163265306,238467.87755102,24,12.47,1575976,398267,380871,"MIHPT-10",76,70,75
"127",NA,NA,10.02,NA,NA,NA,-Inf,11.84,-Inf,-Inf,-Inf,"MIHPT-10",76,NA,NA
"128","(-5e-09,5]",NA,13.0053246753247,559526.36,9218.16,24762.75,-Inf,45.84,958281,9537,27467,"MIHPT-11",57,0,5
"129","(5,10]",NA,5.2955,437806.32,9965.81,25690.6,-Inf,10.36,515152,11063,28687,"MIHPT-11",57,5,10
"130","(10,15]",NA,5.086,652876.39,14333.03,41627.29,-Inf,17.43,1346477,23194,106815,"MIHPT-11",57,10,15
"131","(15,20]",NA,8.3321,2478957.43,170375.69,1423535.86,-Inf,15.29,8890653,423063,8766747,"MIHPT-11",57,15,20
"132","(20,25]",NA,7.9257,10211395.63,338435.8,15524399.49,-Inf,17.4,15626698,450530,25860164,"MIHPT-11",57,20,25
"133","(25,30]",NA,11.5151,15528135.17,480197.3,12980327.77,-Inf,17.62,15653554,715659,29180578,"MIHPT-11",57,25,30
"134","(30,35]",NA,6.7108,15653163.33,682894.37,4121024.16,-Inf,8.52,15657216,697653,5459151,"MIHPT-11",57,30,35
"135","(35,40]",NA,9.1354,15137656.93,585499.14,1702151.56,-Inf,18.09,15649892,697195,3667104,"MIHPT-11",57,35,40
"136","(40,45]",7.48333324988683,4.0223,3981994.02,441536.48,497231.99,8.69999980926514,6.49,11647084,499435,708029,"MIHPT-11",57,40,45
"137","(45,50]",9.60060000412166,6.0551,1129599.88,255460.57,197613.56,15,8.04,1648000,274056,346690,"MIHPT-11",57,45,50
"138","(50,55]",1.33490000598133,5.1596,827625.4,247385.29,190630.85,10,6.04,1080355,258568,292978,"MIHPT-11",57,50,55
"139",NA,0.100000001490116,6.01585365853659,808130,241536.888888889,163307.888888889,0.100000001490116,7.93,911893,248497,224616,"MIHPT-11",57,NA,NA
"140","(-5e-09,5]",NA,NA,NA,NA,NA,-Inf,-Inf,-Inf,-Inf,-Inf,"MIHPT-13",81.95,0,5
"141","(5,10]",NA,NA,NA,NA,NA,-Inf,-Inf,-Inf,-Inf,-Inf,"MIHPT-13",81.95,5,10
"142","(10,15]",NA,NA,NA,NA,NA,-Inf,-Inf,-Inf,-Inf,-Inf,"MIHPT-13",81.95,10,15
"143","(15,20]",NA,NA,NA,NA,NA,-Inf,-Inf,-Inf,-Inf,-Inf,"MIHPT-13",81.95,15,20
"144","(20,25]",NA,NA,NA,NA,NA,-Inf,-Inf,-Inf,-Inf,-Inf,"MIHPT-13",81.95,20,25
"145","(25,30]",NA,NA,NA,NA,NA,-Inf,-Inf,-Inf,-Inf,-Inf,"MIHPT-13",81.95,25,30
"146","(30,35]",NA,5.4744,179143.666666667,2519.33333333333,22227.7291666667,-Inf,5.9,220954,2747,26856,"MIHPT-13",81.95,30,35
"147","(35,40]",NA,4.9066,614154.5,3199.07,81496.63,-Inf,6.11,1118198,4120,192877,"MIHPT-13",81.95,35,40
"148","(40,45]",NA,4.8439,629664.246753247,3881.22077922078,86403.012987013,-Inf,5.44,1062044,4883,187994,"MIHPT-13",81.95,40,45
"149","(45,50]",70.1739130434783,NA,185605.652173913,2129.5652173913,18098.652173913,77,-Inf,256356,2289,20753,"MIHPT-13",81.95,45,50
"150","(50,55]",26.507100001052,3.8406,631049.53,2336.16,29737.34,69,14.03,814234,2747,45167,"MIHPT-13",81.95,50,55
"151","(55,60]",15.9766999952495,3.681,687459.96,2263.78,24805.49,59,4.52,950957,2518,42726,"MIHPT-13",81.95,55,60
"152","(60,65]",14.5848000098765,3.6176,876308.54,2253.15,23694.57,29,4.18,1191443,2441,30519,"MIHPT-13",81.95,60,65
"153","(65,70]",9.79095746434115,4.7615,1831998.36363636,2333.59595959596,23009.1414141414,27,8.41,4973296,2823,36622,"MIHPT-13",81.95,65,70
"154","(70,75]",53.4441333322724,3.78878378378378,2155143.88,2399.81333333333,21061.7866666667,150,6.07,4297006,2823,30519,"MIHPT-13",81.95,70,75
"155","(75,80]",13.8571000040323,4.8735,4029761.67,2744.43,25989.64,30,5.55,5872982,3052,37843,"MIHPT-13",81.95,75,80
"156",NA,31.8333333333333,5.12375,5526004.41176471,3002.58823529412,30015.9411764706,47,6.49,8467055,3433,39064,"MIHPT-13",81.95,NA,NA
"157","(-5e-09,5]",NA,NA,NA,NA,NA,-Inf,-Inf,-Inf,-Inf,-Inf,"MIHPT-14",75.45,0,5
"158","(5,10]",NA,NA,NA,NA,NA,-Inf,-Inf,-Inf,-Inf,-Inf,"MIHPT-14",75.45,5,10
"159","(10,15]",NA,NA,NA,NA,NA,-Inf,-Inf,-Inf,-Inf,-Inf,"MIHPT-14",75.45,10,15
"160","(15,20]",NA,NA,NA,NA,NA,-Inf,-Inf,-Inf,-Inf,-Inf,"MIHPT-14",75.45,15,20
"161","(20,25]",NA,NA,NA,NA,NA,-Inf,-Inf,-Inf,-Inf,-Inf,"MIHPT-14",75.45,20,25
"162","(25,30]",NA,NA,NA,NA,NA,-Inf,-Inf,-Inf,-Inf,-Inf,"MIHPT-14",75.45,25,30
"163","(30,35]",NA,NA,NA,NA,NA,-Inf,-Inf,-Inf,-Inf,-Inf,"MIHPT-14",75.45,30,35
"164","(35,40]",NA,NA,NA,NA,NA,-Inf,-Inf,-Inf,-Inf,-Inf,"MIHPT-14",75.45,35,40
"165","(40,45]",NA,10.97,125736.153846154,40299,37185.9230769231,-Inf,15.62,145268,40513,43947,"MIHPT-14",75.45,40,45
"166","(45,50]",1.92077921959874,2.643,322800.37,47859.93,41603.14,36,4.51,842311,69887,68361,"MIHPT-14",75.45,45,50
"167","(50,55]",0.18549999974668,3.0826,217609.21,44700.44,41847.31,3.5,4.81,516373,53484,58596,"MIHPT-14",75.45,50,55
"168","(55,60]",3.9705000038445,3.3784,250520.37,45095.78,45704.88,23,4.6,366222,48143,58596,"MIHPT-14",75.45,55,60
"169","(60,65]",12.8591999939084,3.1411,237543.92,45602.36,47267.43,31,4.08,302744,48448,73244,"MIHPT-14",75.45,60,65
"170","(65,70]",16.9269999961555,3.5928,260481.6,47062.63,52345.73,34,5.58,472427,49669,63478,"MIHPT-14",75.45,65,70
"171","(70,75]",9.79841463494955,4.8017,874597.367816092,48573.5402298851,55508.9195402299,33,6.8,1547899,52873,68361,"MIHPT-14",75.45,70,75
"172",NA,NA,4.235,NA,NA,NA,-Inf,5.73,-Inf,-Inf,-Inf,"MIHPT-14",75.45,NA,NA
"173","(-5e-09,5]",NA,NA,NA,NA,NA,-Inf,-Inf,-Inf,-Inf,-Inf,"MIHPT-15",77,0,5
"174","(5,10]",NA,NA,NA,NA,NA,-Inf,-Inf,-Inf,-Inf,-Inf,"MIHPT-15",77,5,10
"175","(10,15]",NA,NA,NA,NA,NA,-Inf,-Inf,-Inf,-Inf,-Inf,"MIHPT-15",77,10,15
"176","(15,20]",NA,NA,NA,NA,NA,-Inf,-Inf,-Inf,-Inf,-Inf,"MIHPT-15",77,15,20
"177","(20,25]",NA,NA,NA,NA,NA,-Inf,-Inf,-Inf,-Inf,-Inf,"MIHPT-15",77,20,25
"178","(25,30]",NA,NA,NA,NA,NA,-Inf,-Inf,-Inf,-Inf,-Inf,"MIHPT-15",77,25,30
"179","(30,35]",NA,NA,NA,NA,NA,-Inf,-Inf,-Inf,-Inf,-Inf,"MIHPT-15",77,30,35
"180","(35,40]",11.4456923181048,71.7343434343434,196822.818181818,3381.62626262626,37978.8888888889,41,162.68,296640,3586,43947,"MIHPT-15",77,35,40
"181","(40,45]",5.17519999481738,18.2793,199420.16,3327.93,40235.92,22,79.77,319834,3662,58596,"MIHPT-15",77,40,45
"182","(45,50]",15.7119999992102,4.7723,207281.77,3205.05,40821.88,23,6.62,250252,3433,53713,"MIHPT-15",77,45,50
"183","(50,55]",4.66330000214279,8.3797,216986.62,3128.83,37013.14,23,13.08,314951,3281,53713,"MIHPT-15",77,50,55
"184","(55,60]",10.2630000066757,7.4563,250605.81,3234.92,49513.46,30,9.61,544450,4120,146489,"MIHPT-15",77,55,60
"185","(60,65]",2.88830000571907,12.4107,229352.76,3119.01,41407.79,24,25.09,556658,3815,87893,"MIHPT-15",77,60,65
"186","(65,70]",11.1120000050217,11.621,213153.47,3180.04,50343.5,39,28.51,397961,3739,122074,"MIHPT-15",77,65,70
"187","(70,75]",5.74439999319613,7.1602,156559.99,3012.41,35401.75,18,9.52,172124,3204,43947,"MIHPT-15",77,70,75
"188",NA,0.276923085634525,8.26878048780488,159171,3001.16666666667,37165.0555555556,2.40000009536743,15.01,166021,3128,43947,"MIHPT-15",77,NA,NA
"189","(15,20]",NA,NA,193690.8,2166.93333333333,21891.7333333333,-Inf,-Inf,336924,2289,23194,"MIHPT-17",73.4,15,20
"190","(20,25]",NA,11.9963043478261,261787.76,2092.83,21167.71,-Inf,16.34,333262,2365,25636,"MIHPT-17",73.4,20,25
"191","(25,30]",NA,9.0605,225116.77,2186.69,24451.53,-Inf,15.89,665304,2365,28077,"MIHPT-17",73.4,25,30
"192","(30,35]",NA,10.769,184429.43,2181.38,24048.53,-Inf,15.54,338145,2365,29298,"MIHPT-17",73.4,30,35
"193","(35,40]",NA,5.7943,201495.42,2208.08,25220.57,-Inf,11.51,291757,2365,46388,"MIHPT-17",73.4,35,40
"194","(40,45]",20.8568750038743,3.1067,230622.25,2176.79,23828.91,33,3.57,319834,2365,26856,"MIHPT-17",73.4,40,45
"195","(45,50]",38.58,4.2622,193426.38,1985.97,23902.12,44,4.97,273446,2289,29298,"MIHPT-17",73.4,45,50
"196","(50,55]",22.3358999982476,3.4804,461342.2,2023.44,26624.44,39,3.96,708029,2289,37843,"MIHPT-17",73.4,50,55
"197","(55,60]",26.9619999980927,5.1367,334617.2,2012.78,25306.07,36,7.33,501724,2136,28077,"MIHPT-17",73.4,55,60
"198","(60,65]",23.4929999981821,4.9963,231672.15,2029.55,25074.15,37,6.92,256356,2213,28077,"MIHPT-17",73.4,60,65
"199","(65,70]",27.1030000000447,4.7623,220197.18,2104.21,26746.54,38,6.44,261238,2289,41505,"MIHPT-17",73.4,65,70
"200","(70,75]",6.22439024506546,5.6636231884058,197759.891304348,2121.36956521739,26007.1739130435,76,7.65,230720,2289,31739,"MIHPT-17",73.4,70,75
"201","(-5e-09,5]",NA,7.07571428571429,936490.97,49959.17,34229.83,-Inf,19.65,1058382,52644,43947,"MIHPT-20",87.1,0,5
"202","(5,10]",NA,18.4969,942301.74,48311.16,33448.55,-Inf,79.24,1041292,50356,43947,"MIHPT-20",87.1,5,10
"203","(10,15]",NA,49.1411,863954.6,48837.63,34815.79,-Inf,176.63,1031526,51119,43947,"MIHPT-20",87.1,10,15
"204","(15,20]",NA,15.6456,744077.83,49966.74,34815.79,-Inf,31.19,843532,57222,43947,"MIHPT-20",87.1,15,20
"205","(20,25]",NA,29.2071,669942.31,52514.64,34913.45,-Inf,89.75,743431,57985,48830,"MIHPT-20",87.1,20,25
"206","(25,30]",NA,33.7299,633442.19,225936.28,107571.87,-Inf,44.96,717795,1761681,795923,"MIHPT-20",87.1,25,30
"207","(30,35]",7.18775510879195,22.077,813586.85,2535317.56,2738169.57,26,31.95,2385326,4721976,18232978,"MIHPT-20",87.1,30,35
"208","(35,40]",1.64899999827147,20.3888,1213293.82,2828386.84,6378368.47,16,30.41,1886044,5191198,14185003,"MIHPT-20",87.1,35,40
"209","(40,45]",4.26230000272393,18.1874,667513.03,461600.07,200592.08,18,23.79,957060,724052,380871,"MIHPT-20",87.1,40,45
"210","(45,50]",0.100000001490116,15.4779,577141.58,243240.22,102102.49,0.100000001490116,22.02,592059,450148,244148,"MIHPT-20",87.1,45,50
"211","(50,55]",13.4119000008702,8.4354,1030463.55,126445.83,75978.88,29,14.79,3525498,362407,180670,"MIHPT-20",87.1,50,55
"212","(55,60]",22.47,6.5096,5244154.18,75754.68,50441.28,31,8.23,9360638,106815,73244,"MIHPT-20",87.1,55,60
"213","(60,65]",33.95,8.7114,1293374.47,71031.85,48585.85,41,17.92,4343394,84689,58596,"MIHPT-20",87.1,60,65
"214","(65,70]",25.0459999910742,7.5554,1027204.2,62173.85,46144.33,42,9.33,1722465,76296,63478,"MIHPT-20",87.1,65,70
"215","(70,75]",20.6122999982536,11.7279,1828412.71,62272.92,46095.48,44,25.26,4027223,82400,63478,"MIHPT-20",87.1,70,75
"216","(75,80]",31.6219999990612,7.3984,2690524.02,64470.43,45216.58,40,8.9,5580004,77059,53713,"MIHPT-20",87.1,75,80
"217","(80,85]",10.9931999973953,20.905,5266066.53,72153.44,44239.96,39,33.27,15404523,114444,63478,"MIHPT-20",87.1,80,85
"218",NA,10.6200000127157,22.096511627907,8637104.35,88389.4,46632.55,17,28.47,15717032,141148,63478,"MIHPT-20",87.1,NA,NA
"219","(-5e-09,5]",NA,6.59974025974026,434632.44,21744.32,31153.54,-Inf,25.58,440687,21897,43947,"MIHPT-21",91.05,0,5
"220","(5,10]",NA,37.5361,359715.59,24289.64,30762.9,-Inf,157.15,435804,29603,39064,"MIHPT-21",91.05,5,10
"221","(10,15]",NA,22.7538,400622.57,24809.26,30616.41,-Inf,46.9,516373,44786,43947,"MIHPT-21",91.05,10,15
"222","(15,20]",NA,16.6621,336936.54,22795.82,31300.03,-Inf,36.89,405286,27467,39064,"MIHPT-21",91.05,15,20
"223","(20,25]",NA,27.9369,339988.43,28093.8,33497.38,-Inf,57.87,390637,36164,43947,"MIHPT-21",91.05,20,25
"224","(25,30]",NA,29.7997,440760.53,983626.86,655244.74,-Inf,45.21,1054720,4548784,5019684,"MIHPT-21",91.05,25,30
"225","(30,35]",NA,40.7516,843946.65,5765182.99,6082558.61,-Inf,63.95,1677297,6886502,12666402,"MIHPT-21",91.05,30,35
"226","(35,40]",NA,45.6369,1181066.36,5099726.88,7549351.39,-Inf,104.68,1735893,6035798,11636097,"MIHPT-21",91.05,35,40
"227","(40,45]",0.901979160495102,26.6751,662666.73,5294007.72,3120993.69,4.30000019073486,59.3,920438,6786554,5791192,"MIHPT-21",91.05,40,45
"228","(45,50]",0.25930000141263,16.7035,450282.38,604327.53,210211.54,3,21.23,498062,1082644,512711,"MIHPT-21",91.05,45,50
"229","(50,55]",1.06849999636412,16.2729,845533.68,567735.84,196880.9,9.5,39.87,2089908,881222,366222,"MIHPT-21",91.05,50,55
"230","(55,60]",2.75180000208318,28.3119,1921396.51,566728.75,211285.79,10,49.12,4212775,1355785,639668,"MIHPT-21",91.05,55,60
"231","(60,65]",32.8250000027567,17.5991,1985619.66,583880.13,232282.47,83,40.88,15623035,1461836,1030305,"MIHPT-21",91.05,60,65
"232","(65,70]",42.660400011614,9.3113,1787334.83,214095.1,86233.07,85,15.6,5129551,464644,234382,"MIHPT-21",91.05,65,70
"233","(70,75]",26.054000005722,14.2223,3825129.01,190679.62,87600.06,57,20.83,9361858,244148,136723,"MIHPT-21",91.05,70,75
"234","(75,80]",10.5239999929816,14.6441,6482644.11,164418.49,69874.98,38,17.79,11129490,225074,112308,"MIHPT-21",91.05,75,80
"235","(80,85]",2.21479999475181,17.376,2280648.21,115726.17,54250.03,20,22.23,8265634,155644,73244,"MIHPT-21",91.05,80,85
"236","(85,90]",0.100000001490116,21.9263,3753382.07070707,113981.96969697,53416.9595959596,0.100000001490116,28.83,14761192,202185,92776,"MIHPT-21",91.05,85,90
"237",NA,NA,19.7545454545455,NA,NA,NA,-Inf,30.68,-Inf,-Inf,-Inf,"MIHPT-21",91.05,NA,NA
"238","(-5e-09,5]",NA,NA,NA,NA,NA,-Inf,-Inf,-Inf,-Inf,-Inf,"MIHPT-22B",72.55,0,5
"239","(5,10]",NA,28.8353846153846,152717.820512821,4959.20512820513,33930.5897435897,-Inf,65.38,183111,5112,39064,"MIHPT-22B",72.55,5,10
"240","(10,15]",NA,34.4104,179204.7,4995.15,34083.34,-Inf,555.84,374767,5112,43947,"MIHPT-22B",72.55,10,15
"241","(15,20]",NA,23.4115,176751.08,5014.29,35597.07,-Inf,45.22,354015,5264,48830,"MIHPT-22B",72.55,15,20
"242","(20,25]",NA,34.3428,193096.72,5125.74,44191.09,-Inf,53.47,345470,5875,97659,"MIHPT-22B",72.55,20,25
"243","(25,30]",NA,25.6411,463283.23,21947.39,10727915.38,-Inf,44.53,1246376,50356,36856596,"MIHPT-22B",72.55,25,30
"244","(30,35]",1.30742425065149,30.1944,705551.34,76348.9,17230652.78,9.19999980926514,54.77,1533250,115360,39952392,"MIHPT-22B",72.55,30,35
"245","(35,40]",0.417400001212954,41.5326,2376903.56,54913.45,26363060.55,8.69999980926514,67.39,6942350,89496,56207772,"MIHPT-22B",72.55,35,40
"246","(40,45]",3.55429999254644,34.087,1964232.29,64342.94,18696078.4,18,51.36,7966552,130696,60285040,"MIHPT-22B",72.55,40,45
"247","(45,50]",1.87699999772012,20.5806,424207.26,63990.43,1806012.15,21,39.17,738548,67827,2002014,"MIHPT-22B",72.55,45,50
"248","(50,55]",3.1404999922961,10.3263,1356450.08,64748.86,1693215.71,14,16.57,5277261,66301,1850642,"MIHPT-22B",72.55,50,55
"249","(55,60]",16.902000002861,10.3254,948295.57,63618.89,1475826.33,33,14.28,1912900,65615,1640675,"MIHPT-22B",72.55,55,60
"250","(60,65]",34.6369999980926,7.3927,2605597.07,57621.99,1259852.92,59,10.14,5422528,61113,1372112,"MIHPT-22B",72.55,60,65
"251","(65,70]",38.4346999996156,7.0004,9104709.17,51689.94,1160875.36,62,12.28,15583972,53865,1289102,"MIHPT-22B",72.55,65,70
"252","(70,75]",2.0495833447203,6.63711538461538,2587506.55172414,48419.2068965517,1001343.75862069,15,9.42,3424177,49516,1015656,"MIHPT-22B",72.55,70,75
"253","(-5e-09,5]",NA,20.9420779220779,30834.36,9315.65,84.62,-Inf,54.21,39445,9461,229,"MIHPT-23",12.35,0,5
"254","(5,10]",NA,21.4877,28095.38,9352.97,75.42,-Inf,92.17,35554,9537,229,"MIHPT-23",12.35,5,10
"255",NA,NA,37.255,29651.76,9399.44,128.28,-Inf,83.13,35020,9537,229,"MIHPT-23",12.35,NA,NA
"256","(-5e-09,5]",NA,11.5424675324675,531791.2,25921.67,32374.29,-Inf,55.83,604266,28916,39064,"MIHPT-24",43,0,5
"257","(5,10]",NA,13.8518,494326.64,27201.94,31495.35,-Inf,30.46,554216,32121,39064,"MIHPT-24",43,5,10
"258","(10,15]",NA,8.7957,507034.49,31195.28,32520.78,-Inf,22.43,574969,43031,39064,"MIHPT-24",43,10,15
"259","(15,20]",NA,11.6564,497219.77,28294.46,32764.93,-Inf,16.48,526139,35401,48830,"MIHPT-24",43,15,20
"260","(20,25]",NA,10.5885,504788.42,30150.76,34132.17,-Inf,18.28,557878,39140,43947,"MIHPT-24",43,20,25
"261","(25,30]",NA,5.8192,509378.35,28857.56,32862.59,-Inf,12.4,521256,32960,39064,"MIHPT-24",43,25,30
"262","(30,35]",NA,4.8189,529886.73,34557.65,34473.98,-Inf,8.22,573748,47304,48830,"MIHPT-24",43,30,35
"263","(35,40]",21.2878048710707,6.3606,562846.74,71524.7,46388.25,32,10.66,611591,178304,83010,"MIHPT-24",43,35,40
"264","(40,45]",16.478787873279,5.6216393442623,716831.552631579,292706.657894737,147131.263157895,23,12.44,948515,642262,332041,"MIHPT-24",43,40,45
"265","(-5e-09,5]",NA,NA,NA,NA,14.373,-Inf,-Inf,-Inf,-Inf,14.373,"MIHPT-26",67.75,0,5
"266","(5,10]",NA,NA,NA,NA,14.373,-Inf,-Inf,-Inf,-Inf,14.373,"MIHPT-26",67.75,5,10
"267","(10,15]",NA,NA,NA,NA,14.373,-Inf,-Inf,-Inf,-Inf,14.373,"MIHPT-26",67.75,10,15
"268","(15,20]",NA,NA,NA,NA,14.373,-Inf,-Inf,-Inf,-Inf,14.373,"MIHPT-26",67.75,15,20
"269","(20,25]",NA,NA,NA,NA,14.373,-Inf,-Inf,-Inf,-Inf,14.373,"MIHPT-26",67.75,20,25
"270","(25,30]",NA,NA,NA,NA,14.373,-Inf,-Inf,-Inf,-Inf,14.373,"MIHPT-26",67.75,25,30
"271","(30,35]",NA,NA,NA,NA,14.373,-Inf,-Inf,-Inf,-Inf,14.373,"MIHPT-26",67.75,30,35
"272","(35,40]",NA,1645.47826086957,18364.0869565217,15.6367391304348,14.42655,-Inf,1831,19532,16.853,14.844,"MIHPT-26",67.75,35,40
"273","(40,45]",NA,1728.31,22791.29,69.09629,15.93673,-Inf,1984,35401,107.767,17.008,"MIHPT-26",67.75,40,45
"274","(45,50]",NA,1518.23333333333,21078.0666666667,56.8608181818182,18.10124,-Inf,1907,43947,107.78,19.173,"MIHPT-26",67.75,45,50
"275","(50,55]",NA,1222.24,25684.42,85.66933,20.26573,-Inf,1373,45167,108.144,21.337,"MIHPT-26",67.75,50,55
"276","(55,60]",NA,1473.52083333333,23270.3541666667,52.2818604651163,22.43024,-Inf,1679,51271,108.117,23.502,"MIHPT-26",67.75,55,60
"277","(60,65]",NA,1885.18,33191.96,83.37918,24.59475,-Inf,2060,47609,108.094,25.666,"MIHPT-26",67.75,60,65
"278","(65,70]",NA,1955.90909090909,36696.2727272727,89.7805,26.2830357142857,-Inf,2136,58596,108.032,26.878,"MIHPT-26",67.75,65,70
"279","(-5e-09,5]",NA,40691.88,27491.29,16.10731,14.439,-Inf,41429,34181,24.896,14.439,"MIHPT-27",67.25,0,5
"280","(5,10]",NA,38875.98,29005.02,18.50261,14.439,-Inf,39903,43947,35.373,14.439,"MIHPT-27",67.25,5,10
"281","(10,15]",NA,43559.09,29639.81,37.00663,14.439,-Inf,61724,39064,107.951,14.439,"MIHPT-27",67.25,10,15
"282","(15,20]",NA,41094.7,30469.92,53.85025,14.439,-Inf,47685,39064,108.032,14.439,"MIHPT-27",67.25,15,20
"283","(20,25]",NA,39176.69,30421.09,53.54068,14.439,-Inf,47761,43947,107.975,14.439,"MIHPT-27",67.25,20,25
"284","(25,30]",NA,38547.15,29932.79,61.14828,14.6357,-Inf,48372,43947,108.008,15.351,"MIHPT-27",67.25,25,30
"285","(30,35]",NA,35180.94,29444.49,54.98674,16.44405,-Inf,36164,39064,108.001,17.515,"MIHPT-27",67.25,30,35
"286","(35,40]",NA,34409.5833333333,31332.5833333333,107.953571428571,18.60856,-Inf,34562,43947,108.001,19.68,"MIHPT-27",67.25,35,40
"287","(40,45]",NA,34456.724137931,23292.3218390805,80.3851954022988,20.77306,-Inf,34638,32960,107.965,21.844,"MIHPT-27",67.25,40,45
"288","(45,50]",NA,34471.98,23267.37,92.51457,22.93756,-Inf,34791,43947,108.022,24.009,"MIHPT-27",67.25,45,50
"289","(50,55]",NA,34384.28125,23899.828125,68.3733050847458,25.10207,-Inf,34715,36622,107.987,26.173,"MIHPT-27",67.25,50,55
"290","(55,60]",NA,34307.8202247191,26966.0674157303,56.4040476190476,27.26656,-Inf,34952,57375,108.162,28.338,"MIHPT-27",67.25,55,60
"291","(60,65]",NA,33726.3958333333,15335.6875,29.9021041666667,29.43108,-Inf,34036,18311,38.268,30.502,"MIHPT-27",67.25,60,65
"292",NA,NA,33747.7826086957,16931.1304347826,27.7455,31.011152173913,-Inf,33960,21973,28.448,31.498,"MIHPT-27",67.25,NA,NA
"293","(-5e-09,5]",NA,7.67701298701299,428907.07,40691.88,27491.29,-Inf,79.43,498062,41429,34181,"MIHPT-27a",36.7,0,5
"294","(5,10]",NA,10.3634,410315.26,38875.98,29005.02,-Inf,20.16,477310,39903,43947,"MIHPT-27a",36.7,5,10
"295","(10,15]",NA,8.9413,907522.81,43559.09,29639.81,-Inf,18.28,4222541,61724,39064,"MIHPT-27a",36.7,10,15
"296","(15,20]",NA,4.5887,409326.47,41094.7,30469.92,-Inf,10.02,709250,47685,39064,"MIHPT-27a",36.7,15,20
"297","(20,25]",NA,3.4258,401086.52,39176.69,30421.09,-Inf,7.38,1120640,47761,43947,"MIHPT-27a",36.7,20,25
"298","(25,30]",1.53953490302313,4.9099,523441.31,38547.15,29932.79,9.10000038146973,11.94,970489,48372,43947,"MIHPT-27a",36.7,25,30
"299","(30,35]",8.64899998903275,3.5423,371690.95,35180.94,29444.49,26,6.42,428480,36164,39064,"MIHPT-27a",36.7,30,35
"300",NA,0.100000001490116,3.87971428571429,361237.416666667,34409.5833333333,31332.5833333333,0.100000001490116,5.84,434584,34562,43947,"MIHPT-27a",36.7,NA,NA
"301","(-5e-09,5]",NA,31.8088311688312,513858.5,39794.68,31837.16,-Inf,1975.56,589618,42116,48830,"MIHPT-28",69.65,0,5
"302","(5,10]",NA,8.871,494717.22,39108.01,31300.03,-Inf,16.55,537126,39674,39064,"MIHPT-28",69.65,5,10
"303","(10,15]",NA,6.0757,513919.5,44052.75,33106.74,-Inf,9.49,656758,57680,43947,"MIHPT-28",69.65,10,15
"304","(15,20]",NA,5.9964,543278.22,47409.01,34669.3,-Inf,13.67,766625,56917,48830,"MIHPT-28",69.65,15,20
"305","(20,25]",NA,3.5266,478664.6,42694.66,31397.69,-Inf,4.58,488296,45701,39064,"MIHPT-28",69.65,20,25
"306","(25,30]",NA,3.6989,489175.09,41479.3,31251.2,-Inf,5.34,539567,44481,39064,"MIHPT-28",69.65,25,30
"307","(30,35]",10.4411111120549,4.6484,225336.5,2216.51,30567.58,80,52.63,361339,2365,48830,"MIHPT-28",69.65,30,35
"308","(35,40]",1.2364285673414,3.65285714285714,271483.892857143,2299.85714285714,32960.25,4.5,4.86,362560,2441,39064,"MIHPT-28",69.65,35,40
"309","(40,45]",NA,NA,NA,NA,NA,-Inf,-Inf,-Inf,-Inf,-Inf,"MIHPT-28",69.65,40,45
"310","(45,50]",28.9383838416049,6.32575757575758,966703.04040404,3100.38383838384,38274.8181818182,150,9.19,2274239,3281,68361,"MIHPT-28",69.65,45,50
"311","(50,55]",0.100000001490116,6.1817,2227289.68,3174.6,39112.77,0.100000001490116,10.85,15565660,3967,78127,"MIHPT-28",69.65,50,55
"312","(55,60]",0.100000001490116,10.5414705882353,6236762.55882353,3422.02941176471,43085.2647058823,0.100000001490116,16.15,12059694,3815,63478,"MIHPT-28",69.65,55,60
"313","(60,65]",NA,NA,NA,NA,NA,-Inf,-Inf,-Inf,-Inf,-Inf,"MIHPT-28",69.65,60,65
"314","(65,70]",150,16.799,1442182.8,3052,25391.6,150,18.44,2161931,3128,34181,"MIHPT-28",69.65,65,70
"315","(-5e-09,5]",NA,31.8088311688312,513858.5,39794.68,31837.16,-Inf,1975.56,589618,42116,48830,"MIHPT-28a",31.9,0,5
"316","(5,10]",NA,8.871,494717.22,39108.01,31300.03,-Inf,16.55,537126,39674,39064,"MIHPT-28a",31.9,5,10
"317","(10,15]",NA,6.0757,513919.5,44052.75,33106.74,-Inf,9.49,656758,57680,43947,"MIHPT-28a",31.9,10,15
"318","(15,20]",NA,5.9964,543278.22,47409.01,34669.3,-Inf,13.67,766625,56917,48830,"MIHPT-28a",31.9,15,20
"319","(20,25]",NA,3.5266,478664.6,42694.66,31397.69,-Inf,4.58,488296,45701,39064,"MIHPT-28a",31.9,20,25
"320","(25,30]",13.6473684310913,3.6989,489175.09,41479.3,31251.2,17,5.34,539567,44481,39064,"MIHPT-28a",31.9,25,30
"321",NA,12.1181818355214,3.50974358974359,506378.4375,40708.875,34181,22,4.43,544450,41505,43947,"MIHPT-28a",31.9,NA,NA
"322","(-5e-09,5]",NA,15.3577922077922,484817.03,43171.46,34718.13,-Inf,47.07,540788,43489,43947,"MIHPT-29",52.05,0,5
"323","(5,10]",NA,9.4222,589117.11,44444.86,36085.37,-Inf,17.62,833766,50203,48830,"MIHPT-29",52.05,5,10
"324","(10,15]",NA,5.373,486660.36,44911.78,36231.86,-Inf,12.2,695822,50584,43947,"MIHPT-29",52.05,10,15
"325","(15,20]",NA,4.5848,460756.3,44112.22,37354.95,-Inf,6.26,528581,46388,43947,"MIHPT-29",52.05,15,20
"326","(20,25]",16,4.1504,464882.32,44748.53,36329.52,16,6.22,552995,46236,43947,"MIHPT-29",52.05,20,25
"327","(25,30]",NA,4.08444444444444,451674,44480.5,41505.5,-Inf,4.64,456557,44633,48830,"MIHPT-29",52.05,25,30
"328","(30,35]",NA,NA,NA,NA,NA,-Inf,-Inf,-Inf,-Inf,-Inf,"MIHPT-29",52.05,30,35
"329","(35,40]",NA,NA,NA,NA,NA,-Inf,-Inf,-Inf,-Inf,-Inf,"MIHPT-29",52.05,35,40
"330","(40,45]",7.63499999880791,5.8983,734812.44,44464.73,58181.27,82,38.08,1085238,44785,72024,"MIHPT-29",52.05,40,45
"331","(45,50]",0.161000000983476,4.6782,1148167.34,44577.64,63247.4,5,8.68,2587970,44861,97660,"MIHPT-29",52.05,45,50
"332",NA,0.100000001490116,6.37666666666667,1983960,44716.7894736842,69197.5263157895,0.100000001490116,12.47,2703940,44861,100101,"MIHPT-29",52.05,NA,NA
"333","(-5e-09,5]",NA,15.3577922077922,484817.03,43171.46,34718.13,-Inf,47.07,540788,43489,43947,"MIHPT-29a",26.3,0,5
"334","(5,10]",NA,9.4222,589117.11,44444.86,36085.37,-Inf,17.62,833766,50203,48830,"MIHPT-29a",26.3,5,10
"335","(10,15]",NA,5.373,486660.36,44911.78,36231.86,-Inf,12.2,695822,50584,43947,"MIHPT-29a",26.3,10,15
"336","(15,20]",NA,4.5848,460756.3,44112.22,37354.95,-Inf,6.26,528581,46388,43947,"MIHPT-29a",26.3,15,20
"337","(20,25]",NA,4.1504,464882.32,44748.53,36329.52,-Inf,6.22,552995,46236,43947,"MIHPT-29a",26.3,20,25
"338",NA,NA,4.08444444444444,451674,44480.5,41505.5,-Inf,4.64,456557,44633,48830,"MIHPT-29a",26.3,NA,NA
"339","(-5e-09,5]",NA,12.0720779220779,344114.53,39261.32,29200.34,-Inf,40.21,379650,39674,39064,"MIHPT-30",18,0,5
"340","(5,10]",NA,9.9161,322055.65,40081.44,29932.79,-Inf,22.39,375988,40742,39064,"MIHPT-30",18,5,10
"341","(10,15]",NA,3.3801,329758.55,40912.35,30567.58,-Inf,5.49,338145,41734,43947,"MIHPT-30",18,10,15
"342","(15,20]",NA,3.66540983606557,347557.657894737,41874.6578947368,31868,-Inf,8.24,358898,42573,43947,"MIHPT-30",18,15,20
"343","(-5e-09,5]",NA,12.0720779220779,344114.53,39261.32,29200.34,-Inf,40.21,379650,39674,39064,"MIHPT-30B",42,0,5
"344","(5,10]",NA,9.9161,322055.65,40081.44,29932.79,-Inf,22.39,375988,40742,39064,"MIHPT-30B",42,5,10
"345","(10,15]",NA,3.3801,329758.55,40912.35,30567.58,-Inf,5.49,338145,41734,43947,"MIHPT-30B",42,10,15
"346","(15,20]",NA,3.66540983606557,347557.657894737,41874.6578947368,31868,-Inf,8.24,358898,42573,43947,"MIHPT-30B",42,15,20
"347","(20,25]",NA,NA,NA,NA,NA,-Inf,-Inf,-Inf,-Inf,-Inf,"MIHPT-30B",42,20,25
"348","(25,30]",NA,NA,NA,NA,NA,-Inf,-Inf,-Inf,-Inf,-Inf,"MIHPT-30B",42,25,30
"349","(30,35]",NA,NA,NA,NA,NA,-Inf,-Inf,-Inf,-Inf,-Inf,"MIHPT-30B",42,30,35
"350","(35,40]",NA,12.67,407492.653846154,41820.9230769231,26293.0769230769,-Inf,18.81,444350,42305,34181,"MIHPT-30B",42,35,40
"351",NA,NA,3.28439024390244,310881.777777778,41381.1111111111,27941.6111111111,-Inf,12.69,399182,41695,39064,"MIHPT-30B",42,NA,NA
"352","(-5e-09,5]",NA,12.0720779220779,344114.53,39261.32,29200.34,-Inf,40.21,379650,39674,39064,"MIHPT-30C",40.95,0,5
"353","(5,10]",NA,9.9161,322055.65,40081.44,29932.79,-Inf,22.39,375988,40742,39064,"MIHPT-30C",40.95,5,10
"354","(10,15]",NA,3.3801,329758.55,40912.35,30567.58,-Inf,5.49,338145,41734,43947,"MIHPT-30C",40.95,10,15
"355","(15,20]",NA,3.66540983606557,347557.657894737,41874.6578947368,31868,-Inf,8.24,358898,42573,43947,"MIHPT-30C",40.95,15,20
"356","(20,25]",NA,NA,NA,NA,NA,-Inf,-Inf,-Inf,-Inf,-Inf,"MIHPT-30C",40.95,20,25
"357","(25,30]",NA,NA,NA,NA,NA,-Inf,-Inf,-Inf,-Inf,-Inf,"MIHPT-30C",40.95,25,30
"358","(30,35]",NA,3.9691,447134.47,43378.27,23450.47,-Inf,27.48,660276,43641,31739,"MIHPT-30C",40.95,30,35
"359","(35,40]",NA,2.7814,418899.75,43346.625,21655.5520833333,-Inf,3.65,519891,43489,46388,"MIHPT-30C",40.95,35,40
"360",NA,NA,3.1915,NA,NA,NA,-Inf,5.5,-Inf,-Inf,-Inf,"MIHPT-30C",40.95,NA,NA
"361","(-5e-09,5]",NA,3.44350649350649,552910,9244.17,47999.89,-Inf,6.17,714133,9461,58596,"MIHPT-31",51.85,0,5
"362","(5,10]",NA,6.5675,475258.74,9178.68,48927.66,-Inf,16.4,697043,9384,58596,"MIHPT-31",51.85,5,10
"363","(10,15]",3.94957445530181,8.0133,447169.47,9182.49,47902.23,8.10000038146973,29.97,482192,9308,58596,"MIHPT-31",51.85,10,15
"364","(15,20]",0.202399998903274,4.1226,444837.84,9150.41,47560.42,4.69999980926514,5.7,480972,9308,58596,"MIHPT-31",51.85,15,20
"365","(20,25]",0.55140000231564,6.4643,504641.87,9287.58,46925.63,5.5,8.16,606708,9613,58596,"MIHPT-31",51.85,20,25
"366","(25,30]",0.100000001490116,6.0083,475356.29,9148.86,43556.36,0.100000001490116,7.38,524918,9308,53713,"MIHPT-31",51.85,25,30
"367","(30,35]",0.103400001451373,6.8111,513211.49,9169.54,42726.25,0.439999997615814,10.23,694601,9461,53713,"MIHPT-31",51.85,30,35
"368","(35,40]",0.100000001490116,7.0734,496169.97,9157.29,41505.5,0.100000001490116,7.65,515152,9308,48830,"MIHPT-31",51.85,35,40
"369","(40,45]",0.100000001490116,8.1255,483010.37,9105.25,39552.3,0.100000001490116,10.42,588397,9461,53713,"MIHPT-31",51.85,40,45
"370","(45,50]",0.100000001490116,9.8632,556877.33,9230.32,39601.13,0.100000001490116,13.5,849635,9690,53713,"MIHPT-31",51.85,45,50
"371",NA,0.100000001490116,10.2255263157895,752627.133333333,9547.13333333333,42970.4,0.100000001490116,11.53,853298,9690,48830,"MIHPT-31",51.85,NA,NA
"372","(-5e-09,5]",NA,15.0054545454545,331382.11,9171.64,108939.05,-Inf,28.41,516373,9461,1044954,"MIHPT-32",44.8,0,5
"373","(5,10]",64,18.7145,326682.27,9213.72,161674.95,78,115.12,338145,9461,820338,"MIHPT-32",44.8,5,10
"374","(10,15]",43.13,17.3692,320883.72,9187.06,74221.16,58,25.17,323496,9308,268563,"MIHPT-32",44.8,10,15
"375","(15,20]",32.2719999933243,14.654,4017505.4,11930.47,37696.71,54,33.78,11006195,16938,68361,"MIHPT-32",44.8,15,20
"376","(20,25]",1.72559999980032,14.0716,10013098.58,18150.89,39845.28,15,16.65,15532701,23652,58596,"MIHPT-32",44.8,20,25
"377","(25,30]",0.100000001490116,14.4895,12517569.44,24269.09,45167.67,0.100000001490116,33.4,15541245,28535,63478,"MIHPT-32",44.8,25,30
"378","(30,35]",0.316900000572205,15.0723,5502584.84,19733.28,32764.93,3.59999990463257,53.82,12464980,23499,58596,"MIHPT-32",44.8,30,35
"379","(35,40]",3.90529999934137,11.2095,6414429.15,19788.96,33399.72,15,15.87,15547350,24262,43947,"MIHPT-32",44.8,35,40
"380","(40,45]",0.100000001490116,10.9092783505155,4260284.97297297,18192.5810810811,34972.8378378378,0.100000001490116,14.34,10460525,21897,48830,"MIHPT-32",44.8,40,45
"381","(-5e-09,5]",NA,7.46571428571429,462685.05,11976.38,33302.06,-Inf,9.42,670186,12131,43947,"MIHPT-33",45.5,0,5
"382","(5,10]",17.6000000168295,17.8899,461256.77,11783.25,321884.93,28,30.02,466323,11979,2011780,"MIHPT-33",45.5,5,10
"383","(10,15]",3.36170001283288,14.5124,459096.04,11795.54,73537.62,14,21.52,462661,11979,366222,"MIHPT-33",45.5,10,15
"384","(15,20]",0.383800002485514,12.2412,478884.22,11896.19,36085.37,3.40000009536743,18.97,686056,12131,48830,"MIHPT-33",45.5,15,20
"385","(20,25]",0.100000001490116,12.2119,833375.04,11996.92,33057.91,0.100000001490116,20.24,1502732,12589,48830,"MIHPT-33",45.5,20,25
"386","(25,30]",0.100000001490116,11.8037,1509494.29,12356.98,34571.64,0.100000001490116,24.42,5584887,14115,43947,"MIHPT-33",45.5,25,30
"387","(30,35]",0.100000001490116,15.4139,4865138.65,14379.52,35792.39,0.100000001490116,37.49,14042176,18464,53713,"MIHPT-33",45.5,30,35
"388","(35,40]",0.100000001490116,10.9842,4607110.84,15252.36,35011.11,0.100000001490116,18.95,10050356,17319,43947,"MIHPT-33",45.5,35,40
"389","(40,45]",0.276987954256046,10.7021,6336003.22727273,15784.5909090909,40451.2159090909,2.5,11.76,15015106,20600,53713,"MIHPT-33",45.5,40,45
"390",NA,NA,10.8672727272727,NA,NA,NA,-Inf,11.01,-Inf,-Inf,-Inf,"MIHPT-33",45.5,NA,NA
"391","(-5e-09,5]",NA,2.49662337662338,416199.17,7214.58,32960.25,-Inf,3.37,610370,7401,48830,"MIHPT-34",56.25,0,5
"392","(5,10]",33.3211538379009,12.516,361485.54,7206.09,781029.8,75,24.55,435804,7477,4038209,"MIHPT-34",56.25,5,10
"393","(10,15]",41.0834000002593,12.2212,866664.46,7730.38,55958.84,99,18.43,2553789,8774,122074,"MIHPT-34",56.25,10,15
"394","(15,20]",0.620000004172325,11.052,1562095.99,8564.33,44239.98,9,15.36,2663656,9308,58596,"MIHPT-34",56.25,15,20
"395","(20,25]",0.100000001490116,13.67,870937.25,8391.81,46339.46,0.100000001490116,37.45,1524705,8774,78127,"MIHPT-34",56.25,20,25
"396","(25,30]",1.38799999944866,8.0691,926688.43,9094.56,167241.43,17,10.95,1735893,18006,444350,"MIHPT-34",56.25,25,30
"397","(30,35]",0.371100002080202,6.047,1834199.1,15936.8,348692.27,11,7.09,2683187,18769,986358,"MIHPT-34",56.25,30,35
"398","(35,40]",0.100900001451373,7.0227,1307327.48,14150.66,89455.92,0.189999997615814,11.42,2260811,17930,312510,"MIHPT-34",56.25,35,40
"399","(40,45]",0.100000001490116,9.417,1530039.41,16514.33,78029.81,0.100000001490116,24.89,3255715,26399,317392,"MIHPT-34",56.25,40,45
"400","(45,50]",0.100000001490116,7.7274,2081008.36,19605.89,36720.11,0.100000001490116,16.73,7607654,46617,83010,"MIHPT-34",56.25,45,50
"401","(50,55]",0.100000001490116,9.7887,3784649.15,26809,39161.63,0.100000001490116,19,8241218,46617,63478,"MIHPT-34",56.25,50,55
"402",NA,NA,9.05807692307692,3846146,28738,47202.3333333333,-Inf,12.91,4422742,30442,48830,"MIHPT-34",56.25,NA,NA
"403","(-5e-09,5]",NA,2.49662337662338,416199.17,7214.58,32960.25,-Inf,3.37,610370,7401,48830,"MIHPT-34a",56.25,0,5
"404","(5,10]",33.3211538379009,12.516,361485.54,7206.09,781029.8,75,24.55,435804,7477,4038209,"MIHPT-34a",56.25,5,10
"405","(10,15]",41.0834000002593,12.2212,866664.46,7730.38,55958.84,99,18.43,2553789,8774,122074,"MIHPT-34a",56.25,10,15
"406","(15,20]",0.620000004172325,11.052,1562095.99,8564.33,44239.98,9,15.36,2663656,9308,58596,"MIHPT-34a",56.25,15,20
"407","(20,25]",0.100000001490116,13.67,870937.25,8391.81,46339.46,0.100000001490116,37.45,1524705,8774,78127,"MIHPT-34a",56.25,20,25
"408","(25,30]",1.38799999944866,8.0691,926688.43,9094.56,167241.43,17,10.95,1735893,18006,444350,"MIHPT-34a",56.25,25,30
"409","(30,35]",0.371100002080202,6.047,1834199.1,15936.8,348692.27,11,7.09,2683187,18769,986358,"MIHPT-34a",56.25,30,35
"410","(35,40]",0.100900001451373,7.0227,1307327.48,14150.66,89455.92,0.189999997615814,11.42,2260811,17930,312510,"MIHPT-34a",56.25,35,40
"411","(40,45]",0.100000001490116,9.417,1530039.41,16514.33,78029.81,0.100000001490116,24.89,3255715,26399,317392,"MIHPT-34a",56.25,40,45
"412","(45,50]",0.100000001490116,7.7274,2081008.36,19605.89,36720.11,0.100000001490116,16.73,7607654,46617,83010,"MIHPT-34a",56.25,45,50
"413","(50,55]",0.100000001490116,9.7887,3784649.15,26809,39161.63,0.100000001490116,19,8241218,46617,63478,"MIHPT-34a",56.25,50,55
"414",NA,NA,9.05807692307692,3846146,28738,47202.3333333333,-Inf,12.91,4422742,30442,48830,"MIHPT-34a",56.25,NA,NA
"415","(-5e-09,5]",NA,3.83051948051948,553971.92,12620.94,40919.54,-Inf,5.36,623798,12818,48830,"MIHPT-36",53.65,0,5
"416","(5,10]",1.59333333075046,14.1013,463112.3,12596.59,44484.08,4,20.9,593280,12818,73244,"MIHPT-36",53.65,5,10
"417","(10,15]",7.58649998724461,13.8891,458949.54,12664.36,40089.43,19,21.26,524918,13047,53713,"MIHPT-36",53.65,10,15
"418","(15,20]",4.49060001783073,12.4122,823828.84,13074.87,41896.13,11,18.8,2076479,14267,63478,"MIHPT-36",53.65,15,20
"419","(20,25]",0.56519999563694,14.5326,4389916.69,16598.26,44874.76,5.69999980926514,18.77,12367321,23881,63478,"MIHPT-36",53.65,20,25
"420","(25,30]",2.81189998745918,13.7337,5646815.39,18849.06,42872.74,7.40000009536743,16.83,12832423,25407,58596,"MIHPT-36",53.65,25,30
"421","(30,35]",0.100000001490116,11.5419,6026600,19873.66,43898.17,0.100000001490116,15.14,13125401,25559,58596,"MIHPT-36",53.65,30,35
"422","(35,40]",0.100000001490116,12.9141,9021955.07,23877.67,50197.2,0.100000001490116,30.12,15657216,30442,68361,"MIHPT-36",53.65,35,40
"423","(40,45]",0.322000001445413,26.7625,7139414.63,23238.29,50392.44,10,52.2,15645009,33799,87893,"MIHPT-36",53.65,40,45
"424","(45,50]",4.76099999800324,11.8648,9086159.98,22486.06,48292.79,42,17.87,15553453,32273,73244,"MIHPT-36",53.65,45,50
"425","(50,55]",0.100000001490116,19.9698648648649,8808527.45098039,19572.2352941176,40117.1960784314,0.100000001490116,72.01,15555895,25254,58596,"MIHPT-36",53.65,50,55
"426","(-5e-09,5]",NA,2.12207792207792,327903.08,16442.58,121585.7,-Inf,3.1,385754,16709,136723,"MIHPT-37",45.05,0,5
"427","(5,10]",36.3571428571429,18.4499,265718.66,16939.35,118118.77,55,37.31,301523,17548,131840,"MIHPT-37",45.05,5,10
"428","(10,15]",50.5270000004023,15.4309,250972.14,17458.19,114700.67,95,40.92,257576,18311,156255,"MIHPT-37",45.05,10,15
"429","(15,20]",2.02410001009703,17.0261,247834.9,18976.4,162407.24,14,28.5,256356,19532,375988,"MIHPT-37",45.05,15,20
"430","(20,25]",2.70340000644326,15.7352,248310.76,19519.74,242390.22,27,35.9,251473,19837,498062,"MIHPT-37",45.05,20,25
"431","(25,30]",8.19320000633597,9.8926,247529.62,19392.33,407824.95,31,12.43,251473,19684,1088900,"MIHPT-37",45.05,25,30
"432","(30,35]",14.0666999997199,8.6547,246748.39,19509.83,260115.38,32,11.92,251473,19684,507828,"MIHPT-37",45.05,30,35
"433","(35,40]",9.79970000252128,12.7744,249885.72,19431.23,235114.6,35,47.43,252693,19684,571306,"MIHPT-37",45.05,35,40
"434","(40,45]",2.15716217045446,13.255,250808.215189873,19363.8481012658,215406.594936709,16,33.91,255135,19532,424818,"MIHPT-37",45.05,40,45
"435",NA,NA,8.895,NA,NA,NA,-Inf,9.11,-Inf,-Inf,-Inf,"MIHPT-37",45.05,NA,NA
"436","(-5e-09,5]",NA,1.37480519480519,388891.29,8311.66,27637.78,-Inf,3.51,439467,8545,48830,"MIHPT-38",54.25,0,5
"437","(5,10]",NA,2.9808,314841.16,8433.8,27491.29,-Inf,8.62,389416,9003,39064,"MIHPT-38",54.25,5,10
"438","(10,15]",0.100000001490116,2.6349,309506.54,8620.72,27881.93,0.100000001490116,6.65,314951,9079,39064,"MIHPT-38",54.25,10,15
"439","(15,20]",0.100000001490116,5.8194,316855.4,8790.84,29688.64,0.100000001490116,10.39,399182,9690,43947,"MIHPT-38",54.25,15,20
"440","(20,25]",0.100000001490116,9.8067,528849.21,8915.96,27979.59,0.100000001490116,11.87,875271,9461,39064,"MIHPT-38",54.25,20,25
"441","(25,30]",0.100000001490116,11.3573,2000231.93,12062.43,30128.11,0.100000001490116,16.88,8569597,25101,43947,"MIHPT-38",54.25,25,30
"442","(30,35]",0.539999998956919,9.3455,2200677.51,12588.9,30079.28,8,13.2,6869106,21897,43947,"MIHPT-38",54.25,30,35
"443","(35,40]",0.100000001490116,8.2316,1071944.32,10497.66,29346.83,0.100000001490116,12.37,1558886,11444,43947,"MIHPT-38",54.25,35,40
"444","(40,45]",0.100000001490116,7.5375,743015.81,9914.72,29883.96,0.100000001490116,9.69,1379437,11368,43947,"MIHPT-38",54.25,40,45
"445","(45,50]",0.100000001490116,7.7151,584966.59,9630.14,29493.32,0.100000001490116,11.99,676290,10071,39064,"MIHPT-38",54.25,45,50
"446","(50,55]",0.187931035099358,7.22441860465116,597775.317460318,9659.34920634921,30305.6031746032,2.79999995231628,11.4,645772,10071,39064,"MIHPT-38",54.25,50,55
"447","(5,10]",12.7848484755758,15.142380952381,471589.11627907,8861.91860465116,570341.348837209,45,22,483413,9156,3505966,"MIHPT-39",69.35,5,10
"448","(10,15]",28.27589999965,10.2218,474440.9,9004.5,287850.75,81,14.94,478530,9308,2026429,"MIHPT-39",69.35,10,15
"449","(15,20]",15.93700000264,10.5846,982549.52,9629.44,44239.98,28,13.65,1615040,10071,53713,"MIHPT-39",69.35,15,20
"450","(20,25]",5.0367999918,11.2021,1636524.55,10693.72,48976.32,18,16.96,4593646,12665,78127,"MIHPT-39",69.35,20,25
"451","(25,30]",9.81200001714,12.7764,5075240.34,13614.35,67726.38,16,18.13,7561266,15107,83010,"MIHPT-39",69.35,25,30
"452","(30,35]",18.81000000344,13.0499,3088473.12,13267.13,51369.02,49,30.54,6261178,14954,73244,"MIHPT-39",69.35,30,35
"453","(35,40]",12.33100000242,11.1685,5778814.06,15057.85,51124.97,35,12.85,15592517,22431,63478,"MIHPT-39",69.35,35,40
"454","(40,45]",76.94,9.7447,3963219.16,14829.71,49025.3,150,11.65,15593738,24262,63478,"MIHPT-39",69.35,40,45
"455","(45,50]",88.66,12.0952,2338425.86,13782.98,48683.51,97,13.81,3155614,14267,58596,"MIHPT-39",69.35,45,50
"456","(50,55]",85.25,12.2843,2145988.34,13882.14,47853.4,93,13.24,3331400,14496,58596,"MIHPT-39",69.35,50,55
"457","(55,60]",89.16,12.2308,2455433.82,14313.16,48244.04,120,12.98,3216651,14649,58596,"MIHPT-39",69.35,55,60
"458","(60,65]",81.14,13.1316,1159105.25,13798.22,48390.53,130,15.34,2347484,14420,58596,"MIHPT-39",69.35,60,65
"459","(65,70]",72.9,14.2298863636364,566104.276923077,13319.1846153846,52285.6615384615,110,17.59,583514,13504,58596,"MIHPT-39",69.35,65,70
"460","(-5e-09,5]",NA,1.60714285714286,599175.99,11340.7,56642.39,-Inf,3.11,656758,11750,102542,"MIHPT-40",39,0,5
"461","(5,10]",NA,19.715,499502.57,11513.08,53077.87,-Inf,48.1,596942,11826,112308,"MIHPT-40",39,5,10
"462","(10,15]",9.80874999403022,26.9585,466115.38,11978.59,34571.64,25,36.63,476089,12436,53713,"MIHPT-40",39,10,15
"463","(15,20]",0.482400001212954,16.3551,466322.8,12456.14,82815.17,2.79999995231628,44.81,485855,13962,302744,"MIHPT-40",39,15,20
"464","(20,25]",6.0253999954462,9.2896,441969.02,12128.81,46827.79,20,11.5,474868,12513,136723,"MIHPT-40",39,20,25
"465","(25,30]",0.981699995696545,10.8018,418775,13135.96,55177.63,11,13.37,426038,15259,161138,"MIHPT-40",39,25,30
"466","(30,35]",0.100000001490116,12.7994,427185.89,13144.31,68947.54,0.100000001490116,15.85,451674,14725,219733,"MIHPT-40",39,30,35
"467","(35,40]",0.100000001490116,11.9943209876543,435299.25862069,15860.4137931034,79137.6379310345,0.100000001490116,15.51,451674,21973,229499,"MIHPT-40",39,35,40
"468","(-5e-09,5]",NA,2.30597402597403,555900.79,12597.19,43312.21,-Inf,6.9,640889,13047,53713,"MIHPT-41",62.3,0,5
"469","(5,10]",NA,3.3469,576543.45,14053.78,48683.5,-Inf,5.67,606708,19761,63478,"MIHPT-41",62.3,5,10
"470","(10,15]",2.90399998903275,3.7413,601690.7,15933.68,52736.33,7.40000009536743,7.01,628681,27161,73244,"MIHPT-41",62.3,10,15
"471","(15,20]",0.154400000795722,3.5383,663850.79,17876.26,54591.86,2,5.68,703146,23652,68361,"MIHPT-41",62.3,15,20
"472","(20,25]",1.43600000143051,3.7428,785644.17,16448.73,58009.81,44,5.07,1013214,17853,78127,"MIHPT-41",62.3,20,25
"473","(25,30]",0.174000001475215,4.5684,1061336.08,17938.79,53420.01,7.5,6.59,1319620,20524,63478,"MIHPT-41",62.3,25,30
"474","(30,35]",0.15000000141561,4.5755,1016437.27,17330.72,50587.86,2.29999995231628,5.87,1134068,18235,63478,"MIHPT-41",62.3,30,35
"475","(35,40]",0.243500000983476,5.3778,1353495.95,20055.2,59718.68,3.29999995231628,6.84,2113102,24567,78127,"MIHPT-41",62.3,35,40
"476","(40,45]",0.100000001490116,8.0873,1631373.05,22824.81,84426.07,0.100000001490116,10.61,2471999,25483,102542,"MIHPT-41",62.3,40,45
"477","(45,50]",0.573999999016523,9.1054,1168724.67,22783.59,104788.18,3.5,10.56,1348918,23881,122074,"MIHPT-41",62.3,45,50
"478","(50,55]",0.178500002399087,9.5581,1165733.8,23814.43,115872.59,2.70000004768372,10.9,1262246,24339,126957,"MIHPT-41",62.3,50,55
"479","(55,60]",0.113400001525879,9.4127,1218384.37,24596.41,124759.65,0.850000023841858,14.08,1630909,27161,136723,"MIHPT-41",62.3,55,60
"480",NA,0.100000001490116,11.1742553191489,1324401.54166667,26204.625,134281.5,0.100000001490116,14.61,1707816,30290,156255,"MIHPT-41",62.3,NA,NA
"481","(-5e-09,5]",NA,2.92519480519481,833521.5,11993.04,35108.77,-Inf,4.99,864284,12207,48830,"MIHPT-42",46.75,0,5
"482","(5,10]",NA,2.9656,894314.4,12530.1,48341.68,-Inf,6.06,963164,13047,63478,"MIHPT-42",46.75,5,10
"483","(10,15]",NA,3.017,1006793.34,13210.75,65382.6,-Inf,5.09,1048616,13504,78127,"MIHPT-42",46.75,10,15
"484","(15,20]",0.100000001490116,3.4585,1062385.99,13596.69,72609.21,0.100000001490116,5.84,1107212,14039,87893,"MIHPT-42",46.75,15,20
"485","(20,25]",0.100000001490116,4.6746,1026386.34,13824.23,71437.29,0.100000001490116,6.79,1082797,14039,83010,"MIHPT-42",46.75,20,25
"486","(25,30]",0.100000001490116,4.5483,995135.36,14020.29,69288.77,0.100000001490116,6.43,1011994,14344,78127,"MIHPT-42",46.75,25,30
"487","(30,35]",0.100000001490116,5.0334,949223.27,14493.22,75929.65,0.100000001490116,6.97,1021760,15107,112308,"MIHPT-42",46.75,30,35
"488","(35,40]",0.100000001490116,9.2864,1024738.33,15158.53,87355.87,0.100000001490116,12.4,1837214,15870,97659,"MIHPT-42",46.75,35,40
"489","(40,45]",1.90540000222623,9.461,1289883.15,15366.11,87648.85,22,13.27,2966399,16327,102542,"MIHPT-42",46.75,40,45
"490",NA,14.2374999523163,7.75,1091341.84615385,15400.1538461538,87141.7692307692,22,11.05,1287881,15564,126957,"MIHPT-42",46.75,NA,NA
"491","(-5e-09,5]",NA,3.6287012987013,725180.83,16911.7,52345.72,-Inf,5.15,809351,17090,63478,"MIHPT-43",36.2,0,5
"492","(5,10]",NA,4.0558,756346.27,16994.87,51662.13,-Inf,7.51,784936,18540,63478,"MIHPT-43",36.2,5,10
"493","(10,15]",0.100000001490116,4.3015,785851.59,17178.09,51515.64,0.100000001490116,6.68,811792,18082,63478,"MIHPT-43",36.2,10,15
"494","(15,20]",0.704000003784895,4.5942,815137.21,17812.14,51466.81,13,6.08,848415,19074,63478,"MIHPT-43",36.2,15,20
"495","(20,25]",0.100000001490116,6.3084,839136.9,19044.3,54298.86,0.100000001490116,8.62,882595,28764,68361,"MIHPT-43",36.2,20,25
"496","(25,30]",0.100000001490116,7.4951,931156.31,19067.19,55763.77,0.100000001490116,9.76,981475,19913,63478,"MIHPT-43",36.2,25,30
"497","(30,35]",0.100000001490116,6.6647,944096.16,20014.84,65773.51,0.100000001490116,9.29,1018098,21821,92776,"MIHPT-43",36.2,30,35
"498",NA,NA,5.9216,917386.5,21592,85451.5,-Inf,6.49,917997,21592,87893,"MIHPT-43",36.2,NA,NA
"499","(-5e-09,5]",NA,11.2031168831169,627631.49,14880.84,46632.65,-Inf,16.74,888699,15030,58596,"MIHPT-44",51.95,0,5
"500","(5,10]",NA,5.7447,610260.31,14969.23,46486.14,-Inf,10.99,639668,16251,68361,"MIHPT-44",51.95,5,10
"501","(10,15]",NA,6.4145,602630.64,14860.05,44288.81,-Inf,8.51,618915,15107,53713,"MIHPT-44",51.95,10,15
"502","(15,20]",3.25680851801596,5.4094,626483.98,14872.29,43751.68,9.89999961853027,6.7,678732,15259,53713,"MIHPT-44",51.95,15,20
"503","(20,25]",5.35800002232194,5.8568,657100.13,15215.77,48781.12,15,6.96,822779,17319,68361,"MIHPT-44",51.95,20,25
"504","(25,30]",0.110300001576543,5.7877,639374.93,15135.62,49171.74,0.569999992847443,9.08,891140,17701,68361,"MIHPT-44",51.95,25,30
"505","(30,35]",0.108600001260638,5.5382,597869.81,15128.72,49122.95,0.959999978542328,7.46,698264,16785,63478,"MIHPT-44",51.95,30,35
"506","(35,40]",0.100000001490116,6.4382,1044282.37,15924.55,52052.68,0.100000001490116,7.88,1660207,17777,73244,"MIHPT-44",51.95,35,40
"507","(40,45]",0.30270000167191,6.8325,882644.12,15142.53,47609.25,7.90000009536743,8.47,1787164,15946,58596,"MIHPT-44",51.95,40,45
"508","(45,50]",0.100000001490116,8.0765,983111.1,15240.97,49025.32,0.100000001490116,9.42,1467330,16022,58596,"MIHPT-44",51.95,45,50
"509",NA,0.100000001490116,8.667,734526.647058823,14913.5882352941,49117.2352941177,0.100000001490116,9.21,830103,15030,53713,"MIHPT-44",51.95,NA,NA
"510","(-5e-09,5]",NA,2.58480519480519,183684.8,40044.84,79494.24,-Inf,4.16,241707,40590,87893,"MIHPT-45",52.95,0,5
"511","(5,10]",NA,10.8741,152848.9,41309.06,93166.64,-Inf,24.32,217292,51347,151372,"MIHPT-45",52.95,5,10
"512","(10,15]",1.84089551632529,11.6655,371129.51,46350.74,90334.5,12,20.71,1042512,56078,122074,"MIHPT-45",52.95,10,15
"513","(15,20]",0.100000001490116,18.949,4040882.61,53952.92,85402.67,0.100000001490116,31.3,10947599,73626,102542,"MIHPT-45",52.95,15,20
"514","(20,25]",0.439600003734231,16.1499,6244306.77,60830.97,91018.12,6,32.42,13722342,80874,107425,"MIHPT-45",52.95,20,25
"515","(25,30]",0.56520000398159,16.2242,6607098.57,63279.35,96047.61,6.09999990463257,29.62,11360210,78661,107425,"MIHPT-45",52.95,25,30
"516","(30,35]",0.21090000256896,15.5296,3621216.42,51770.09,91164.61,5.80000019073486,30.38,5868099,58977,97659,"MIHPT-45",52.95,30,35
"517","(35,40]",2.80640000909567,11.0676,4483291.1,55405.56,94875.69,15,22.73,6699424,63173,107425,"MIHPT-45",52.95,35,40
"518","(40,45]",0.124000001475215,14.5583,2109671.36,47131.28,93899.09,2.5,20.5,3256935,52339,107425,"MIHPT-45",52.95,40,45
"519","(45,50]",0.713899987265468,12.2696,1495211.64,46829.88,97317.19,15,21.02,2367016,52568,112308,"MIHPT-45",52.95,45,50
"520","(50,55]",4.22500000358559,10.4833333333333,2033852.45945946,51642.2972972973,101618.189189189,21,19.06,2728355,55620,112308,"MIHPT-45",52.95,50,55
"521","(-5e-09,5]",NA,NA,NA,NA,NA,-Inf,-Inf,-Inf,-Inf,-Inf,"MIHPT-46",57.7,0,5
"522","(5,10]",NA,NA,NA,NA,NA,-Inf,-Inf,-Inf,-Inf,-Inf,"MIHPT-46",57.7,5,10
"523","(10,15]",NA,NA,NA,NA,NA,-Inf,-Inf,-Inf,-Inf,-Inf,"MIHPT-46",57.7,10,15
"524","(15,20]",NA,NA,NA,NA,NA,-Inf,-Inf,-Inf,-Inf,-Inf,"MIHPT-46",57.7,15,20
"525","(20,25]",NA,NA,NA,NA,NA,-Inf,-Inf,-Inf,-Inf,-Inf,"MIHPT-46",57.7,20,25
"526","(25,30]",0.100000001490116,47.5407070707071,165268.505050505,19810.8282828283,558285.272727273,0.100000001490116,73.17,209967,23957,2309641,"MIHPT-46",57.7,25,30
"527","(30,35]",3.34100000560284,33.2388,192437.58,19082.52,682100.91,16,60.75,332041,21668,2211982,"MIHPT-46",57.7,30,35
"528","(35,40]",3.45630001202226,17.3621,251924.23,25620.28,1441206.1,21,34.66,441908,34486,7319559,"MIHPT-46",57.7,35,40
"529","(40,45]",0.444900000318885,24.1451,150175.55,19833.19,140775.78,9.10000038146973,41.71,172124,21821,239265,"MIHPT-46",57.7,40,45
"530","(45,50]",6.59349999308586,19.7638,198052.94,37164.69,5766045.04,19,42.5,371105,52721,20054324,"MIHPT-46",57.7,45,50
"531","(50,55]",5.30930000402033,10.6329,201153.62,37017.45,1039143.02,33,15.55,274667,44328,2163152,"MIHPT-46",57.7,50,55
"532","(55,60]",0.100000001490116,10.3281818181818,186218.509090909,30392.2363636364,442751.490909091,0.100000001490116,17.94,195318,31587,527360,"MIHPT-46",57.7,55,60
"533","(-5e-09,5]",NA,NA,NA,NA,NA,-Inf,-Inf,-Inf,-Inf,-Inf,"MIHPT-47",49.15,0,5
"534","(5,10]",NA,NA,NA,NA,NA,-Inf,-Inf,-Inf,-Inf,-Inf,"MIHPT-47",49.15,5,10
"535","(10,15]",NA,NA,NA,NA,NA,-Inf,-Inf,-Inf,-Inf,-Inf,"MIHPT-47",49.15,10,15
"536","(15,20]",NA,NA,NA,NA,NA,-Inf,-Inf,-Inf,-Inf,-Inf,"MIHPT-47",49.15,15,20
"537","(20,25]",NA,NA,NA,NA,NA,-Inf,-Inf,-Inf,-Inf,-Inf,"MIHPT-47",49.15,20,25
"538","(25,30]",NA,55.3737373737374,229449.898989899,36424.9393939394,961548.828282828,-Inf,77.1,377209,43641,2822352,"MIHPT-47",49.15,25,30
"539","(30,35]",8.09380000337958,34.002,177593.34,30462,252351.47,22,58.04,246590,33799,405286,"MIHPT-47",49.15,30,35
"540","(35,40]",0.705999990031123,32.6187,154753.25,27243.2,147465.29,9.19999980926514,42.03,275887,35707,1543016,"MIHPT-47",49.15,35,40
"541","(40,45]",13.4085000045598,18.3746,163371.69,57350.38,3638978.23,55,40.43,289315,81179,14175238,"MIHPT-47",49.15,40,45
"542","(45,50]",23.9267857130617,21.8346428571429,331881.245901639,53655.0327868852,10050095.442623,150,38.1,784936,75762,21714530,"MIHPT-47",49.15,45,50
"543","(-5e-09,5]",NA,NA,NA,NA,NA,-Inf,-Inf,-Inf,-Inf,-Inf,"MIHPT-47a",43.35,0,5
"544","(5,10]",NA,NA,NA,NA,NA,-Inf,-Inf,-Inf,-Inf,-Inf,"MIHPT-47a",43.35,5,10
"545","(10,15]",NA,NA,NA,NA,NA,-Inf,-Inf,-Inf,-Inf,-Inf,"MIHPT-47a",43.35,10,15
"546","(15,20]",NA,NA,NA,NA,NA,-Inf,-Inf,-Inf,-Inf,-Inf,"MIHPT-47a",43.35,15,20
"547","(20,25]",NA,NA,NA,NA,NA,-Inf,-Inf,-Inf,-Inf,-Inf,"MIHPT-47a",43.35,20,25
"548","(25,30]",NA,55.3737373737374,229449.898989899,36424.9393939394,961548.828282828,-Inf,77.1,377209,43641,2822352,"MIHPT-47a",43.35,25,30
"549","(30,35]",8.09380000337958,34.002,177593.34,30462,252351.47,22,58.04,246590,33799,405286,"MIHPT-47a",43.35,30,35
"550","(35,40]",0.705999990031123,32.6187,154753.25,27243.2,147465.29,9.19999980926514,42.03,275887,35707,1543016,"MIHPT-47a",43.35,35,40
"551","(40,45]",5.90900000780821,19.0877941176471,192714.222222222,64995.9333333333,6224907.73333333,49,40.43,289315,81179,14175238,"MIHPT-47a",43.35,40,45
"552","(-5e-09,5]",NA,NA,NA,NA,NA,-Inf,-Inf,-Inf,-Inf,-Inf,"MIHPT-47B",55.6,0,5
"553","(5,10]",NA,NA,NA,NA,NA,-Inf,-Inf,-Inf,-Inf,-Inf,"MIHPT-47B",55.6,5,10
"554","(10,15]",NA,NA,NA,NA,NA,-Inf,-Inf,-Inf,-Inf,-Inf,"MIHPT-47B",55.6,10,15
"555","(15,20]",NA,NA,NA,NA,NA,-Inf,-Inf,-Inf,-Inf,-Inf,"MIHPT-47B",55.6,15,20
"556","(20,25]",NA,NA,NA,NA,NA,-Inf,-Inf,-Inf,-Inf,-Inf,"MIHPT-47B",55.6,20,25
"557","(25,30]",NA,NA,NA,NA,NA,-Inf,-Inf,-Inf,-Inf,-Inf,"MIHPT-47B",55.6,25,30
"558","(30,35]",NA,NA,NA,NA,NA,-Inf,-Inf,-Inf,-Inf,-Inf,"MIHPT-47B",55.6,30,35
"559","(35,40]",NA,NA,NA,NA,NA,-Inf,-Inf,-Inf,-Inf,-Inf,"MIHPT-47B",55.6,35,40
"560","(40,45]",1.11010101723551,41.4063636363636,108991.161616162,14965.6161616162,118078.838383838,14,61.63,179449,15641,395520,"MIHPT-47B",55.6,40,45
"561","(45,50]",0.265300001427531,26.5346,132328.28,30045.46,6539408.52,4.5,49.98,238044,61190,28975494,"MIHPT-47B",55.6,45,50
"562","(50,55]",4.56129411607981,16.9032,139286.466666667,60563.1222222222,2473925.35555556,13,35.39,229499,70116,6548052,"MIHPT-47B",55.6,50,55
"563",NA,NA,10.9461538461538,NA,NA,NA,-Inf,16.54,-Inf,-Inf,-Inf,"MIHPT-47B",55.6,NA,NA
